/*
Navicat MySQL Data Transfer

Source Server         : localhost
Source Server Version : 50540
Source Host           : localhost:3306
Source Database       : hipcms

Target Server Type    : MYSQL
Target Server Version : 50540
File Encoding         : 65001

Date: 2017-11-23 17:26:33
*/

SET FOREIGN_KEY_CHECKS=0;

-- ----------------------------
-- Table structure for `y_ad`
-- ----------------------------
DROP TABLE IF EXISTS `y_ad`;
CREATE TABLE `y_ad` (
  `id` int(10) unsigned NOT NULL AUTO_INCREMENT COMMENT 'id',
  `position_id` int(10) unsigned NOT NULL COMMENT '广告位ID',
  `title` varchar(80) NOT NULL COMMENT '广告名称',
  `title_alias` varchar(40) NOT NULL DEFAULT '' COMMENT '标识',
  `link_url` varchar(100) NOT NULL DEFAULT '' COMMENT '链接地址',
  `image_url` varchar(100) NOT NULL DEFAULT '' COMMENT '图片地址',
  `width` smallint(5) unsigned NOT NULL DEFAULT '0' COMMENT '图片宽',
  `height` smallint(5) unsigned NOT NULL DEFAULT '0' COMMENT '图片高',
  `introduce` text NOT NULL COMMENT '广告描述',
  `attach_file` varchar(100) NOT NULL DEFAULT '' COMMENT '附件路径',
  `sort_order` int(10) unsigned NOT NULL DEFAULT '0' COMMENT '排序',
  `status` enum('Y','N') NOT NULL DEFAULT 'Y' COMMENT '显示状态',
  `create_time` int(10) unsigned NOT NULL DEFAULT '0' COMMENT '创建时间',
  `update_time` int(10) unsigned NOT NULL DEFAULT '0' COMMENT '更新时间',
  PRIMARY KEY (`id`)
) ENGINE=InnoDB AUTO_INCREMENT=5 DEFAULT CHARSET=utf8 COMMENT='广告表';

-- ----------------------------
-- Records of y_ad
-- ----------------------------
INSERT INTO `y_ad` VALUES ('2', '4', '香港云服务器(尊云)', 'index_top_banner', 'http://www.zun.com/zthk.html', '', '1170', '100', 'asdf', '/upload/ad/201509/e2c87779863.jpg', '1', 'N', '1407138989', '1443165387');
INSERT INTO `y_ad` VALUES ('3', '5', 'Tera(神域之战)', 'index_bottom_banner', 'http://tera.kunlun.com/index.html', '', '1170', '220', '', 'uploads/images/201408/5b470116af1.png', '2', 'N', '1407140035', '0');
INSERT INTO `y_ad` VALUES ('4', '3', '阿里云0元拥抱云计算', 'index_mid_banner', 'http://free.aliyun.com/?tracelog=buy', '', '1170', '40', '', 'uploads/images/201408/369f04c0386.jpg', '0', 'N', '1407137817', '0');

-- ----------------------------
-- Table structure for `y_admin_menu`
-- ----------------------------
DROP TABLE IF EXISTS `y_admin_menu`;
CREATE TABLE `y_admin_menu` (
  `id` smallint(6) unsigned NOT NULL AUTO_INCREMENT,
  `title` char(40) NOT NULL DEFAULT '' COMMENT '菜单名称',
  `parentid` smallint(6) NOT NULL DEFAULT '0' COMMENT '父ID',
  `module` char(20) NOT NULL DEFAULT '' COMMENT '模块',
  `action` char(20) NOT NULL DEFAULT '' COMMENT '方法',
  `data` char(100) NOT NULL DEFAULT '' COMMENT '参数',
  `listorder` smallint(6) unsigned NOT NULL DEFAULT '0' COMMENT '排序',
  `display` enum('1','0') NOT NULL DEFAULT '1' COMMENT '是否显示',
  `safe` tinyint(1) NOT NULL DEFAULT '0' COMMENT '安全菜单',
  `settings` text COMMENT '扩展字段',
  PRIMARY KEY (`id`),
  KEY `listorder` (`listorder`),
  KEY `parentid` (`parentid`) USING BTREE
) ENGINE=MyISAM AUTO_INCREMENT=82 DEFAULT CHARSET=utf8 COMMENT='菜单表';

-- ----------------------------
-- Records of y_admin_menu
-- ----------------------------
INSERT INTO `y_admin_menu` VALUES ('64', '首页', '0', 'default', '', '', '0', '1', '0', null);
INSERT INTO `y_admin_menu` VALUES ('65', '用户', '0', 'user', '', '', '0', '1', '0', null);
INSERT INTO `y_admin_menu` VALUES ('66', '用户列表', '65', 'user', 'index', '', '0', '1', '0', null);
INSERT INTO `y_admin_menu` VALUES ('67', '管理员列表', '65', 'user', 'admin', '', '0', '1', '0', null);
INSERT INTO `y_admin_menu` VALUES ('68', '内容', '0', '', '', '', '0', '1', '0', null);
INSERT INTO `y_admin_menu` VALUES ('69', '文章管理', '68', 'post', 'index', '', '0', '1', '0', null);
INSERT INTO `y_admin_menu` VALUES ('70', '视频管理', '68', 'video', 'index', '', '0', '1', '0', null);
INSERT INTO `y_admin_menu` VALUES ('71', '第三方授权', '0', '', '', '', '0', '1', '0', null);
INSERT INTO `y_admin_menu` VALUES ('72', '第三方登录管理', '71', 'oauth', 'index', '', '0', '1', '0', null);
INSERT INTO `y_admin_menu` VALUES ('73', '数据统计', '64', 'default', 'home', '', '0', '1', '0', null);
INSERT INTO `y_admin_menu` VALUES ('74', '设置', '0', 'admin', '', '', '0', '1', '0', null);
INSERT INTO `y_admin_menu` VALUES ('75', '菜单设置', '74', 'setting', 'index', '', '0', '1', '0', null);
INSERT INTO `y_admin_menu` VALUES ('76', '日志', '0', 'comment', '', '', '0', '1', '0', null);
INSERT INTO `y_admin_menu` VALUES ('77', '评论管理', '76', 'comment', 'index', '', '0', '1', '0', null);
INSERT INTO `y_admin_menu` VALUES ('78', '采集', '0', 'spider', '', '', '0', '1', '0', null);
INSERT INTO `y_admin_menu` VALUES ('79', '文章采集', '78', 'spider', 'post', '', '0', '1', '0', null);
INSERT INTO `y_admin_menu` VALUES ('80', '视频采集', '78', 'spider', 'video', '', '0', '1', '0', null);
INSERT INTO `y_admin_menu` VALUES ('81', '采集设置', '78', 'spider', 'index', '', '0', '1', '0', null);

-- ----------------------------
-- Table structure for `y_ad_position`
-- ----------------------------
DROP TABLE IF EXISTS `y_ad_position`;
CREATE TABLE `y_ad_position` (
  `id` int(10) unsigned NOT NULL AUTO_INCREMENT,
  `title` varchar(100) NOT NULL DEFAULT '' COMMENT '广告位名称',
  `status` enum('Y','N') NOT NULL DEFAULT 'Y' COMMENT 'N-隐藏 Y-显示',
  PRIMARY KEY (`id`)
) ENGINE=InnoDB AUTO_INCREMENT=6 DEFAULT CHARSET=utf8 COMMENT='广告位管理表 ';

-- ----------------------------
-- Records of y_ad_position
-- ----------------------------
INSERT INTO `y_ad_position` VALUES ('1', '首页banner幻灯片', 'Y');
INSERT INTO `y_ad_position` VALUES ('2', '底部幻灯片', 'Y');
INSERT INTO `y_ad_position` VALUES ('3', '首页中部banner', 'Y');
INSERT INTO `y_ad_position` VALUES ('4', '首页头部banner', 'Y');
INSERT INTO `y_ad_position` VALUES ('5', '首页底部banner', 'N');

-- ----------------------------
-- Table structure for `y_album`
-- ----------------------------
DROP TABLE IF EXISTS `y_album`;
CREATE TABLE `y_album` (
  `id` int(10) unsigned NOT NULL AUTO_INCREMENT,
  `user_id` int(10) unsigned NOT NULL DEFAULT '1' COMMENT '作者',
  `title` varchar(255) NOT NULL COMMENT '标题',
  `title_second` varchar(255) NOT NULL DEFAULT '' COMMENT '副标题',
  `title_style` varchar(255) NOT NULL DEFAULT '' COMMENT '标题样式',
  `catalog_id` smallint(5) unsigned NOT NULL DEFAULT '0' COMMENT '分类',
  `special_id` smallint(5) unsigned NOT NULL DEFAULT '0' COMMENT '专题编号',
  `copy_from` varchar(100) NOT NULL DEFAULT '' COMMENT '来源',
  `copy_url` varchar(255) NOT NULL DEFAULT '' COMMENT '来源url',
  `redirect_url` varchar(255) NOT NULL DEFAULT '' COMMENT '跳转URL',
  `tags` varchar(255) NOT NULL DEFAULT '' COMMENT 'tags',
  `view_count` int(10) unsigned NOT NULL DEFAULT '1' COMMENT '查看次数',
  `commend` enum('Y','N') NOT NULL DEFAULT 'N' COMMENT '推荐',
  `attach_file` varchar(255) NOT NULL DEFAULT '' COMMENT '封面图片',
  `attach_thumb` varchar(255) NOT NULL DEFAULT '' COMMENT '封面缩略图',
  `favorite_count` int(10) unsigned NOT NULL DEFAULT '0' COMMENT '收藏数量',
  `top_line` enum('Y','N') NOT NULL DEFAULT 'N' COMMENT '头条',
  `reply_count` int(10) unsigned NOT NULL DEFAULT '0' COMMENT '评论次数',
  `reply_allow` enum('Y','N') NOT NULL DEFAULT 'Y' COMMENT '允许评论',
  `sort_order` int(10) unsigned NOT NULL DEFAULT '0' COMMENT '排序',
  `status` enum('Y','N') NOT NULL DEFAULT 'Y' COMMENT '是否显示',
  `create_time` int(10) unsigned NOT NULL DEFAULT '0' COMMENT '添加时间',
  `update_time` int(10) unsigned NOT NULL DEFAULT '0' COMMENT '最后更新时间',
  PRIMARY KEY (`id`)
) ENGINE=InnoDB AUTO_INCREMENT=29 DEFAULT CHARSET=utf8 COMMENT='图集表';

-- ----------------------------
-- Records of y_album
-- ----------------------------
INSERT INTO `y_album` VALUES ('1', '1', '冬天森林雪景图片', '', '', '9', '0', '唯美图片-意境', 'http://www.wmpic.me/55845', '', '', '1', 'N', 'upload/spider/201601/4bb397cc915.jpg', 'upload/spider/201601/small_4bb397cc915.jpg', '0', 'N', '0', 'Y', '0', 'Y', '1454063098', '1454063098');
INSERT INTO `y_album` VALUES ('2', '1', '唯美女孩水下意境摄影', '', '', '9', '0', '唯美图片-意境', 'http://www.wmpic.me/55890', '', '', '1', 'N', 'upload/spider/201601/31d7cebf68b.jpg', 'upload/spider/201601/small_31d7cebf68b.jpg', '0', 'N', '0', 'Y', '0', 'Y', '1454063098', '1454063098');
INSERT INTO `y_album` VALUES ('3', '1', '不一样的绝色风景图片', '', '', '9', '0', '唯美图片-意境', 'http://www.wmpic.me/55934', '', '', '1', 'N', 'upload/spider/201601/fd348c49707.jpg', 'upload/spider/201601/small_fd348c49707.jpg', '0', 'N', '0', 'Y', '0', 'Y', '1454063098', '1454063098');
INSERT INTO `y_album` VALUES ('4', '1', '唯美意境之唯美小清新美女', '', '', '9', '0', '唯美图片-意境', 'http://www.wmpic.me/55976', '', '', '1', 'N', 'upload/spider/201601/ec72f1679f9.jpg', 'upload/spider/201601/small_ec72f1679f9.jpg', '0', 'N', '0', 'Y', '0', 'Y', '1454063098', '1454063098');
INSERT INTO `y_album` VALUES ('5', '1', '唯美夜景', '', '', '9', '0', '唯美图片-意境', 'http://www.wmpic.me/56022', '', '', '1', 'N', 'upload/spider/201601/e5795e1f05e.jpg', 'upload/spider/201601/small_e5795e1f05e.jpg', '0', 'N', '0', 'Y', '0', 'Y', '1454063098', '1454063098');
INSERT INTO `y_album` VALUES ('6', '1', '珍惜现在的拥有', '', '', '9', '0', '唯美图片-意境', 'http://www.wmpic.me/56067', '', '', '1', 'N', 'upload/spider/201601/0e8e7a42d24.jpg', 'upload/spider/201601/small_0e8e7a42d24.jpg', '0', 'N', '0', 'Y', '0', 'Y', '1454063098', '1454063098');
INSERT INTO `y_album` VALUES ('7', '1', '新疆的喀纳斯风景图片', '', '', '9', '0', '唯美图片-意境', 'http://www.wmpic.me/56112', '', '', '1', 'N', 'upload/spider/201601/9db97906c73.jpg', 'upload/spider/201601/small_9db97906c73.jpg', '0', 'N', '0', 'Y', '0', 'Y', '1454063098', '1454063098');
INSERT INTO `y_album` VALUES ('8', '1', '关于怀表的唯美意境图片大全', '', '', '9', '0', '唯美图片-意境', 'http://www.wmpic.me/56157', '', '', '1', 'N', 'upload/spider/201601/c6ae0b5acb0.jpg', 'upload/spider/201601/small_c6ae0b5acb0.jpg', '0', 'N', '0', 'Y', '0', 'Y', '1454063098', '1454063098');
INSERT INTO `y_album` VALUES ('9', '1', '鲜艳颜色的唯美意境', '', '', '9', '0', '唯美图片-意境', 'http://www.wmpic.me/56202', '', '', '1', 'N', 'upload/spider/201601/a0397eaf04e.jpg', 'upload/spider/201601/small_a0397eaf04e.jpg', '0', 'N', '0', 'Y', '0', 'Y', '1454063098', '1454063098');
INSERT INTO `y_album` VALUES ('10', '1', '意境图片', '', '', '9', '0', '唯美图片-意境', 'http://www.wmpic.me/56248', '', '', '1', 'N', 'upload/spider/201601/b995e1c027f.jpg', 'upload/spider/201601/small_b995e1c027f.jpg', '0', 'N', '0', 'Y', '0', 'Y', '1454063098', '1454063098');
INSERT INTO `y_album` VALUES ('11', '1', '黑白意境图片', '', '', '9', '0', '唯美图片-意境', 'http://www.wmpic.me/56286', '', '', '1', 'N', 'upload/spider/201601/f8ee57b7c89.jpg', 'upload/spider/201601/small_f8ee57b7c89.jpg', '0', 'N', '0', 'Y', '0', 'Y', '1454063099', '1454063099');
INSERT INTO `y_album` VALUES ('12', '1', '美女唯美意境图片', '', '', '9', '0', '唯美图片-意境', 'http://www.wmpic.me/56339', '', '', '1', 'N', 'upload/spider/201601/d5f4b426f45.jpg', 'upload/spider/201601/small_d5f4b426f45.jpg', '0', 'N', '0', 'Y', '0', 'Y', '1454063099', '1454063099');
INSERT INTO `y_album` VALUES ('13', '1', '唯美意境美女', '', '', '9', '0', '唯美图片-意境', 'http://www.wmpic.me/56340', '', '', '1', 'N', 'upload/spider/201601/8b4528f4305.jpg', 'upload/spider/201601/small_8b4528f4305.jpg', '0', 'N', '0', 'Y', '0', 'Y', '1454063099', '1454063099');
INSERT INTO `y_album` VALUES ('14', '1', '唯美意境森林图片', '', '', '9', '0', '唯美图片-意境', 'http://www.wmpic.me/56369', '', '', '1', 'N', 'upload/spider/201601/30596488692.jpg', 'upload/spider/201601/small_30596488692.jpg', '0', 'N', '0', 'Y', '0', 'Y', '1454063099', '1454063099');
INSERT INTO `y_album` VALUES ('15', '1', '唯美城市意境图片', '', '', '9', '0', '唯美图片-意境', 'http://www.wmpic.me/56402', '', '', '1', 'N', 'upload/spider/201601/e09bb4c31b9.jpg', 'upload/spider/201601/small_e09bb4c31b9.jpg', '0', 'N', '0', 'Y', '0', 'Y', '1454063099', '1454063099');
INSERT INTO `y_album` VALUES ('16', '1', '唯美意境美女', '', '', '9', '0', '唯美图片-意境', 'http://www.wmpic.me/56414', '', '', '1', 'N', 'upload/spider/201601/1a5fdc57b7c.jpg', 'upload/spider/201601/small_1a5fdc57b7c.jpg', '0', 'N', '0', 'Y', '0', 'Y', '1454063099', '1454063099');
INSERT INTO `y_album` VALUES ('17', '1', '唯美天空之境意境图片', '', '', '9', '0', '唯美图片-意境', 'http://www.wmpic.me/56460', '', '', '2', 'N', 'upload/spider/201601/7c6ddfe3475.jpg', 'upload/spider/201601/small_7c6ddfe3475.jpg', '0', 'N', '0', 'Y', '0', 'Y', '1454063099', '1454063099');
INSERT INTO `y_album` VALUES ('18', '1', '唯美意境图片', '', '', '9', '0', '唯美图片-意境', 'http://www.wmpic.me/56490', '', '', '2', 'N', 'upload/spider/201601/f16c5341243.jpg', 'upload/spider/201601/small_f16c5341243.jpg', '0', 'N', '0', 'Y', '0', 'Y', '1454063099', '1454063099');
INSERT INTO `y_album` VALUES ('19', '1', '带好运的满天星图片', '', '', '9', '0', '唯美图片-意境', 'http://www.wmpic.me/56520', '', '', '1', 'N', 'upload/spider/201601/996373dafc9.jpg', 'upload/spider/201601/small_996373dafc9.jpg', '0', 'N', '0', 'Y', '0', 'Y', '1454063099', '1454063099');
INSERT INTO `y_album` VALUES ('20', '1', '唯美意境图片', '', '', '9', '0', '唯美图片-意境', 'http://www.wmpic.me/56548', '', '', '1', 'N', 'upload/spider/201601/548c2a2d809.jpg', 'upload/spider/201601/small_548c2a2d809.jpg', '0', 'N', '0', 'Y', '0', 'Y', '1454063099', '1454063099');
INSERT INTO `y_album` VALUES ('21', '1', '唯美小清新田园意境图片', '', '', '9', '0', '唯美图片-意境', 'http://www.wmpic.me/56580', '', '', '1', 'N', 'upload/spider/201601/83464f2fbcc.jpg', 'upload/spider/201601/small_83464f2fbcc.jpg', '0', 'N', '0', 'Y', '0', 'Y', '1454063129', '1454063129');
INSERT INTO `y_album` VALUES ('22', '1', '一个杯子一辈子唯美文字意境图片', '', '', '9', '0', '唯美图片-意境', 'http://www.wmpic.me/56607', '', '', '2', 'N', 'upload/spider/201601/8b733208609.jpg', 'upload/spider/201601/small_8b733208609.jpg', '0', 'N', '0', 'Y', '0', 'Y', '1454063129', '1454063129');
INSERT INTO `y_album` VALUES ('23', '1', '唯美伤感怀旧意境', '', '', '9', '0', '唯美图片-意境', 'http://www.wmpic.me/56640', '', '', '1', 'N', 'upload/spider/201601/8ab42168225.jpg', 'upload/spider/201601/small_8ab42168225.jpg', '0', 'N', '0', 'Y', '0', 'Y', '1454063129', '1454063129');
INSERT INTO `y_album` VALUES ('24', '1', '唯美森林意境图片', '', '', '9', '0', '唯美图片-意境', 'http://www.wmpic.me/56691', '', '', '1', 'N', 'upload/spider/201601/bee33d13654.jpg', 'upload/spider/201601/small_bee33d13654.jpg', '0', 'N', '0', 'Y', '0', 'Y', '1454063129', '1454063129');
INSERT INTO `y_album` VALUES ('25', '1', '这是不是你一直想要的生活，只闻花香，不谈悲喜，喝茶读书，不争朝夕。阳光暖一点，再暖一点，日子慢一些，再慢一些……', '', '', '9', '0', '唯美图片-意境', 'http://www.wmpic.me/56702', '', '', '2', 'N', 'upload/spider/201601/ac1f3d85b6e.jpg', 'upload/spider/201601/small_ac1f3d85b6e.jpg', '0', 'N', '0', 'Y', '0', 'Y', '1454063129', '1454063129');
INSERT INTO `y_album` VALUES ('26', '1', '巴黎街景，超级美 ins：catherinesomething', '', '', '9', '0', '唯美图片-意境', 'http://www.wmpic.me/56750', '', '', '2', 'N', 'upload/spider/201601/e43295118f4.jpg', 'upload/spider/201601/small_e43295118f4.jpg', '0', 'N', '0', 'Y', '0', 'Y', '1454063129', '1454063129');
INSERT INTO `y_album` VALUES ('27', '1', '测试测试', '测试测试', '', '8', '1', 'www.baidul.com', 'www.baidul.com', '', '', '2', 'N', 'upload/album/201711/bae58364ccd.jpg', 'upload/album/201711/small_bae58364ccd.jpg', '0', 'Y', '0', 'Y', '0', 'Y', '1510038146', '1510038146');
INSERT INTO `y_album` VALUES ('28', '1', '唯美清新个性背景意境图片大全', '', '', '9', '0', '唯美图片-意境', 'http://www.wmpic.me/90157', '', '', '3', 'N', '', '', '0', 'N', '0', 'Y', '0', 'Y', '1510039735', '1510039735');

-- ----------------------------
-- Table structure for `y_album_content`
-- ----------------------------
DROP TABLE IF EXISTS `y_album_content`;
CREATE TABLE `y_album_content` (
  `album_id` int(10) unsigned NOT NULL DEFAULT '0' COMMENT '图集id',
  `album_list` text NOT NULL COMMENT '组图',
  `introduce` text NOT NULL COMMENT '摘要',
  `content` mediumtext NOT NULL COMMENT '内容',
  `seo_title` varchar(255) NOT NULL DEFAULT '' COMMENT 'SEO标题',
  `seo_keywords` varchar(255) NOT NULL DEFAULT '' COMMENT 'SEO关键字',
  `seo_description` text NOT NULL COMMENT 'SEO描述',
  PRIMARY KEY (`album_id`)
) ENGINE=InnoDB DEFAULT CHARSET=utf8 COMMENT='图集内容表';

-- ----------------------------
-- Records of y_album_content
-- ----------------------------
INSERT INTO `y_album_content` VALUES ('1', '', '当一个人静坐,默默的感受心里那份惆怅的时候，想念就像清风如影随行。想一个人会多么寂寞，念一个人会多么心痛，想念一个人的夜会多么寒冷。挥不去的，是袅袅缠绕的眷恋；斩不断的，是缕缕交织的思念；转不出的，是汩汩而逝的流年。我和你，一步之遥，我既无法上前一步，陪伴你左右；也无法退后一步，重新找回朋友的支点，只能静静地看着你，默默地祝福你。我不去想是否能够找到更好的，...', '  <p style=\"text-align: center;\"><a href=\"http://www.wmpic.me/55845/5667c2ad0da4a_28\"><img src=\"http://p2.wmpic.me/article/2015/12/09/1449640621_npUhvkpC.jpg\" alt=\"\"/></a></p><p style=\"text-align: center;\"><span style=\"color: rgb(51, 51, 51); font-family: 宋体; font-size: 14px; line-height: 27px; background-color: rgb(255, 255, 255);\">当一个人静坐,默默的感受心里那份惆怅的时候，想念就像清风如影随行。</span><br style=\"border: 0px; margin: 0px; padding: 0px; color: rgb(51, 51, 51); font-family: 宋体; font-size: 14px; line-height: 27px; white-space: normal; background-color: rgb(255, 255, 255);\"/><a href=\"http://www.wmpic.me/55845/5667c2ad33ab1_73\"><img src=\"http://p2.wmpic.me/article/2015/12/09/1449640621_IQWtcclF.jpg\" alt=\"\"/></a></p><p style=\"text-align: center;\"><span style=\"color: rgb(51, 51, 51); font-family: 宋体; font-size: 14px; line-height: 27px; background-color: rgb(255, 255, 255);\">想一个人会多么寂寞，念一个人会多么心痛，想念一个人的夜会多么寒冷。</span><br style=\"border: 0px; margin: 0px; padding: 0px; color: rgb(51, 51, 51); font-family: 宋体; font-size: 14px; line-height: 27px; white-space: normal; background-color: rgb(255, 255, 255);\"/><a href=\"http://www.wmpic.me/55845/5667c2ad39f20_52\"><img src=\"http://p2.wmpic.me/article/2015/12/09/1449640621_ovhCvVHU.jpg\" alt=\"\"/></a></p><p style=\"text-align: center;\"><span style=\"color: rgb(51, 51, 51); font-family: 宋体; font-size: 14px; line-height: 27px; background-color: rgb(255, 255, 255);\">挥不去的，是袅袅缠绕的眷恋；斩不断的，是缕缕交织的思念；转不出的，是汩汩而逝的流年。</span><a href=\"http://www.wmpic.me/55845/5667c2ad48bbc_18\"><img src=\"http://p2.wmpic.me/article/2015/12/09/1449640621_pPwfEeJF.jpg\" alt=\"\"/></a></p><p style=\"text-align: center;\"><span style=\"color: rgb(51, 51, 51); font-family: 宋体; font-size: 14px; line-height: 27px; background-color: rgb(255, 255, 255);\">我和你，一步之遥，我既无法上前一步，陪伴你左右；</span><a href=\"http://www.wmpic.me/55845/5667c2ad4f339_34\"><img src=\"http://p2.wmpic.me/article/2015/12/09/1449640621_hIVInecj.jpg\" alt=\"\"/></a></p><p style=\"text-align: center;\"><span style=\"color: rgb(51, 51, 51); font-family: 宋体; font-size: 14px; line-height: 27px; background-color: rgb(255, 255, 255);\">也无法退后一步，重新找回朋友的支点，只能静静地看着你，默默地祝福你。</span><br style=\"border: 0px; margin: 0px; padding: 0px; color: rgb(51, 51, 51); font-family: 宋体; font-size: 14px; line-height: 27px; white-space: normal; background-color: rgb(255, 255, 255);\"/><a href=\"http://www.wmpic.me/55845/5667c2ad55d44_51\"><img src=\"http://p2.wmpic.me/article/2015/12/09/1449640621_SFgXTlAO.jpg\" alt=\"\"/></a></p><p style=\"text-align: center;\"><span style=\"color: rgb(51, 51, 51); font-family: 宋体; font-size: 14px; line-height: 27px; background-color: rgb(255, 255, 255);\">我不去想是否能够找到更好的，既然选择了离开，便只顾寻觅前途绚丽的彩虹；</span></p><p style=\"text-align: center;\"><span style=\"color: rgb(51, 51, 51); font-family: 宋体; font-size: 14px; line-height: 27px; background-color: rgb(255, 255, 255);\">我不去想，身后会不会袭来寒风冷雨，</span><br style=\"border: 0px; margin: 0px; padding: 0px; color: rgb(51, 51, 51); font-family: 宋体; font-size: 14px; line-height: 27px; white-space: normal; background-color: rgb(255, 255, 255);\"/><a href=\"http://www.wmpic.me/55845/5667c2ad5cd63_82\"><img src=\"http://p2.wmpic.me/article/2015/12/09/1449640621_bzCPBCTI.jpg\" alt=\"\"/></a></p><p style=\"text-align: center;\"><span style=\"color: rgb(51, 51, 51); font-family: 宋体; font-size: 14px; line-height: 27px; background-color: rgb(255, 255, 255);\">既然目标是黎明的地平线，留给你的只能是渐行渐远的背影。</span><span style=\"color: rgb(51, 51, 51); font-family: 宋体; font-size: 14px; line-height: 27px; background-color: rgb(255, 255, 255);\">很多时候，跟自己过不去的，是我们自己。</span></p><p style=\"text-align: center;\"><a href=\"http://www.wmpic.me/55845/5667c2ad63034_72\"><img src=\"http://p2.wmpic.me/article/2015/12/09/1449640621_SNUJSwsb.jpg\" alt=\"\"/></a></p><p style=\"text-align: center;\"><span style=\"color: rgb(51, 51, 51); font-family: 宋体; font-size: 14px; line-height: 27px; background-color: rgb(255, 255, 255);\">旅途中，背着一个沉重的包袱的人很难有心情观看沿途的风景，更会落后于别人的步伐。</span></p>            ', '', '', '');
INSERT INTO `y_album_content` VALUES ('2', '', '曾经有人说：爱情是一场长跑，看你是否能坚持到终点，可是我一直在跑，却忘记了终点在哪儿丢掉了哪个曾要伴我跑下去的人。我不知道时候开始一路奔波只是剩下了我一个人的身影，而身后早已被时光磨灭。曾经有人说：爱情最终会被牛奶面包打败。是社会太物质还是我们太天真。曾经我一直相信爱情的神圣和纯洁，相信他的力量，可是最终却活在自己的世界里，败给了天真的自己。', '  <p style=\"text-align: center;\"><a href=\"http://www.wmpic.me/55890/5669142d4f16c_16\"><img src=\"http://p2.wmpic.me/article/2015/12/10/1449727021_nWDRnJlR.jpg\" alt=\"\" width=\"500\" height=\"340\" style=\"width: 500px; height: 340px;\"/></a></p><p style=\"text-align: center;\"><span style=\"color: rgb(51, 51, 51); font-family: 宋体; font-size: 14.44444465637207px; line-height: 26.99652862548828px; background-color: rgb(255, 255, 255);\">曾经有人说：</span>爱情<span style=\"color: rgb(51, 51, 51); font-family: 宋体; font-size: 14.44444465637207px; line-height: 26.99652862548828px; background-color: rgb(255, 255, 255);\">是一场长跑，看你是否能坚持到终点，可是我一直在跑，</span></p><p style=\"text-align: center;\"><span style=\"color: rgb(51, 51, 51); font-family: 宋体; font-size: 14.44444465637207px; line-height: 26.99652862548828px; background-color: rgb(255, 255, 255);\">却忘记了终点在哪儿</span></p><p style=\"text-align: center;\"><a href=\"http://www.wmpic.me/55890/5669142d622ec_50\"><img src=\"http://p2.wmpic.me/article/2015/12/10/1449727021_XOyBfWOW.jpg\" alt=\"\"/></a></p><p style=\"text-align: center;\"><span style=\"color: rgb(51, 51, 51); font-family: 宋体; font-size: 14.44444465637207px; line-height: 26.99652862548828px; background-color: rgb(255, 255, 255);\">丢掉了哪个曾要伴我跑下去的人。我不知道时候开始一路奔波只是剩下了我</span>一</p><p style=\"text-align: center;\">个人<span style=\"color: rgb(51, 51, 51); font-family: 宋体; font-size: 14.44444465637207px; line-height: 26.99652862548828px; background-color: rgb(255, 255, 255);\">的身影，而身后早已被时光磨灭。</span></p><p style=\"text-align: center;\"><a href=\"http://www.wmpic.me/55890/5669142d70f72_61\"><img src=\"http://p2.wmpic.me/article/2015/12/10/1449727021_bpIXkkDh.jpg\" alt=\"\"/></a></p><p style=\"text-align: center;\"><span style=\"color: rgb(51, 51, 51); font-family: 宋体; font-size: 14.44444465637207px; line-height: 26.99652862548828px; background-color: rgb(255, 255, 255);\">曾经有人说：爱情最终会被牛奶面包打败。是社会太物质还是我们太天真。</span><a href=\"http://www.wmpic.me/55890/5669142d77c8c_25\"><img src=\"http://p2.wmpic.me/article/2015/12/10/1449727021_mkFsihgi.jpg\" alt=\"\" width=\"500\" height=\"370\" style=\"width: 500px; height: 370px;\"/></a></p><p style=\"text-align: center;\"><span style=\"color: rgb(51, 51, 51); font-family: 宋体; font-size: 14.44444465637207px; line-height: 26.99652862548828px; background-color: rgb(255, 255, 255);\">曾经我一直相信爱情的神圣和纯洁，相信他的力量，可是最终却活在自己的世</span></p><p style=\"text-align: center;\"><span style=\"color: rgb(51, 51, 51); font-family: 宋体; font-size: 14.44444465637207px; line-height: 26.99652862548828px; background-color: rgb(255, 255, 255);\">界里，败给了天真的自己。</span></p>            ', '', '', '');
INSERT INTO `y_album_content` VALUES ('3', '', '有些感情都已经深深的藏在心里，刻在心里最隐蔽的角落从不对人提及，彼此默默地念着那个美好而又禁忌的名字，静静的思念。当很多年过去，若爱再度重逢时，一切都没有发生改变，少年还是那个少年少女还是那个少女，彼此一直在那里，又未曾走远，我不知道是该笑还是该哭或是怪命运太会捉弄人。岁月拆散了时间却又给了彼此重逢的流年，那谁，你会不会也认为这是命运的奇特安排或者说是缘分给...', '  <p style=\"text-align: center;\"><a href=\"http://www.wmpic.me/55934/566a5ca17266f_22\"><img src=\"http://p2.wmpic.me/article/2015/12/11/1449811105_kbJifINs.jpg\" alt=\"\"/></a></p><p style=\"text-align: center;\"><span style=\"color: rgb(51, 51, 51); font-family: 宋体; font-size: 14.44444465637207px; line-height: 26.99652862548828px; background-color: rgb(255, 255, 255);\">有些</span>感情<span style=\"color: rgb(51, 51, 51); font-family: 宋体; font-size: 14.44444465637207px; line-height: 26.99652862548828px; background-color: rgb(255, 255, 255);\">都已经深深的藏在心里，刻在心里最隐蔽的角落从不对人提及，彼此默默地念着那个</span></p><p style=\"text-align: center;\"><span style=\"color: rgb(51, 51, 51); font-family: 宋体; font-size: 14.44444465637207px; line-height: 26.99652862548828px; background-color: rgb(255, 255, 255);\">美好而又禁忌的名字，静静的思念。</span></p><p style=\"text-align: center;\"><a href=\"http://www.wmpic.me/55934/566a5ca18074a_91\"><img src=\"http://p2.wmpic.me/article/2015/12/11/1449811105_ymXGxQsL.jpg\" alt=\"\"/></a></p><p style=\"text-align: center;\"><span style=\"color: rgb(51, 51, 51); font-family: 宋体; font-size: 14.44444465637207px; line-height: 26.99652862548828px; background-color: rgb(255, 255, 255);\">当很多年过去，若爱再度重逢时，一切都没有发生改变，少年还是那个少年</span><a href=\"http://www.wmpic.me/55934/566a5ca189f68_48\"><img src=\"http://p2.wmpic.me/article/2015/12/11/1449811105_KNRIyacX.jpg\" alt=\"\"/></a></p><p style=\"text-align: center;\"><span style=\"color: rgb(51, 51, 51); font-family: 宋体; font-size: 14.44444465637207px; line-height: 26.99652862548828px; background-color: rgb(255, 255, 255);\">少女还是那个少女，彼此一直在那里，又未曾走远，我不知道是该笑还是该哭</span><a href=\"http://www.wmpic.me/55934/566a5ca18fb35_92\"><img src=\"http://p2.wmpic.me/article/2015/12/11/1449811105_kDoPgDGm.jpg\" alt=\"\"/></a></p><p style=\"text-align: center;\"><span style=\"color: rgb(51, 51, 51); font-family: 宋体; font-size: 14.44444465637207px; line-height: 26.99652862548828px; background-color: rgb(255, 255, 255);\">或是怪命运太会捉弄人。岁月拆散了时间却又给了彼此重逢的流年，那谁，你会不会也认为这</span></p><p style=\"text-align: center;\"><span style=\"color: rgb(51, 51, 51); font-family: 宋体; font-size: 14.44444465637207px; line-height: 26.99652862548828px; background-color: rgb(255, 255, 255);\">是命运的奇特安排</span></p><p style=\"text-align: center;\"><a href=\"http://www.wmpic.me/55934/566a5ca1962d2_31\"><img src=\"http://p2.wmpic.me/article/2015/12/11/1449811105_uSHODhkc.jpg\" alt=\"\"/></a></p><p style=\"text-align: center;\"><span style=\"color: rgb(51, 51, 51); font-family: 宋体; font-size: 14.44444465637207px; line-height: 26.99652862548828px; background-color: rgb(255, 255, 255);\">或者说是缘分给予我们奇妙的再度想见？我不知道需要多久的坚持和等待才遇到这么一个一生注定的人</span><a href=\"http://www.wmpic.me/55934/566a5ca19d2d7_65\"><img src=\"http://p2.wmpic.me/article/2015/12/11/1449811105_OTqHkXys.jpg\" alt=\"\"/></a></p><p style=\"text-align: center;\"><span style=\"color: rgb(51, 51, 51); font-family: 宋体; font-size: 14.44444465637207px; line-height: 26.99652862548828px; background-color: rgb(255, 255, 255);\">或许是一辈子，或许是一辈子也遇不见，但是我相信，既然遇见，那便是有缘，或者用你的话</span></p><p style=\"text-align: center;\"><span style=\"color: rgb(51, 51, 51); font-family: 宋体; font-size: 14.44444465637207px; line-height: 26.99652862548828px; background-color: rgb(255, 255, 255);\">说那叫命中注定一生所盼。</span></p>            ', '', '', '');
INSERT INTO `y_album_content` VALUES ('4', '', '我向她点头轻笑道一句在下清潋，她则因我是生客顿时小晕潮红，绣帕后的一双美目顾盼生辉这时慕容先生才道这是息女若兰，让公子见笑了，我则说不然看令爱柔桡轻曼，秀外慧中定有咏絮叹机之才掌中飞舞之艺，不可凌掩！慕容先生一面说过奖了一面引我到客房敬东道之仪，酒足饭饱后慕容先生让我早点休息时天色已黑我也因连日的奔波筋疲力尽，刚倒头就要睡觉突然一缕琴声入耳，初时低沉古朴在爱...', '  <p style=\"text-align: center;\"><a href=\"http://www.wmpic.me/55976/566b8e5bd9eac_49\"><img src=\"http://p1.wmpic.me/article/2015/12/12/1449889371_WkkRumdy.jpg\" alt=\"\"/></a></p><p style=\"text-align: center;\"><span style=\"color: rgb(51, 51, 51); font-family: 宋体; font-size: 14.44444465637207px; line-height: 26.99652862548828px; background-color: rgb(255, 255, 255);\">我向她点头轻笑道一句在下清潋，她则因我是生客顿时小晕潮红，绣帕后的一双美目顾盼生辉</span><a href=\"http://www.wmpic.me/55976/566b8e5bec9f4_53\"><img src=\"http://p1.wmpic.me/article/2015/12/12/1449889371_vdEwUOtf.jpg\" alt=\"\"/></a></p><p style=\"text-align: center;\"><span style=\"color: rgb(51, 51, 51); font-family: 宋体; font-size: 14.44444465637207px; line-height: 26.99652862548828px; background-color: rgb(255, 255, 255);\">这时慕容先生才道这是息女若兰，让公子见笑了，我则说不然看令爱柔桡轻曼，秀外慧中定有咏絮叹机之才</span><a href=\"http://www.wmpic.me/55976/566b8e5c0f8aa_69\"><img src=\"http://p2.wmpic.me/article/2015/12/12/1449889372_bsJcjnmy.jpg\" alt=\"\"/></a></p><p style=\"text-align: center;\"><span style=\"color: rgb(51, 51, 51); font-family: 宋体; font-size: 14.44444465637207px; line-height: 26.99652862548828px; background-color: rgb(255, 255, 255);\">掌中飞舞之艺，不可凌掩！慕容先生一面说过奖了一面引我到客房敬东道之仪，酒足饭饱后慕容先生让我早点休息</span><a href=\"http://www.wmpic.me/55976/566b8e5c16f61_50\"><img src=\"http://p2.wmpic.me/article/2015/12/12/1449889372_DTlUczBg.jpg\" alt=\"\"/></a></p><p style=\"text-align: center;\"><span style=\"color: rgb(51, 51, 51); font-family: 宋体; font-size: 14.44444465637207px; line-height: 26.99652862548828px; background-color: rgb(255, 255, 255);\">时天色已黑我也因连日的奔波筋疲力尽，刚倒头就要睡觉突然一缕琴声入耳，初时低沉古朴</span><a href=\"http://www.wmpic.me/55976/566b8e5c1e2ab_28\"><img src=\"http://p2.wmpic.me/article/2015/12/12/1449889372_WRxJdrEa.jpg\" alt=\"\"/></a></p><p style=\"text-align: center;\"><span style=\"color: rgb(51, 51, 51); font-family: 宋体; font-size: 14.44444465637207px; line-height: 26.99652862548828px; background-color: rgb(255, 255, 255);\">在爱的旅途中，我们每</span>一个人<span style=\"color: rgb(51, 51, 51); font-family: 宋体; font-size: 14.44444465637207px; line-height: 26.99652862548828px; background-color: rgb(255, 255, 255);\">都在努力寻找着属于自己的方向，一旦认定了，然后拼尽全力为了心中的远方踏</span></p><p style=\"text-align: center;\"><span style=\"color: rgb(51, 51, 51); font-family: 宋体; font-size: 14.44444465637207px; line-height: 26.99652862548828px; background-color: rgb(255, 255, 255);\">上追逐爱的终点，希望有一天可以遇见一个人，抵达爱的彼岸，修成正果。</span></p><p style=\"text-align: center;\"><span style=\"color: rgb(51, 51, 51); font-family: 宋体; font-size: 14.44444465637207px; line-height: 26.99652862548828px; background-color: rgb(255, 255, 255);\"></span><a href=\"http://www.wmpic.me/55976/566b8e5c24d72_69\"><img src=\"http://p2.wmpic.me/article/2015/12/12/1449889372_eGcDcbDf.jpg\" alt=\"\"/></a></p><p style=\"text-align: center;\">爱情<span style=\"color: rgb(51, 51, 51); font-family: 宋体; font-size: 14.44444465637207px; line-height: 26.99652862548828px; background-color: rgb(255, 255, 255);\">的最初开始总是卑微的，卑微到不敢靠近喜欢的人一步，卑微到掉进孤独的尘埃里</span><a href=\"http://www.wmpic.me/55976/566b8e5c2c6ee_84\"><img src=\"http://p2.wmpic.me/article/2015/12/12/1449889372_IZLgLtza.jpg\" alt=\"\"/></a></p><p style=\"text-align: center;\"><span style=\"color: rgb(51, 51, 51); font-family: 宋体; font-size: 14.44444465637207px; line-height: 26.99652862548828px; background-color: rgb(255, 255, 255);\">最后，要么在卑微的尘埃里，开出灿烂的花朵；要么在尘埃的卑微里，成为另一颗不起眼的尘埃。</span></p>            ', '', '', '');
INSERT INTO `y_album_content` VALUES ('5', '', '你其实就是《关雎》里走来的那个人，因为，你的脸庞，就是我曾经看见过的那个临水照花的姑娘！如若，终于有一天，与你在不经意的街巷里行走时，碰面，擦肩，你回头，我转身互相对望，也无言语，不知彼此心下该当如何，--是羞涩，在你心里开放成青丝绸帕上的暗莲花，亦或，还是欢喜，在我心头荡漾作熟宣素简上的工整墨迹？冬的空气澄澈，冬的心事清澜，你不管冬月是不是在呢喃，也不管冬雨...', '  <p style=\"text-align: center;\"><a href=\"http://www.wmpic.me/56022/566e37fd1fd59_52\"><img src=\"http://p1.wmpic.me/article/2015/12/14/1450063869_iPaNMdMi.jpg\" alt=\"\"/></a></p><p style=\"text-align: center;\"><span style=\"color: rgb(51, 51, 51); font-family: 宋体; font-size: 14.44444465637207px; line-height: 26.99652862548828px; background-color: rgb(255, 255, 255);\">你其实就是《关雎》里走来的那个人，因为，你的脸庞，就是我曾经看见过的那个临水照花的姑娘！</span><a href=\"http://www.wmpic.me/56022/566e37fd38913_95\"><img src=\"http://p1.wmpic.me/article/2015/12/14/1450063869_oLpVjNTA.jpg\" alt=\"\"/></a></p><p style=\"text-align: center;\"><span style=\"color: rgb(51, 51, 51); font-family: 宋体; font-size: 14.44444465637207px; line-height: 26.99652862548828px; background-color: rgb(255, 255, 255);\">如若，终于有一天，与你在不经意的街巷里行走时，碰面，擦肩，你回头，我转身</span><a href=\"http://www.wmpic.me/56022/566e37fd3f7d0_85\"><img src=\"http://p1.wmpic.me/article/2015/12/14/1450063869_OWXdZCVU.jpg\" alt=\"\"/></a></p><p style=\"text-align: center;\"><span style=\"color: rgb(51, 51, 51); font-family: 宋体; font-size: 14.44444465637207px; line-height: 26.99652862548828px; background-color: rgb(255, 255, 255);\">互相对望，也无言语，不知彼此心下该当如何，--是羞涩，在你心里开放成青丝绸帕上的暗莲</span></p><p style=\"text-align: center;\"><span style=\"color: rgb(51, 51, 51); font-family: 宋体; font-size: 14.44444465637207px; line-height: 26.99652862548828px; background-color: rgb(255, 255, 255);\">花，亦或，还是欢喜，在我心头荡漾作熟宣素简上的工整墨迹？</span><a href=\"http://www.wmpic.me/56022/566e37fd45bbb_64\"><img src=\"http://p1.wmpic.me/article/2015/12/14/1450063869_dHxUdtnG.jpg\" alt=\"\"/></a></p><p style=\"text-align: center;\"><span style=\"color: rgb(51, 51, 51); font-family: 宋体; font-size: 14.44444465637207px; line-height: 26.99652862548828px; background-color: rgb(255, 255, 255);\">冬的空气澄澈，冬的心事清澜，你不管冬月是不是在呢喃，也不管冬雨是不是在洒落，</span><a href=\"http://www.wmpic.me/56022/566e37fdb14be_61\"><img src=\"http://p1.wmpic.me/article/2015/12/14/1450063869_gYEnJsdA.jpg\" alt=\"\"/></a></p><p style=\"text-align: center;\"><span style=\"color: rgb(51, 51, 51); font-family: 宋体; font-size: 14.44444465637207px; line-height: 26.99652862548828px; background-color: rgb(255, 255, 255);\">还是冬雪在风里如何的写意，其实，终是已经藏在了黄公望皴染的水墨山水里。</span></p>            ', '', '', '');
INSERT INTO `y_album_content` VALUES ('6', '', '安静时，总有一份思念在身体里蔓延；无助时，总有一份温暖在指尖漫溢，爱在思念的两端，情在时光的两岸，用情相守，以心相连，遥寄心语，那份惦念，一如往昔。今年我们这儿的气候特怪，仿佛从夏季直接就进入了冬天接连几天的北风呼啸，街上的行人都穿上了厚厚的羽绒服，虽已寒风刺骨，但我的心却如那正午的骄阳照在心房让人暖暖的，暖暖的，丝毫感觉不到冬季的寒意，只因你的回眸，这个冬...', '  <p style=\"text-align: center;\"><a href=\"http://www.wmpic.me/56067/566f86b543382_21\"><img src=\"http://p3.wmpic.me/article/2015/12/15/1450149557_fwYnERCW.jpg\" alt=\"\"/></a></p><p style=\"text-align: center;\"><span style=\"color: rgb(51, 51, 51); font-family: 宋体; font-size: 14.44444465637207px; line-height: 26.99652862548828px; background-color: rgb(255, 255, 255);\">安静时，总有一份思念在身体里蔓延；无助时，总有一份温暖在指尖漫溢，爱在思念的两端，情在时光的两岸，用</span></p><p style=\"text-align: center;\"><span style=\"color: rgb(51, 51, 51); font-family: 宋体; font-size: 14.44444465637207px; line-height: 26.99652862548828px; background-color: rgb(255, 255, 255);\">情相守，以心相连，遥寄心语，那份惦念，一如往昔。</span><br style=\"border: 0px; margin: 0px; padding: 0px; color: rgb(51, 51, 51); font-family: 宋体; font-size: 14.44444465637207px; line-height: 26.99652862548828px; white-space: normal; background-color: rgb(255, 255, 255);\"/><a href=\"http://www.wmpic.me/56067/566f86b55ce39_75\"><img src=\"http://p3.wmpic.me/article/2015/12/15/1450149557_sBcQUCvM.jpg\" alt=\"\"/></a></p><p style=\"text-align: center;\"><span style=\"color: rgb(51, 51, 51); font-family: 宋体; font-size: 14.44444465637207px; line-height: 26.99652862548828px; background-color: rgb(255, 255, 255);\">今年我们这儿的气候特怪，仿佛从夏季直接就进入了冬天</span><a href=\"http://www.wmpic.me/56067/566f86b563b35_48\"><img src=\"http://p3.wmpic.me/article/2015/12/15/1450149557_UaGXGnNA.jpg\" alt=\"\"/></a></p><p style=\"text-align: center;\"><span style=\"color: rgb(51, 51, 51); font-family: 宋体; font-size: 14.44444465637207px; line-height: 26.99652862548828px; background-color: rgb(255, 255, 255);\">接连几天的北风呼啸，街上的行人都穿上了厚厚的羽绒服，虽已寒风刺骨，但我的心却如那正午的骄阳照在心房</span><a href=\"http://www.wmpic.me/56067/566f86b56c1ba_67\"><img src=\"http://p3.wmpic.me/article/2015/12/15/1450149557_aWGyRHIf.jpg\" alt=\"\"/></a></p><p style=\"text-align: center;\"><span style=\"color: rgb(51, 51, 51); font-family: 宋体; font-size: 14.44444465637207px; line-height: 26.99652862548828px; background-color: rgb(255, 255, 255);\">让人暖暖的，暖暖的，丝毫感觉不到冬季的寒意，只因你的回眸，这个冬季多了一份关怀，多了一份体贴</span><a href=\"http://www.wmpic.me/56067/566f86b57307a_73\"><img src=\"http://p3.wmpic.me/article/2015/12/15/1450149557_PCSlcJut.jpg\" alt=\"\"/></a></p><p style=\"text-align: center;\"><span style=\"color: rgb(51, 51, 51); font-family: 宋体; font-size: 14.44444465637207px; line-height: 26.99652862548828px; background-color: rgb(255, 255, 255);\">让人暖心，让人陶醉，让人乐不思蜀。对你的思念，让心有千千闕歌，日日耳边余音缭绕</span><a href=\"http://www.wmpic.me/56067/566f86b578df8_91\"><img src=\"http://p3.wmpic.me/article/2015/12/15/1450149557_BisucJjQ.jpg\" alt=\"\"/></a></p><p style=\"text-align: center;\"><span style=\"color: rgb(51, 51, 51); font-family: 宋体; font-size: 14.44444465637207px; line-height: 26.99652862548828px; background-color: rgb(255, 255, 255);\">忧着，伤着却又暗香浮动着；愁着，痛着却又独自狂喜。雨，下了一整夜，而我，却拥抱了</span>太阳<a href=\"http://www.wmpic.me/56067/566f86b580893_91\"><img src=\"http://p3.wmpic.me/article/2015/12/15/1450149557_HXhIvwfP.jpg\" alt=\"\"/></a></p><p style=\"text-align: center;\"><span style=\"color: rgb(51, 51, 51); font-family: 宋体; font-size: 14.44444465637207px; line-height: 26.99652862548828px; background-color: rgb(255, 255, 255);\">如果，来世还有爱，我愿随一树飘零，追逐你最后的身影，从此，贴近你的胸膛，靠近你的温暖，你总是埋怨我为</span></p><p style=\"text-align: center;\"><span style=\"color: rgb(51, 51, 51); font-family: 宋体; font-size: 14.44444465637207px; line-height: 26.99652862548828px; background-color: rgb(255, 255, 255);\">什么不放弃，如果能我还会低眉浅笑的恋着你吗？</span></p>            ', '', '', '');
INSERT INTO `y_album_content` VALUES ('7', '', '爱如胭红，佳期如梦，谁在箜篌里飞出，落于筝音的弦脉，躁动了悲情的灵魂去迎接天地的流浪，千年的客驿，千年的等待，又千年的寻觅，终了于情，末了于情垂泪了西厢月下，默守了楼台一诺，这是谁人的谁的世界，又是谁的谁人的红颜！我不说，你又何必相问，你要说，又何必是挥手告别，看花曾与楚王醉，听琴又把张生恨哪般，这般，是错过还是过错。游园惊梦，牡丹亭下，折柳问飞花，面对春光...', '  <p style=\"text-align: center;\"><a href=\"http://www.wmpic.me/56112/5670d70341724_66\"><img src=\"http://p3.wmpic.me/article/2015/12/16/1450235651_YvVFmWux.jpg\" alt=\"\"/></a></p><p style=\"text-align: center;\"><span style=\"color: rgb(51, 51, 51); font-family: 宋体; font-size: 14.44444465637207px; line-height: 26.99652862548828px; background-color: rgb(255, 255, 255);\">爱如胭红，佳期如梦，谁在箜篌里飞出，落于筝音的弦脉，躁动了悲情的灵魂</span><a href=\"http://www.wmpic.me/56112/5670d7034756f_35\"><img src=\"http://p3.wmpic.me/article/2015/12/16/1450235651_MGcTcAOr.jpg\" alt=\"\"/></a></p><p style=\"text-align: center;\"><span style=\"color: rgb(51, 51, 51); font-family: 宋体; font-size: 14.44444465637207px; line-height: 26.99652862548828px; background-color: rgb(255, 255, 255);\">去迎接天地的流浪，千年的客驿，千年的等待，又千年的寻觅，终了于情，末了于情</span><a href=\"http://www.wmpic.me/56112/5670d703504f7_35\"><img src=\"http://p3.wmpic.me/article/2015/12/16/1450235651_ecxBqZYP.jpg\" alt=\"\"/></a></p><p style=\"text-align: center;\"><span style=\"color: rgb(51, 51, 51); font-family: 宋体; font-size: 14.44444465637207px; line-height: 26.99652862548828px; background-color: rgb(255, 255, 255);\">垂泪了西厢月下，默守了楼台一诺，这是谁人的谁的世界，又是谁的谁人的红颜！</span><a href=\"http://www.wmpic.me/56112/5670d7035603a_47\"><img src=\"http://p3.wmpic.me/article/2015/12/16/1450235651_tlhAKGSr.jpg\" alt=\"\"/></a></p><p style=\"text-align: center;\"><span style=\"color: rgb(51, 51, 51); font-family: 宋体; font-size: 14.44444465637207px; line-height: 26.99652862548828px; background-color: rgb(255, 255, 255);\">我不说，你又何必相问，你要说，又何必是挥手告别，看花曾与楚王醉，听琴又把张生恨</span><a href=\"http://www.wmpic.me/56112/5670d7035c0ef_59\"><img src=\"http://p3.wmpic.me/article/2015/12/16/1450235651_VoRhESVd.jpg\" alt=\"\"/></a></p><p style=\"text-align: center;\"><span style=\"color: rgb(51, 51, 51); font-family: 宋体; font-size: 14.44444465637207px; line-height: 26.99652862548828px; background-color: rgb(255, 255, 255);\">哪般，这般，是错过还是过错。游园惊梦，牡丹亭下，折柳问飞花，面对春光莫说愁</span><a href=\"http://www.wmpic.me/56112/5670d703620f6_86\"><img src=\"http://p3.wmpic.me/article/2015/12/16/1450235651_vLlpZvCK.jpg\" alt=\"\"/></a></p><p style=\"text-align: center;\"><span style=\"color: rgb(51, 51, 51); font-family: 宋体; font-size: 14.44444465637207px; line-height: 26.99652862548828px; background-color: rgb(255, 255, 255);\">又是怜惜，又是飞雪，这一季的寒冷，定格了你的出现，一席笺言，一纸窗花，武文又弄墨，没有</span></p><p style=\"text-align: center;\"><span style=\"color: rgb(51, 51, 51); font-family: 宋体; font-size: 14.44444465637207px; line-height: 26.99652862548828px; background-color: rgb(255, 255, 255);\">人能读懂，何时了却这牵挂，这哀怨的感慨！</span></p>            ', '', '', '');
INSERT INTO `y_album_content` VALUES ('8', '', '期间哪怕对方对待自己如何冷漠，可还是丝毫无法掩盖自我内心澎湃如潮水的爱恋愿意为对方做出很多付出乃至牺牲，可再澎湃的爱恋都会退潮的，一切只是时间的问题终于，当对方逐渐消失在自己的视野中，那份爱也会随着时间和距离而远走只在那段盛夏的青春里留下了一个带着遗憾但承载着爱的身影。那时候的爱恋带着青春里最为执着和青涩的莽撞，觉得为对方哪怕撞得头破血流也无所谓，那些时光，...', '  <p style=\"text-align: center;\"><a href=\"http://www.wmpic.me/56157/56722fa343ca4_18\"><img src=\"http://p3.wmpic.me/article/2015/12/17/1450323875_jElTzJNW.jpg\" alt=\"\"/></a></p><p style=\"text-align: center;\"><span style=\"color: rgb(51, 51, 51); font-family: 宋体; font-size: 14.44444465637207px; line-height: 26.99652862548828px; background-color: rgb(255, 255, 255);\">期间哪怕对方对待自己如何冷漠，可还是丝毫无法掩盖自我内心澎湃如潮水的爱恋</span><a href=\"http://www.wmpic.me/56157/56722fa375cf2_30\"><img src=\"http://p3.wmpic.me/article/2015/12/17/1450323875_eqLAXwSZ.jpg\" alt=\"\"/></a></p><p style=\"text-align: center;\"><span style=\"color: rgb(51, 51, 51); font-family: 宋体; font-size: 14.44444465637207px; line-height: 26.99652862548828px; background-color: rgb(255, 255, 255);\">愿意为对方做出很多付出乃至牺牲，可再澎湃的爱恋都会退潮的，一切只是时间的问题</span><a href=\"http://www.wmpic.me/56157/56722fa37ba86_88\"><img src=\"http://p3.wmpic.me/article/2015/12/17/1450323875_gIPzgJeE.jpg\" alt=\"\"/></a></p><p style=\"text-align: center;\"><span style=\"color: rgb(51, 51, 51); font-family: 宋体; font-size: 14.44444465637207px; line-height: 26.99652862548828px; background-color: rgb(255, 255, 255);\">终于，当对方逐渐消失在自己的视野中，那份爱也会随着时间和距离而远走</span><a href=\"http://www.wmpic.me/56157/56722fa382b20_96\"><img src=\"http://p3.wmpic.me/article/2015/12/17/1450323875_WJOQWcaZ.jpg\" alt=\"\"/></a></p><p style=\"text-align: center;\"><span style=\"color: rgb(51, 51, 51); font-family: 宋体; font-size: 14.44444465637207px; line-height: 26.99652862548828px; background-color: rgb(255, 255, 255);\">只在那段盛夏的</span>青春<span style=\"color: rgb(51, 51, 51); font-family: 宋体; font-size: 14.44444465637207px; line-height: 26.99652862548828px; background-color: rgb(255, 255, 255);\">里留下了一个带着遗憾但承载着爱的身影。</span><a href=\"http://www.wmpic.me/56157/56722fa388c77_52\"><img src=\"http://p3.wmpic.me/article/2015/12/17/1450323875_dBTdTzxd.jpg\" alt=\"\"/></a></p><p style=\"text-align: center;\"><span style=\"color: rgb(51, 51, 51); font-family: 宋体; font-size: 14.44444465637207px; line-height: 26.99652862548828px; background-color: rgb(255, 255, 255);\">那时候的爱恋带着青春里最为执着和青涩的莽撞，觉得为对方哪怕撞得头破血流也</span></p><p style=\"text-align: center;\"><span style=\"color: rgb(51, 51, 51); font-family: 宋体; font-size: 14.44444465637207px; line-height: 26.99652862548828px; background-color: rgb(255, 255, 255);\">无所谓，那些时光，就自己而言</span></p><p style=\"text-align: center;\"><a href=\"http://www.wmpic.me/56157/56722fa38ebab_49\"><img src=\"http://p3.wmpic.me/article/2015/12/17/1450323875_vrBrldDe.jpg\" alt=\"\"/></a></p><p style=\"text-align: center;\"><span style=\"color: rgb(51, 51, 51); font-family: 宋体; font-size: 14.44444465637207px; line-height: 26.99652862548828px; background-color: rgb(255, 255, 255);\">在往后的日子里想起来竟不觉得苦涩，毕竟，那种对爱的劲儿只是年少时才有的</span></p>            ', '', '', '');
INSERT INTO `y_album_content` VALUES ('9', '', '你象坐在我的对面，裸着背影，好美。我就象蘸在你的秋色里，象画画在你的梦里秋色的嫚影，浪的柔波，就象在我的心里梳洗，那美丽动人的油画你掬一捧秋凉，惊醒了一次美丽的摇晃，我那强悍的体魄，象倒在你梦的黄昏里那如歌的往事在昂首，就象那只盼你而存的花柄，痴望在秋凉里，温饱在爱中。那泊在我窗外的心事，就象细密的雨丝在拉扯着我，我就象在盼着枫叶里的露珠嫣红般的想你，一滴一...', '  <p style=\"text-align: center;\"><a href=\"http://www.wmpic.me/56202/56737da745a52_19\"><img src=\"http://p2.wmpic.me/article/2015/12/18/1450409383_iXmcMoXU.jpg\" alt=\"\" width=\"506\" height=\"375\" style=\"width: 506px; height: 375px;\"/></a></p><p style=\"text-align: center;\"><span style=\"color: rgb(51, 51, 51); font-family: 宋体; font-size: 14.44444465637207px; line-height: 26.99652862548828px; background-color: rgb(255, 255, 255);\">你象坐在我的对面，裸着背影，好美。我就象蘸在你的秋色里，象画画在你的梦里</span><a href=\"http://www.wmpic.me/56202/56737da77ef19_51\"><img src=\"http://p2.wmpic.me/article/2015/12/18/1450409383_ImiLSxNM.jpg\" alt=\"\" width=\"506\" height=\"337\" style=\"width: 506px; height: 337px;\"/></a></p><p style=\"text-align: center;\"><span style=\"color: rgb(51, 51, 51); font-family: 宋体; font-size: 14.44444465637207px; line-height: 26.99652862548828px; background-color: rgb(255, 255, 255);\">秋色的嫚影，浪的柔波，就象在我的心里梳洗，那美丽动人的油画</span><a href=\"http://www.wmpic.me/56202/56737da7c8f94_84\"><img src=\"http://p2.wmpic.me/article/2015/12/18/1450409383_DHHSPFPj.jpg\" alt=\"\" width=\"506\" height=\"339\" style=\"width: 506px; height: 339px;\"/></a></p><p style=\"text-align: center;\"><span style=\"color: rgb(51, 51, 51); font-family: 宋体; font-size: 14.44444465637207px; line-height: 26.99652862548828px; background-color: rgb(255, 255, 255);\">你掬一捧秋凉，惊醒了一次美丽的摇晃，我那强悍的体魄，象倒在你梦的黄昏里</span><a href=\"http://www.wmpic.me/56202/56737da802c2e_22\"><img src=\"http://p2.wmpic.me/article/2015/12/18/1450409383_QdMbRnkK.jpg\" alt=\"\" width=\"508\" height=\"380\" style=\"width: 508px; height: 380px;\"/></a></p><p style=\"text-align: center;\"><span style=\"color: rgb(51, 51, 51); font-family: 宋体; font-size: 14.44444465637207px; line-height: 26.99652862548828px; background-color: rgb(255, 255, 255);\">那如歌的往事在昂首，就象那只盼你而存的花柄，痴望在秋凉里，温饱在爱中。</span><br style=\"border: 0px; margin: 0px; padding: 0px; color: rgb(51, 51, 51); font-family: 宋体; font-size: 14.44444465637207px; line-height: 26.99652862548828px; white-space: normal; background-color: rgb(255, 255, 255);\"/><a href=\"http://www.wmpic.me/56202/56737da80b5c1_87\"><img src=\"http://p3.wmpic.me/article/2015/12/18/1450409384_lCOhoeLg.jpg\" alt=\"\"/></a></p><p style=\"text-align: center;\"><span style=\"color: rgb(51, 51, 51); font-family: 宋体; font-size: 14.44444465637207px; line-height: 26.99652862548828px; background-color: rgb(255, 255, 255);\">那泊在我窗外的心事，就象细密的雨丝在拉扯着我，我就象在盼着枫叶里的露珠</span><a href=\"http://www.wmpic.me/56202/56737da823720_65\"><img src=\"http://p3.wmpic.me/article/2015/12/18/1450409384_AwxNjDyo.jpg\" alt=\"\" width=\"507\" height=\"451\" style=\"width: 507px; height: 451px;\"/></a></p><p style=\"text-align: center;\"><span style=\"color: rgb(51, 51, 51); font-family: 宋体; font-size: 14.44444465637207px; line-height: 26.99652862548828px; background-color: rgb(255, 255, 255);\">嫣红般的想你，一滴一滴的清泪在窗前灼洒，那酸酸的感觉，就象柔入你的美梦中</span><a href=\"http://www.wmpic.me/56202/56737da843de1_96\"><img src=\"http://p3.wmpic.me/article/2015/12/18/1450409384_oSIlvvnJ.jpg\" alt=\"\" width=\"504\" height=\"337\" style=\"width: 504px; height: 337px;\"/></a></p><p style=\"text-align: center;\"><span style=\"color: rgb(51, 51, 51); font-family: 宋体; font-size: 14.44444465637207px; line-height: 26.99652862548828px; background-color: rgb(255, 255, 255);\">红红的相思象在我秋雨咽喉里蠕动，你的魅影逃脱不了我的视线和美丽爱的追踪，</span></p><p style=\"text-align: center;\"><span style=\"color: rgb(51, 51, 51); font-family: 宋体; font-size: 14.44444465637207px; line-height: 26.99652862548828px; background-color: rgb(255, 255, 255);\">一夜的相思，醉红枫叶林，我是你秋色里的嫚影。</span></p>            ', '', '', '');
INSERT INTO `y_album_content` VALUES ('10', '', '从掉下的第一颗眼泪开始，心就碎了。还有什么恋恋不舍不能离开的呢？心在纠结，就象自己到了忘川的岸上，没有了希望的焦点。可恨那时的鲁莽，克制不了自己，才酿成这样的悔悟，叫自己是那么的覆水难收。看到她伤心的样子，就象针扎入他的心口一样的痛。他多么想去安慰她，可是一切都是太迟了，她根本不能接受他的道歉。', '  <p style=\"text-align: center;\"><img src=\"http://p2.wmpic.me/article/2015/12/19/1450500664_punsKoqu.jpg\" alt=\"\"/></p><p style=\"text-align: center;\"><span style=\"color: rgb(51, 51, 51); font-family: 宋体; font-size: 14.44444465637207px; line-height: 26.99652862548828px; background-color: rgb(255, 255, 255);\">从掉下的第一颗眼泪开始，心就碎了。还有什么恋恋不舍不能离开的呢？</span><img src=\"http://p2.wmpic.me/article/2015/12/19/1450500664_Yohrmdyk.jpg\" alt=\"\"/></p><p style=\"text-align: center;\"><span style=\"color: rgb(51, 51, 51); font-family: 宋体; font-size: 14.44444465637207px; line-height: 26.99652862548828px; background-color: rgb(255, 255, 255);\">心在纠结，就象自己到了忘川的岸上，没有了希望的焦点。</span></p><p style=\"text-align: center;\"><img src=\"http://p2.wmpic.me/article/2015/12/19/1450500664_XPuFUAly.jpg\" alt=\"\"/></p><p style=\"text-align: center;\"><img src=\"http://p2.wmpic.me/article/2015/12/19/1450500664_pdwtHKhb.jpg\" alt=\"\"/><span style=\"color: rgb(51, 51, 51); font-family: 宋体; font-size: 14.44444465637207px; line-height: 26.99652862548828px; background-color: rgb(255, 255, 255);\">可恨那时的鲁莽，克制不了自己，才酿成这样的悔悟，叫自己是那么的覆水难收。</span><img src=\"http://p2.wmpic.me/article/2015/12/19/1450500664_naSjZHoH.jpg\" alt=\"\"/></p><p style=\"text-align: center;\"><span style=\"color: rgb(51, 51, 51); font-family: 宋体; font-size: 14.44444465637207px; line-height: 26.99652862548828px; background-color: rgb(255, 255, 255);\">看到她</span>伤心<span style=\"color: rgb(51, 51, 51); font-family: 宋体; font-size: 14.44444465637207px; line-height: 26.99652862548828px; background-color: rgb(255, 255, 255);\">的样子，就象针扎入他的心口一样的痛。</span></p><p style=\"text-align: center;\"><img src=\"http://p2.wmpic.me/article/2015/12/19/1450500664_wFJOhJWb.jpg\" alt=\"\"/></p><p style=\"text-align: center;\"><span style=\"color: rgb(51, 51, 51); font-family: 宋体; font-size: 14.44444465637207px; line-height: 26.99652862548828px; background-color: rgb(255, 255, 255);\">他多么想去安慰她，可是一切都是太迟了，她根本不能接受他的道歉。</span></p>            ', '', '', '');
INSERT INTO `y_album_content` VALUES ('11', '', '如果你想好了你想要的，就要心定，安心做好自己身边的事情你就是每天打牌，只要能打成个高手，未必不能在这个社会安身立命柏拉图说，若爱，请深爱，如弃，请彻底，不要曖昧，伤人伤己。柏拉图说，人生最遗憾的，莫过於轻易地放弃了不该放弃的，固执地坚持了不该坚持的。柏拉图说，我以為小鸟飞不过沧海，是因為小鸟没有飞过沧海的勇气，十年以后我才发现，不是小鸟飞不过去，而是沧海的那...', '  <p style=\"text-align: center;\"><a href=\"http://www.wmpic.me/56286/56776d356d94d_39\"><img src=\"http://p2.wmpic.me/article/2015/12/21/1450667317_IHwgqTkU.jpg\" alt=\"\"/></a></p><p style=\"text-align: center;\"><span style=\"color: rgb(51, 51, 51); font-family: 宋体; font-size: 14.44444465637207px; line-height: 26.99652862548828px; background-color: rgb(255, 255, 255);\">如果你想好了你想要的，就要心定，安心做好自己身边的事情</span></p><p style=\"text-align: center;\"><a href=\"http://www.wmpic.me/56286/56776d35793f8_69\"><img src=\"http://p2.wmpic.me/article/2015/12/21/1450667317_VlxZfxVp.jpg\" alt=\"\"/></a></p><p style=\"text-align: center;\"><span style=\"color: rgb(51, 51, 51); font-family: 宋体; font-size: 14.44444465637207px; line-height: 26.99652862548828px; background-color: rgb(255, 255, 255);\">你就是每天打牌，只要能打成个高手，未必不能在这个社会安身立命</span></p><p style=\"text-align: center;\"><a href=\"http://www.wmpic.me/56286/56776d358126c_43\"><img src=\"http://p2.wmpic.me/article/2015/12/21/1450667317_ggmAfLiI.jpg\" alt=\"\"/></a></p><p style=\"text-align: center;\"><span style=\"color: rgb(51, 51, 51); font-family: 宋体; font-size: 14.44444465637207px; line-height: 26.99652862548828px; background-color: rgb(255, 255, 255);\">柏拉图说，若爱，请深爱，如弃，请彻底，不要曖昧，伤人伤己。</span></p><p style=\"text-align: center;\"><a href=\"http://www.wmpic.me/56286/56776d3588568_80\"><img src=\"http://p2.wmpic.me/article/2015/12/21/1450667317_dfFVfrqV.jpg\" alt=\"\"/></a></p><p style=\"text-align: center;\"><span style=\"color: rgb(51, 51, 51); font-family: 宋体; font-size: 14.44444465637207px; line-height: 26.99652862548828px; background-color: rgb(255, 255, 255);\">柏拉图说，</span>人生<span style=\"color: rgb(51, 51, 51); font-family: 宋体; font-size: 14.44444465637207px; line-height: 26.99652862548828px; background-color: rgb(255, 255, 255);\">最遗憾的，莫过於轻易地放弃了不该放弃的，固</span></p><p style=\"text-align: center;\"><span style=\"color: rgb(51, 51, 51); font-family: 宋体; font-size: 14.44444465637207px; line-height: 26.99652862548828px; background-color: rgb(255, 255, 255);\">执地坚持了不该坚持的。</span></p><p style=\"text-align: center;\"><a href=\"http://www.wmpic.me/56286/56776d358e6a9_38\"><img src=\"http://p2.wmpic.me/article/2015/12/21/1450667317_fNqevllA.jpg\" alt=\"\"/></a></p><p style=\"text-align: center;\"><span style=\"color: rgb(51, 51, 51); font-family: 宋体; font-size: 14.44444465637207px; line-height: 26.99652862548828px; background-color: rgb(255, 255, 255);\">柏拉图说，我以為小鸟飞不过沧海，是因為小鸟没有飞过沧海的</span></p><p style=\"text-align: center;\"><span style=\"color: rgb(51, 51, 51); font-family: 宋体; font-size: 14.44444465637207px; line-height: 26.99652862548828px; background-color: rgb(255, 255, 255);\">勇气，十年以后我才发现，不是小鸟飞不过去，而是沧海的那一</span></p><p style=\"text-align: center;\"><span style=\"color: rgb(51, 51, 51); font-family: 宋体; font-size: 14.44444465637207px; line-height: 26.99652862548828px; background-color: rgb(255, 255, 255);\">头，早已没有了等待</span></p>            ', '', '', '');
INSERT INTO `y_album_content` VALUES ('12', '', '其实爱情里处得好不好，标准就两个字：不累。因为，对的人，不会让你觉得累。当一首歌跟你的某段经历某场感情纠缠在一起的时候，你就再也没法自主地控制情绪。只要这个旋律响起，你都可能会掉眼泪。咖啡馆听到会哭出来，商场里逛街会哭出来，甚至在家里洗澡放歌都可能会掉眼泪。不是忘不掉什么人，只是始终对自己那场无果的付出和被浪费的太炽热的爱耿耿于怀。成熟的人需要面具。戴上，坚...', '  <p style=\"text-align: center;\"><a href=\"http://www.wmpic.me/56339/5678c279052a3_38\"><img src=\"http://p3.wmpic.me/article/2015/12/22/1450754681_kCzOERCX.jpg\" alt=\"\"/></a></p><p style=\"text-align: center;\"><span style=\"color: rgb(51, 51, 51); font-family: 宋体; font-size: 14.44444465637207px; line-height: 26.99652862548828px; background-color: rgb(255, 255, 255);\">其实</span>爱情<span style=\"color: rgb(51, 51, 51); font-family: 宋体; font-size: 14.44444465637207px; line-height: 26.99652862548828px; background-color: rgb(255, 255, 255);\">里处得好不好，标准就两个字：不累。</span></p><p style=\"text-align: center;\"><a href=\"http://www.wmpic.me/56339/5678c27919810_42\"><img src=\"http://p3.wmpic.me/article/2015/12/22/1450754681_ZnYbYGCI.jpg\" alt=\"\"/></a></p><p style=\"text-align: center;\"><span style=\"color: rgb(51, 51, 51); font-family: 宋体; font-size: 14.44444465637207px; line-height: 26.99652862548828px; background-color: rgb(255, 255, 255);\">因为，对的人，不会让你觉得累。</span></p><p style=\"text-align: center;\"><a href=\"http://www.wmpic.me/56339/5678c2791fba5_48\"><img src=\"http://p3.wmpic.me/article/2015/12/22/1450754681_VgaqwBXd.jpg\" alt=\"\"/></a></p><p style=\"text-align: center;\"><span style=\"color: rgb(51, 51, 51); font-family: 宋体; font-size: 14.44444465637207px; line-height: 26.99652862548828px; background-color: rgb(255, 255, 255);\">当一首歌跟你的某段经历某场</span>感情<span style=\"color: rgb(51, 51, 51); font-family: 宋体; font-size: 14.44444465637207px; line-height: 26.99652862548828px; background-color: rgb(255, 255, 255);\">纠缠在一起的时候，你就再也没法自主地控制情绪。</span><a href=\"http://www.wmpic.me/56339/5678c27925ede_26\"><img src=\"http://p3.wmpic.me/article/2015/12/22/1450754681_fhnRNGzY.jpg\" alt=\"\"/></a></p><p style=\"text-align: center;\"><span style=\"color: rgb(51, 51, 51); font-family: 宋体; font-size: 14.44444465637207px; line-height: 26.99652862548828px; background-color: rgb(255, 255, 255);\">只要这个旋律响起，你都可能会掉眼泪。咖啡馆听到会哭出来，商场里逛</span></p><p style=\"text-align: center;\"><span style=\"color: rgb(51, 51, 51); font-family: 宋体; font-size: 14.44444465637207px; line-height: 26.99652862548828px; background-color: rgb(255, 255, 255);\">街会哭出来，甚至在家里洗澡放歌都可能会掉眼泪。</span></p><p style=\"text-align: center;\"><a href=\"http://www.wmpic.me/56339/5678c2792bd60_40\"><img src=\"http://p3.wmpic.me/article/2015/12/22/1450754681_adhomTaj.jpg\" alt=\"\"/></a></p><p style=\"text-align: center;\"><span style=\"color: rgb(51, 51, 51); font-family: 宋体; font-size: 14.44444465637207px; line-height: 26.99652862548828px; background-color: rgb(255, 255, 255);\">不是忘不掉什么人，只是始终对自己那场无果的付出和被浪费的太炽热的爱耿耿于怀。</span><a href=\"http://www.wmpic.me/56339/5678c27937367_65\"><img src=\"http://p3.wmpic.me/article/2015/12/22/1450754681_pOhvXNSf.jpg\" alt=\"\"/></a></p><p style=\"text-align: center;\"><span style=\"color: rgb(51, 51, 51); font-family: 宋体; font-size: 14.44444465637207px; line-height: 26.99652862548828px; background-color: rgb(255, 255, 255);\">成熟的人需要面具。戴上，坚强面对社会；摘下，温柔面对家人。</span></p>            ', '', '', '');
INSERT INTO `y_album_content` VALUES ('13', '', '女人啊，平时要好好护肤，保持身材，多看书，多旅行，有自己的想法去做自己喜欢的事，培养自信。不要把精力全部用在一个男人身上，成天胡思乱想像个怨妇。等你变得更好的时候，你会发现所有的事情都会变得很容易了，包括爱情。真爱你的人会让你活得像自己，不够爱你的人才用改变你的方式来附和自己。有钱的给你物质，有时间的给你陪伴，有情调的给你浪漫，那些都不是爱情。', '  <p style=\"text-align: center;\"><a href=\"http://www.wmpic.me/56340/5678c3238d394_32\"><img src=\"http://p2.wmpic.me/article/2015/12/22/1450754851_OpwwznTr.jpg\" alt=\"\"/></a></p><p style=\"text-align: center;\">女人<span style=\"color: rgb(51, 51, 51); font-family: 宋体; font-size: 14.44444465637207px; line-height: 26.99652862548828px; background-color: rgb(255, 255, 255);\">啊，平时要好好护肤，保持身材，多看书，多旅行，有自己的想法</span><a href=\"http://www.wmpic.me/56340/5678c323a809b_21\"><img src=\"http://p2.wmpic.me/article/2015/12/22/1450754851_soYHOkBt.jpg\" alt=\"\"/></a></p><p style=\"text-align: center;\"><span style=\"color: rgb(51, 51, 51); font-family: 宋体; font-size: 14.44444465637207px; line-height: 26.99652862548828px; background-color: rgb(255, 255, 255);\">去做自己喜欢的事，培养自信。不要把精力全部用在一个</span>男人<span style=\"color: rgb(51, 51, 51); font-family: 宋体; font-size: 14.44444465637207px; line-height: 26.99652862548828px; background-color: rgb(255, 255, 255);\">身上，成天胡思乱想</span><a href=\"http://www.wmpic.me/56340/5678c323ade8c_83\"><img src=\"http://p2.wmpic.me/article/2015/12/22/1450754851_DfNBqOfq.jpg\" alt=\"\"/></a></p><p style=\"text-align: center;\"><span style=\"color: rgb(51, 51, 51); font-family: 宋体; font-size: 14.44444465637207px; line-height: 26.99652862548828px; background-color: rgb(255, 255, 255);\">像个怨妇。等你变得更好的时候，你会发现所有的事情都会变得很容易了，包括爱情。</span><br style=\"border: 0px; margin: 0px; padding: 0px; color: rgb(51, 51, 51); font-family: 宋体; font-size: 14.44444465637207px; line-height: 26.99652862548828px; white-space: normal; background-color: rgb(255, 255, 255);\"/><a href=\"http://www.wmpic.me/56340/5678c323b4a22_18\"><img src=\"http://p2.wmpic.me/article/2015/12/22/1450754851_pXPhnAWu.jpg\" alt=\"\"/></a></p><p style=\"text-align: center;\"><span style=\"color: rgb(51, 51, 51); font-family: 宋体; font-size: 14.44444465637207px; line-height: 26.99652862548828px; background-color: rgb(255, 255, 255);\">真爱你的人会让你活得像自己，不够爱你的人才用改变你的方式来附和自己。</span><a href=\"http://www.wmpic.me/56340/5678c323bb4c8_84\"><img src=\"http://p2.wmpic.me/article/2015/12/22/1450754851_QDpSYYer.jpg\" alt=\"\"/></a></p><p style=\"text-align: center;\"><span style=\"color: rgb(51, 51, 51); font-family: 宋体; font-size: 14.44444465637207px; line-height: 26.99652862548828px; background-color: rgb(255, 255, 255);\">有钱的给你物质，有</span>时间<span style=\"color: rgb(51, 51, 51); font-family: 宋体; font-size: 14.44444465637207px; line-height: 26.99652862548828px; background-color: rgb(255, 255, 255);\">的给你陪伴，有情调的给你浪漫，那些都不是爱情。</span></p>            ', '', '', '');
INSERT INTO `y_album_content` VALUES ('14', '', '可是当你回忆起来的时候是否会不自觉的张扬起笑颜呢？何况，时间从来不会倒流，我们遇到什么样的人，都是自己的命数。几时起，我也会心疼的怀念从前，抹不掉的记忆久久的温故曾经。有时会想，假如不曾与你相遇，青春的回忆里不出现你我怎么会不顾忧伤的撰写成章，憧憬着明天是否依旧美好。若能揭去那肿肿的忧伤独自抱守一个人的清静，纵使寂寞难耐，无须陪伴的温暖，一人苦酒作伴，又何乐...', '  <p style=\"text-align: center;\"><a href=\"http://www.wmpic.me/56369/567901d2d8c41_46\"><img src=\"http://p2.wmpic.me/article/2015/12/22/1450770898_QGdGnVrY.jpg\" alt=\"\"/></a></p><p style=\"text-align: center;\"><span style=\"color: rgb(51, 51, 51); font-family: 宋体; font-size: 14.44444465637207px; line-height: 26.99652862548828px; background-color: rgb(255, 255, 255);\">可是当你回忆起来的时候是否会不自觉的张扬起笑颜呢？何况，时间从来不会倒流，我们遇到什么</span></p><p style=\"text-align: center;\"><span style=\"color: rgb(51, 51, 51); font-family: 宋体; font-size: 14.44444465637207px; line-height: 26.99652862548828px; background-color: rgb(255, 255, 255);\">样的人，都是自己的命数。</span></p><p style=\"text-align: center;\"><a href=\"http://www.wmpic.me/56369/567901d2e00a1_49\"><img src=\"http://p2.wmpic.me/article/2015/12/22/1450770898_cOruUjth.jpg\" alt=\"\"/></a></p><p style=\"text-align: center;\"><span style=\"color: rgb(51, 51, 51); font-family: 宋体; font-size: 14.44444465637207px; line-height: 26.99652862548828px; background-color: rgb(255, 255, 255);\">几时起，我也会心疼的怀念从前，抹不掉的</span>记忆久久<span style=\"color: rgb(51, 51, 51); font-family: 宋体; font-size: 14.44444465637207px; line-height: 26.99652862548828px; background-color: rgb(255, 255, 255);\">的温故曾经。有时会想，假如不曾与你相遇，</span></p><p style=\"text-align: center;\"><span style=\"color: rgb(51, 51, 51); font-family: 宋体; font-size: 14.44444465637207px; line-height: 26.99652862548828px; background-color: rgb(255, 255, 255);\">青春的回忆里不出现你</span></p><p style=\"text-align: center;\"><a href=\"http://www.wmpic.me/56369/567901d2e7385_32\"><img src=\"http://p2.wmpic.me/article/2015/12/22/1450770898_PTdsRLqU.jpg\" alt=\"\"/></a></p><p style=\"text-align: center;\"><span style=\"color: rgb(51, 51, 51); font-family: 宋体; font-size: 14.44444465637207px; line-height: 26.99652862548828px; background-color: rgb(255, 255, 255);\">我怎么会不顾忧伤的撰写成章，憧憬着明天是否依旧美好。若能揭去那肿肿的忧伤</span><a href=\"http://www.wmpic.me/56369/567901d2ee68a_91\"><img src=\"http://p2.wmpic.me/article/2015/12/22/1450770898_tyfrEjpm.jpg\" alt=\"\"/></a></p><p style=\"text-align: center;\"><span style=\"color: rgb(51, 51, 51); font-family: 宋体; font-size: 14.44444465637207px; line-height: 26.99652862548828px; background-color: rgb(255, 255, 255);\">独自抱守</span>一个人<span style=\"color: rgb(51, 51, 51); font-family: 宋体; font-size: 14.44444465637207px; line-height: 26.99652862548828px; background-color: rgb(255, 255, 255);\">的清静，纵使</span>寂寞<span style=\"color: rgb(51, 51, 51); font-family: 宋体; font-size: 14.44444465637207px; line-height: 26.99652862548828px; background-color: rgb(255, 255, 255);\">难耐，无须陪伴的温暖，一人苦酒作伴，又何乐而不为呢？</span><a href=\"http://www.wmpic.me/56369/567901d300909_33\"><img src=\"http://p2.wmpic.me/article/2015/12/22/1450770898_nSoIWLXu.jpg\" alt=\"\"/></a></p><p style=\"text-align: center;\"><span style=\"color: rgb(51, 51, 51); font-family: 宋体; font-size: 14.44444465637207px; line-height: 26.99652862548828px; background-color: rgb(255, 255, 255);\">一直都想写一篇关于我们的</span>文章<span style=\"color: rgb(51, 51, 51); font-family: 宋体; font-size: 14.44444465637207px; line-height: 26.99652862548828px; background-color: rgb(255, 255, 255);\">，总以为自己很懂你，每当执笔写作，那些言不尽的愁绪</span><a href=\"http://www.wmpic.me/56369/567901d306828_49\"><img src=\"http://p3.wmpic.me/article/2015/12/22/1450770899_hfyuYkpf.jpg\" alt=\"\"/></a></p><p style=\"text-align: center;\"><span style=\"color: rgb(51, 51, 51); font-family: 宋体; font-size: 14.44444465637207px; line-height: 26.99652862548828px; background-color: rgb(255, 255, 255);\">了了的只道相思。我依旧会去怀念那个让我心疼的女子，娇小的身影，虽然偶尔任</span></p>            ', '', '', '');
INSERT INTO `y_album_content` VALUES ('15', '', '爱也是一样，在跌倒中爬起，在失败中不气馁，要当一个勇者，不被打败的人。爱是最好的精神财富，爱也是最美丽的催化剂。我们要懂得爱的本质要把爱的美丽发扬光大，你是爱里的人，我也是爱里的人，谁也离不开谁，彼此的心心相印，彼此爱得如胶似漆。我错过了那朵浮云描绘的风情，错过了荷塘里那朵莲盛放的清雅，错过了雨滴敲打柳叶的声韵，也错过了湿了初心的你。当我沉默的面对你时，你怎...', '  <p style=\"text-align: center;\"><a href=\"http://www.wmpic.me/56402/567a1add61f64_53\"><img src=\"http://p3.wmpic.me/article/2015/12/23/1450842845_vQYOmPPY.jpg\" alt=\"\" width=\"507\" height=\"331\" style=\"width: 507px; height: 331px;\"/></a></p><p style=\"text-align: center;\"><span style=\"color: rgb(51, 51, 51); font-family: 宋体; font-size: 14.44444465637207px; line-height: 26.99652862548828px; background-color: rgb(255, 255, 255);\">爱也是一样，在跌倒中爬起，在失败中不气馁，要当一个勇者，不被打败的人。</span><a href=\"http://www.wmpic.me/56402/567a1add8450c_12\"><img src=\"http://p3.wmpic.me/article/2015/12/23/1450842845_oeVPdtIJ.jpg\" alt=\"\" width=\"509\" height=\"332\" style=\"width: 509px; height: 332px;\"/></a></p><p style=\"text-align: center;\"><span style=\"color: rgb(51, 51, 51); font-family: 宋体; font-size: 14.44444465637207px; line-height: 26.99652862548828px; background-color: rgb(255, 255, 255);\">爱是最好的精神财富，爱也是最美丽的催化剂。我们要懂得爱的本质</span><a href=\"http://www.wmpic.me/56402/567a1add8dd40_65\"><img src=\"http://p3.wmpic.me/article/2015/12/23/1450842845_tifPBnYy.jpg\" alt=\"\" width=\"509\" height=\"339\" style=\"width: 509px; height: 339px;\"/></a></p><p style=\"text-align: center;\"><span style=\"color: rgb(51, 51, 51); font-family: 宋体; font-size: 14.44444465637207px; line-height: 26.99652862548828px; background-color: rgb(255, 255, 255);\">要把爱的美丽发扬光大，你是爱里的人，我也是爱里的人，谁也离不开谁，彼此的心</span></p><p style=\"text-align: center;\"><span style=\"color: rgb(51, 51, 51); font-family: 宋体; font-size: 14.44444465637207px; line-height: 26.99652862548828px; background-color: rgb(255, 255, 255);\">心相印，彼此爱得如胶似漆。</span><br style=\"border: 0px; margin: 0px; padding: 0px; color: rgb(51, 51, 51); font-family: 宋体; font-size: 14.44444465637207px; line-height: 26.99652862548828px; white-space: normal; background-color: rgb(255, 255, 255);\"/><a href=\"http://www.wmpic.me/56402/567a1add93a4f_92\"><img src=\"http://p3.wmpic.me/article/2015/12/23/1450842845_ZuhNPdPU.jpg\" alt=\"\"/></a></p><p style=\"text-align: center;\"><span style=\"color: rgb(51, 51, 51); font-family: 宋体; font-size: 14.44444465637207px; line-height: 26.99652862548828px; background-color: rgb(255, 255, 255);\">我错过了那朵浮云描绘的风情，错过了荷塘里那朵莲盛放的清雅，错过了雨滴敲打</span></p><p style=\"text-align: center;\"><span style=\"color: rgb(51, 51, 51); font-family: 宋体; font-size: 14.44444465637207px; line-height: 26.99652862548828px; background-color: rgb(255, 255, 255);\">柳叶的声韵，也错过了湿了初心的你。</span></p><p style=\"text-align: center;\"><a href=\"http://www.wmpic.me/56402/567a1add99766_15\"><img src=\"http://p3.wmpic.me/article/2015/12/23/1450842845_Bpxylqhf.jpg\" alt=\"\"/></a></p><p style=\"text-align: center;\"><span style=\"color: rgb(51, 51, 51); font-family: 宋体; font-size: 14.44444465637207px; line-height: 26.99652862548828px; background-color: rgb(255, 255, 255);\">当我沉默的面对你时，你怎么知道我在心里对你说了多少话呢</span><br style=\"border: 0px; margin: 0px; padding: 0px; color: rgb(51, 51, 51); font-family: 宋体; font-size: 14.44444465637207px; line-height: 26.99652862548828px; white-space: normal; background-color: rgb(255, 255, 255);\"/><a href=\"http://www.wmpic.me/56402/567a1add9fd1c_80\"><img src=\"http://p3.wmpic.me/article/2015/12/23/1450842845_eePuAFwH.jpg\" alt=\"\"/></a></p><p style=\"text-align: center;\"><span style=\"color: rgb(51, 51, 51); font-family: 宋体; font-size: 14.44444465637207px; line-height: 26.99652862548828px; background-color: rgb(255, 255, 255);\">世界上只有一种</span>生活<span style=\"color: rgb(51, 51, 51); font-family: 宋体; font-size: 14.44444465637207px; line-height: 26.99652862548828px; background-color: rgb(255, 255, 255);\">是关乎自己的那就是“自己的生活”，我们无法改变生活的轨</span></p><p style=\"text-align: center;\"><span style=\"color: rgb(51, 51, 51); font-family: 宋体; font-size: 14.44444465637207px; line-height: 26.99652862548828px; background-color: rgb(255, 255, 255);\">迹，但是还好我们可以在轨迹上留下标记，避免再次来到这里。</span></p>            ', '', '', '');
INSERT INTO `y_album_content` VALUES ('16', '', '而等你我皆成白发初染的老者，你是否还是那个在树下等我的少年？我喜欢在午夜时刻打开自己的邮箱，看着草稿箱保存的那些零零碎碎的文字，默默地欢喜着，忧伤着，回味着，感慨着。温馨的一句提示又来了：夜深了，长发绾君心！没有声音，却是一句无比暖心的关怀犹如那个在远方的人儿，他也许看不见你的身影听不见你的声音，但他总是在凝望，在呼唤。在这样安静的午夜时刻，只适合做一件事情...', '  <p style=\"text-align: center;\"><a href=\"http://www.wmpic.me/56414/567a3faf01947_65\"><img src=\"http://p2.wmpic.me/article/2015/12/23/1450852270_RiUXJTgm.jpg\" alt=\"\"/></a></p><p style=\"text-align: center;\"><span style=\"color: rgb(51, 51, 51); font-family: 宋体; font-size: 14.44444465637207px; line-height: 26.99652862548828px; background-color: rgb(255, 255, 255);\">而等你我皆成白发初染的老者，你是否还是那个在树下等我的少年？</span><a href=\"http://www.wmpic.me/56414/567a3faf45a71_46\"><img src=\"http://p3.wmpic.me/article/2015/12/23/1450852271_pPeaheNA.jpg\" alt=\"\"/></a></p><p style=\"text-align: center;\"><span style=\"color: rgb(51, 51, 51); font-family: 宋体; font-size: 14.44444465637207px; line-height: 26.99652862548828px; background-color: rgb(255, 255, 255);\">我喜欢在午夜时刻打开自己的邮箱，看着草稿箱保存的那些零零碎碎的</span>文字<span style=\"color: rgb(51, 51, 51); font-family: 宋体; font-size: 14.44444465637207px; line-height: 26.99652862548828px; background-color: rgb(255, 255, 255);\">，默</span></p><p style=\"text-align: center;\"><span style=\"color: rgb(51, 51, 51); font-family: 宋体; font-size: 14.44444465637207px; line-height: 26.99652862548828px; background-color: rgb(255, 255, 255);\">默地欢喜着，忧伤着，回味着，感慨着。</span></p><p style=\"text-align: center;\"><a href=\"http://www.wmpic.me/56414/567a3faf4c805_73\"><img src=\"http://p3.wmpic.me/article/2015/12/23/1450852271_KuMYNXcK.jpg\" alt=\"\"/></a></p><p style=\"text-align: center;\"><span style=\"color: rgb(51, 51, 51); font-family: 宋体; font-size: 14.44444465637207px; line-height: 26.99652862548828px; background-color: rgb(255, 255, 255);\">温馨的一句提示又来了：夜深了，长发绾君心！没有声音，却是一句无比暖心的关怀</span><a href=\"http://www.wmpic.me/56414/567a3faf53ba8_68\"><img src=\"http://p3.wmpic.me/article/2015/12/23/1450852271_FdTmtJHR.jpg\" alt=\"\"/></a></p><p style=\"text-align: center;\"><span style=\"color: rgb(51, 51, 51); font-family: 宋体; font-size: 14.44444465637207px; line-height: 26.99652862548828px; background-color: rgb(255, 255, 255);\">犹如那个在远方的人儿，他也许看不见你的身影听不见你的声音，但他总是在凝望，在呼唤。</span><br style=\"border: 0px; margin: 0px; padding: 0px; color: rgb(51, 51, 51); font-family: 宋体; font-size: 14.44444465637207px; line-height: 26.99652862548828px; white-space: normal; background-color: rgb(255, 255, 255);\"/><a href=\"http://www.wmpic.me/56414/567a3faf597ba_79\"><img src=\"http://p3.wmpic.me/article/2015/12/23/1450852271_MgASWgNU.jpg\" alt=\"\"/></a></p><p style=\"text-align: center;\"><span style=\"color: rgb(51, 51, 51); font-family: 宋体; font-size: 14.44444465637207px; line-height: 26.99652862548828px; background-color: rgb(255, 255, 255);\">在这样安静的午夜时刻，只适合做一件事情，想你。</span></p><p style=\"text-align: center;\"><a href=\"http://www.wmpic.me/56414/567a3faf63acb_95\"><img src=\"http://p3.wmpic.me/article/2015/12/23/1450852271_bgfMVawX.jpg\" alt=\"\"/></a></p><p style=\"text-align: center;\"><span style=\"color: rgb(51, 51, 51); font-family: 宋体; font-size: 14.44444465637207px; line-height: 26.99652862548828px; background-color: rgb(255, 255, 255);\">手指飞快地敲打着键盘，将每一分每一秒的相思都说给文字听，每一个汉字就是</span></p><p style=\"text-align: center;\"><span style=\"color: rgb(51, 51, 51); font-family: 宋体; font-size: 14.44444465637207px; line-height: 26.99652862548828px; background-color: rgb(255, 255, 255);\">一个小精灵，翩翩起舞，自由徜徉，它懂我的全部心意，除了它便只有你了。</span></p>            ', '', '', '');
INSERT INTO `y_album_content` VALUES ('17', '', '因为我也不知道我怎么做，我在乎你，我关心你，那是因为我爱你，可是你知道吗？当你每次掛断我电话的时候，我的心就会很失落了、当我知道你在做一些我不想看到的事情的时候，我的心也就凉了、当你不在乎我的感受的时候，我就想哭了。你知道不，当一个人很在乎一个人的时候，你就知道，他是怎么k去害怕失去她，可是，可是这一切对你来说，你在乎吗？你知道吗？每一刻我都很想打你的电话，...', '  <p style=\"text-align: center;\"><a href=\"http://www.wmpic.me/56460/567b67a2d783b_57\"><img src=\"http://p1.wmpic.me/article/2015/12/24/1450928034_PqBnLGOs.jpg\" alt=\"\"/></a></p><p style=\"text-align: center;\"><span style=\"color: rgb(51, 51, 51); font-family: 宋体; font-size: 14.44444465637207px; line-height: 26.99652862548828px; background-color: rgb(255, 255, 255);\">因为我也不知道我怎么做，我在乎你，我关心你，那是因为</span>我爱你<span style=\"color: rgb(51, 51, 51); font-family: 宋体; font-size: 14.44444465637207px; line-height: 26.99652862548828px; background-color: rgb(255, 255, 255);\">，可是你知道吗？</span><a href=\"http://www.wmpic.me/56460/567b67a2f284b_54\"><img src=\"http://p1.wmpic.me/article/2015/12/24/1450928034_KASDoCCY.jpg\" alt=\"\"/></a></p><p style=\"text-align: center;\"><span style=\"color: rgb(51, 51, 51); font-family: 宋体; font-size: 14.44444465637207px; line-height: 26.99652862548828px; background-color: rgb(255, 255, 255);\">当你每次掛断我电话的时候，我的心就会很失落了、当我知道你在做一些我不想看到的事情的时候，</span></p><p style=\"text-align: center;\"><span style=\"color: rgb(51, 51, 51); font-family: 宋体; font-size: 14.44444465637207px; line-height: 26.99652862548828px; background-color: rgb(255, 255, 255);\">我的心也就凉了、当你不在乎我的感受的时候，我就想哭了。</span><a href=\"http://www.wmpic.me/56460/567b67a304410_97\"><img src=\"http://p2.wmpic.me/article/2015/12/24/1450928035_yyttUpXR.jpg\" alt=\"\"/></a></p><p style=\"text-align: center;\"><span style=\"color: rgb(51, 51, 51); font-family: 宋体; font-size: 14.44444465637207px; line-height: 26.99652862548828px; background-color: rgb(255, 255, 255);\">你知道不，当一个人很在乎一个人的时候，你就知道，他是怎么k去害怕失去她，可是，可是这一切</span></p><p style=\"text-align: center;\"><span style=\"color: rgb(51, 51, 51); font-family: 宋体; font-size: 14.44444465637207px; line-height: 26.99652862548828px; background-color: rgb(255, 255, 255);\">对你来说，你在乎吗？</span><br style=\"border: 0px; margin: 0px; padding: 0px; color: rgb(51, 51, 51); font-family: 宋体; font-size: 14.44444465637207px; line-height: 26.99652862548828px; white-space: normal; background-color: rgb(255, 255, 255);\"/><a href=\"http://www.wmpic.me/56460/567b67a30a4d8_72\"><img src=\"http://p2.wmpic.me/article/2015/12/24/1450928035_MCsEDxTo.jpg\" alt=\"\"/></a></p><p style=\"text-align: center;\"><span style=\"color: rgb(51, 51, 51); font-family: 宋体; font-size: 14.44444465637207px; line-height: 26.99652862548828px; background-color: rgb(255, 255, 255);\">你知道吗？每一刻我都很想打你的电话，听听你的声音。可是当我拨通你的电话，我又害怕，我害</span></p><p style=\"text-align: center;\"><span style=\"color: rgb(51, 51, 51); font-family: 宋体; font-size: 14.44444465637207px; line-height: 26.99652862548828px; background-color: rgb(255, 255, 255);\">怕你在工作，害怕我的电话会打扰你</span></p><p style=\"text-align: center;\"><a href=\"http://www.wmpic.me/56460/567b67a310118_27\"><img src=\"http://p2.wmpic.me/article/2015/12/24/1450928035_lXKZZHUw.jpg\" alt=\"\"/></a></p><p style=\"text-align: center;\"><span style=\"color: rgb(51, 51, 51); font-family: 宋体; font-size: 14.44444465637207px; line-height: 26.99652862548828px; background-color: rgb(255, 255, 255);\">害怕你不知道我在无时无刻想你，当我想听到你的声音的时候，想知道你在干什么的时候，我却又</span></p><p style=\"text-align: center;\"><span style=\"color: rgb(51, 51, 51); font-family: 宋体; font-size: 14.44444465637207px; line-height: 26.99652862548828px; background-color: rgb(255, 255, 255);\">不想去了解，因为我已经习惯了。</span></p><p style=\"text-align: center;\"><a href=\"http://www.wmpic.me/56460/567b67a315fed_65\"><img src=\"http://p2.wmpic.me/article/2015/12/24/1450928035_afHCQPrE.jpg\" alt=\"\"/></a></p><p style=\"text-align: center;\"><span style=\"color: rgb(51, 51, 51); font-family: 宋体; font-size: 14.44444465637207px; line-height: 26.99652862548828px; background-color: rgb(255, 255, 255);\">害怕了，我的在乎，我的在乎你，你放在心上了吗？对于我的在乎，你能明白吗？</span><a href=\"http://www.wmpic.me/56460/567b67a31be3d_29\"><img src=\"http://p2.wmpic.me/article/2015/12/24/1450928035_CXoNkLsD.jpg\" alt=\"\"/></a></p><p style=\"text-align: center;\"><span style=\"color: rgb(51, 51, 51); font-family: 宋体; font-size: 14.44444465637207px; line-height: 26.99652862548828px; background-color: rgb(255, 255, 255);\">有多少人都很希望自己的男朋友就像呵护宝贝一样去呵护她自己，有多少人，有多少</span>女人<span style=\"color: rgb(51, 51, 51); font-family: 宋体; font-size: 14.44444465637207px; line-height: 26.99652862548828px; background-color: rgb(255, 255, 255);\">又想去得</span></p><p style=\"text-align: center;\"><span style=\"color: rgb(51, 51, 51); font-family: 宋体; font-size: 14.44444465637207px; line-height: 26.99652862548828px; background-color: rgb(255, 255, 255);\">到这样的一份爱，可是我不知道怎么做才对，属于你心中的男朋友。</span></p>            ', '', '', '');
INSERT INTO `y_album_content` VALUES ('18', '', '细细的雨，淡淡的思绪，随风飘舞。风轻柔地抚摸，心轻柔地安静哪里是彼岸花开？哪里又桃红柳绿？只有听不完的山水清音，说不尽的莫失莫忘，读不尽的情意长天。总是在雨中彳亍，一遍遍问自己，哪里是心的彼岸，哪里是我的家？只有蒹葭水湄，白露苍苍，一帘幽梦。风雨如晦，想你撑着一把花伞，慢慢走过寂寞的长街。想你你的身上暗香浮动，你的眼里风絮飘摇，谁能读懂你眼中的寂寞？清风吹得...', '  <p style=\"text-align: center;\"><a href=\"http://www.wmpic.me/56490/567bb0f22a0f4_74\"><img src=\"http://p1.wmpic.me/article/2015/12/24/1450946802_kFZxqSJs.jpg\" alt=\"\"/></a></p><p style=\"text-align: center;\"><span style=\"color: rgb(51, 51, 51); font-family: 宋体; font-size: 14.44444465637207px; line-height: 26.99652862548828px; background-color: rgb(255, 255, 255);\">细细的雨，淡淡的思绪，随风飘舞。风轻柔地抚摸，心轻柔地安静</span><a href=\"http://www.wmpic.me/56490/567bb0f243e27_10\"><img src=\"http://p1.wmpic.me/article/2015/12/24/1450946802_wQLaQFGN.jpg\" alt=\"\"/></a></p><p style=\"text-align: center;\"><span style=\"color: rgb(51, 51, 51); font-family: 宋体; font-size: 14.44444465637207px; line-height: 26.99652862548828px; background-color: rgb(255, 255, 255);\">哪里是彼岸花开？哪里又桃红柳绿？只有听不完的山水清音，说不尽的莫失莫忘，</span></p><p style=\"text-align: center;\"><span style=\"color: rgb(51, 51, 51); font-family: 宋体; font-size: 14.44444465637207px; line-height: 26.99652862548828px; background-color: rgb(255, 255, 255);\">读不尽的情意长天。</span></p><p style=\"text-align: center;\"><a href=\"http://www.wmpic.me/56490/567bb0f24b2e0_87\"><img src=\"http://p1.wmpic.me/article/2015/12/24/1450946802_EaSIhtRF.jpg\" alt=\"\"/></a></p><p style=\"text-align: center;\"><span style=\"color: rgb(51, 51, 51); font-family: 宋体; font-size: 14.44444465637207px; line-height: 26.99652862548828px; background-color: rgb(255, 255, 255);\">总是在雨中彳亍，一遍遍问自己，哪里是心的彼岸，哪里是我的家？</span><a href=\"http://www.wmpic.me/56490/567bb0f250e95_91\"><img src=\"http://p1.wmpic.me/article/2015/12/24/1450946802_lgkECnkz.jpg\" alt=\"\"/></a></p><p style=\"text-align: center;\"><span style=\"color: rgb(51, 51, 51); font-family: 宋体; font-size: 14.44444465637207px; line-height: 26.99652862548828px; background-color: rgb(255, 255, 255);\">只有蒹葭水湄，白露苍苍，一帘幽梦。风雨如晦，想你撑着一把花伞，慢慢走过寂寞的长街。</span><a href=\"http://www.wmpic.me/56490/567bb0f25704e_17\"><img src=\"http://p1.wmpic.me/article/2015/12/24/1450946802_TvEBpIGR.jpg\" alt=\"\"/></a></p><p style=\"text-align: center;\"><span style=\"color: rgb(51, 51, 51); font-family: 宋体; font-size: 14.44444465637207px; line-height: 26.99652862548828px; background-color: rgb(255, 255, 255);\">想你你的身上暗香浮动，你的眼里风絮飘摇，谁能读懂你眼中的寂寞？</span><a href=\"http://www.wmpic.me/56490/567bb0f25c6fe_69\"><img src=\"http://p1.wmpic.me/article/2015/12/24/1450946802_JVPXciEx.jpg\" alt=\"\"/></a></p><p style=\"text-align: center;\"><span style=\"color: rgb(51, 51, 51); font-family: 宋体; font-size: 14.44444465637207px; line-height: 26.99652862548828px; background-color: rgb(255, 255, 255);\">清风吹得去云烟，却吹不散眉弯。曾经红尘陌上，一眸惊鸿，慈悲深种。</span></p>            ', '', '', '');
INSERT INTO `y_album_content` VALUES ('19', '', '我自私地想将你占有，却不敢用温暖的承诺将你守护，我若能封笔戏江湖，该是多好。　相遇，是因为这世界有会说话的文字。相恋，是因为我的世界里有个能懂我心的你。若我能写就繁华，当许你半世繁华。若我能写出风流，当给你倾城浪漫。若我能写下温暖，当陪你度过寒冬。若我能写入你心，当为你写一世情书。若你懂我的爱在心里，当为你不离不弃的守候。　　', '  <p style=\"text-align: center;\"><a href=\"http://www.wmpic.me/56520/567cba10e19a0_72\"><img src=\"http://p2.wmpic.me/article/2015/12/25/1451014672_LMvLHcTp.jpg\" alt=\"\"/></a></p><p style=\"text-align: center;\"><span style=\"color: rgb(51, 51, 51); font-family: 宋体; font-size: 14.44444465637207px; line-height: 26.99652862548828px; background-color: rgb(255, 255, 255);\">我自私地想将你占有，却不敢用温暖的承诺将你守护，我若能封笔戏江湖，该是多好。</span><a href=\"http://www.wmpic.me/56520/567cba1103347_72\"><img src=\"http://p3.wmpic.me/article/2015/12/25/1451014673_AmWkxqGD.jpg\" alt=\"\"/></a><span style=\"color: rgb(51, 51, 51); font-family: 宋体; font-size: 14.44444465637207px; line-height: 26.99652862548828px; background-color: rgb(255, 255, 255);\">　</span></p><p style=\"text-align: center;\"><span style=\"color: rgb(51, 51, 51); font-family: 宋体; font-size: 14.44444465637207px; line-height: 26.99652862548828px; background-color: rgb(255, 255, 255);\">相遇，是因为这世界有会说话的文字。</span><span style=\"color: rgb(51, 51, 51); font-family: 宋体; font-size: 14.44444465637207px; line-height: 26.99652862548828px; background-color: rgb(255, 255, 255);\">相恋，是因为我的世界里有个能懂我心的你。</span></p><p style=\"text-align: center;\"><a href=\"http://www.wmpic.me/56520/567cba1109206_27\"><img src=\"http://p3.wmpic.me/article/2015/12/25/1451014673_XtLpxeah.jpg\" alt=\"\"/></a></p><p style=\"text-align: center;\"><span style=\"color: rgb(51, 51, 51); font-family: 宋体; font-size: 14.44444465637207px; line-height: 26.99652862548828px; background-color: rgb(255, 255, 255);\">若我能写就繁华，当许你半世繁华。若我能写出风流，当给你倾城浪漫。</span><a href=\"http://www.wmpic.me/56520/567cba110ebe9_80\"><img src=\"http://p3.wmpic.me/article/2015/12/25/1451014673_EGGGaafv.jpg\" alt=\"\"/></a></p><p style=\"text-align: center;\"><span style=\"color: rgb(51, 51, 51); font-family: 宋体; font-size: 14.44444465637207px; line-height: 26.99652862548828px; background-color: rgb(255, 255, 255);\">若我能写下温暖，当陪你度过寒冬。若我能写入你心，当为你写一世情书。</span><a href=\"http://www.wmpic.me/56520/567cba1115593_87\"><img src=\"http://p3.wmpic.me/article/2015/12/25/1451014673_aEeXNvXC.jpg\" alt=\"\"/></a></p><p style=\"text-align: center;\"><span style=\"color: rgb(51, 51, 51); font-family: 宋体; font-size: 14.44444465637207px; line-height: 26.99652862548828px; background-color: rgb(255, 255, 255);\">若你懂我的爱在心里，当为你不离不弃的守候。</span><br style=\"border: 0px; margin: 0px; padding: 0px; color: rgb(51, 51, 51); font-family: 宋体; font-size: 14.44444465637207px; line-height: 26.99652862548828px; white-space: normal; background-color: rgb(255, 255, 255);\"/><span style=\"color: rgb(51, 51, 51); font-family: 宋体; font-size: 14.44444465637207px; line-height: 26.99652862548828px; background-color: rgb(255, 255, 255);\">　　</span></p>            ', '', '', '');
INSERT INTO `y_album_content` VALUES ('20', '', '在没遇到那个人之前，你告诉自己：时光总会把最好的人留在后面，我会好好地、静静地等着我的Mr.Right。是的，你觉得自己能够等的到那个人。但是，现实中呢，你又总是在和一些异性朋友保持着来往，不是那么近，又似乎不远。他可能是你曾经拒绝过的人，他也可能是正在暗恋着你的人，他还可能是你的众多异性闺蜜里的一个，等等。你喜欢他们中的一个或者是几个吗？其实答案你知道的，你并不喜...', '  <p style=\"text-align: center;\"><a href=\"http://www.wmpic.me/56548/567cfd3f8f83a_14\"><img src=\"http://p2.wmpic.me/article/2015/12/25/1451031871_YBLHnlpo.jpg\" alt=\"\"/></a></p><p style=\"text-align: center;\"><span style=\"color: rgb(51, 51, 51); font-family: 宋体; font-size: 14.44444465637207px; line-height: 26.99652862548828px; background-color: rgb(255, 255, 255);\">在没遇到那个人之前，你告诉自己：时光总会把最好的人留在后面，我会好好地、</span></p><p style=\"text-align: center;\"><span style=\"color: rgb(51, 51, 51); font-family: 宋体; font-size: 14.44444465637207px; line-height: 26.99652862548828px; background-color: rgb(255, 255, 255);\">静静地等着我的Mr.Right。</span></p><p style=\"text-align: center;\"><a href=\"http://www.wmpic.me/56548/567cfd3fc0ede_49\"><img src=\"http://p2.wmpic.me/article/2015/12/25/1451031871_aANmTqww.jpg\" alt=\"\"/></a></p><p style=\"text-align: center;\"><span style=\"color: rgb(51, 51, 51); font-family: 宋体; font-size: 14.44444465637207px; line-height: 26.99652862548828px; background-color: rgb(255, 255, 255);\">是的，你觉得自己能够等的到那个人。但是，现实中呢，你又总是在和一些异性朋</span></p><p style=\"text-align: center;\"><span style=\"color: rgb(51, 51, 51); font-family: 宋体; font-size: 14.44444465637207px; line-height: 26.99652862548828px; background-color: rgb(255, 255, 255);\">友保持着来往，不是那么近，又似乎不远。</span></p><p style=\"text-align: center;\"><a href=\"http://www.wmpic.me/56548/567cfd3fd66d4_97\"><img src=\"http://p2.wmpic.me/article/2015/12/25/1451031871_THMCJyLi.jpg\" alt=\"\"/></a></p><p style=\"text-align: center;\"><span style=\"color: rgb(51, 51, 51); font-family: 宋体; font-size: 14.44444465637207px; line-height: 26.99652862548828px; background-color: rgb(255, 255, 255);\">他可能是你曾经拒绝过的人，他也可能是正在暗恋着你的人，他还可能是你的众多</span></p><p style=\"text-align: center;\"><span style=\"color: rgb(51, 51, 51); font-family: 宋体; font-size: 14.44444465637207px; line-height: 26.99652862548828px; background-color: rgb(255, 255, 255);\">异性闺蜜里的一个，等等。</span></p><p style=\"text-align: center;\"><a href=\"http://www.wmpic.me/56548/567cfd3fdfe8e_85\"><img src=\"http://p2.wmpic.me/article/2015/12/25/1451031871_OiEEIzDz.jpg\" alt=\"\"/></a></p><p style=\"text-align: center;\"><span style=\"color: rgb(51, 51, 51); font-family: 宋体; font-size: 14.44444465637207px; line-height: 26.99652862548828px; background-color: rgb(255, 255, 255);\">你喜欢他们中的一个或者是几个吗？其实答案你知道的，你并不喜欢他们，你只是</span></p><p style=\"text-align: center;\"><span style=\"color: rgb(51, 51, 51); font-family: 宋体; font-size: 14.44444465637207px; line-height: 26.99652862548828px; background-color: rgb(255, 255, 255);\">寂寞了，想要有人陪。我说的没错吧。</span><br style=\"border: 0px; margin: 0px; padding: 0px; color: rgb(51, 51, 51); font-family: 宋体; font-size: 14.44444465637207px; line-height: 26.99652862548828px; white-space: normal; background-color: rgb(255, 255, 255);\"/><a href=\"http://www.wmpic.me/56548/567cfd400e9de_74\"><img src=\"http://p3.wmpic.me/article/2015/12/25/1451031872_hYiJXPaO.jpg\" alt=\"\"/></a></p><p style=\"text-align: center;\"><span style=\"color: rgb(51, 51, 51); font-family: 宋体; font-size: 14.44444465637207px; line-height: 26.99652862548828px; background-color: rgb(255, 255, 255);\">直到遇见那个人。之前你们也有过接触，你大概知道他是喜欢你的。</span></p>            ', '', '', '');
INSERT INTO `y_album_content` VALUES ('21', '', '能陪你一生的人却很少，谁在默默的等待，谁又从未走远，谁能为你一直都在，放在心上的人毕竟不多，爱是要珍惜，缘是要相守。时间在守，红尘在望，谁是真心，谁是真爱，相爱不简单，相守却很难，想要对方所想爱要真心去爱，以情动情，才会最难解难分，以爱所爱，心对心才感实在，爱有所谓的重视从不会忽略，情无所谓的兼程，从不畏风雨，最难求的，是始终同行的人最可贵的，是一直在乎你的...', '  <p style=\"text-align: center;\"><a href=\"http://www.wmpic.me/56580/567e0499b1c72_11\"><img src=\"http://p1.wmpic.me/article/2015/12/26/1451099289_ZhbiUaQH.jpg\" alt=\"\"/></a></p><p style=\"text-align: center;\"><span style=\"color: rgb(51, 51, 51); font-family: 宋体; font-size: 14.44444465637207px; line-height: 26.99652862548828px; background-color: rgb(255, 255, 255);\">能陪你一生的人却很少，谁在默默的等待，谁又从未走远，谁能为你一直都在，放在心上的人毕竟</span></p><p style=\"text-align: center;\"><span style=\"color: rgb(51, 51, 51); font-family: 宋体; font-size: 14.44444465637207px; line-height: 26.99652862548828px; background-color: rgb(255, 255, 255);\">不多，爱是要珍惜，缘是要相守。</span></p><p style=\"text-align: center;\"><a href=\"http://www.wmpic.me/56580/567e0499cb470_17\"><img src=\"http://p1.wmpic.me/article/2015/12/26/1451099289_PVnZiMcn.jpg\" alt=\"\"/></a></p><p style=\"text-align: center;\"><span style=\"color: rgb(51, 51, 51); font-family: 宋体; font-size: 14.44444465637207px; line-height: 26.99652862548828px; background-color: rgb(255, 255, 255);\">时间在守，红尘在望，谁是真心，谁是真爱，相爱不简单，相守却很难，想要对方所想</span><a href=\"http://www.wmpic.me/56580/567e0499d72e5_98\"><img src=\"http://p1.wmpic.me/article/2015/12/26/1451099289_CiHzZiVB.jpg\" alt=\"\"/></a></p><p style=\"text-align: center;\"><span style=\"color: rgb(51, 51, 51); font-family: 宋体; font-size: 14.44444465637207px; line-height: 26.99652862548828px; background-color: rgb(255, 255, 255);\">爱要真心去爱，以情动情，才会最难解难分，以爱所爱，心对心才感实在，爱有所谓的重视</span><a href=\"http://www.wmpic.me/56580/567e0499de4a1_51\"><img src=\"http://p1.wmpic.me/article/2015/12/26/1451099289_jlurblly.jpg\" alt=\"\"/></a></p><p style=\"text-align: center;\"><span style=\"color: rgb(51, 51, 51); font-family: 宋体; font-size: 14.44444465637207px; line-height: 26.99652862548828px; background-color: rgb(255, 255, 255);\">从不会忽略，情无所谓的兼程，从不畏风雨，最难求的，是始终同行的人</span><a href=\"http://www.wmpic.me/56580/567e0499e61b6_35\"><img src=\"http://p1.wmpic.me/article/2015/12/26/1451099289_MNAnJcsQ.jpg\" alt=\"\"/></a></p><p style=\"text-align: center;\"><span style=\"color: rgb(51, 51, 51); font-family: 宋体; font-size: 14.44444465637207px; line-height: 26.99652862548828px; background-color: rgb(255, 255, 255);\">最可贵的，是一直在乎你的心，能一直陪你到最后的，才是最长情的告白，不要忽视身边看似平凡的拥有</span><a href=\"http://www.wmpic.me/56580/567e0499eec7d_81\"><img src=\"http://p1.wmpic.me/article/2015/12/26/1451099289_unHMHsjx.jpg\" alt=\"\"/></a></p><p style=\"text-align: center;\"><span style=\"color: rgb(51, 51, 51); font-family: 宋体; font-size: 14.44444465637207px; line-height: 26.99652862548828px; background-color: rgb(255, 255, 255);\">更不要等到失去了，才知道什么是怀念，水深而无声，情真而无语，无声无息的陪伴，值得一生去</span></p><p style=\"text-align: center;\"><span style=\"color: rgb(51, 51, 51); font-family: 宋体; font-size: 14.44444465637207px; line-height: 26.99652862548828px; background-color: rgb(255, 255, 255);\">善待，值得一世去信赖。</span></p>            ', '', '', '');
INSERT INTO `y_album_content` VALUES ('22', '', '足以成就人间一段最美的因缘，一份感情，不在乎付出多少，不必去费心计较，却是纯洁如雪，温婉如玉，这就是唯美的真情。红尘过客，朦朦胧胧，情很真爱很深，几人能在心中一世停留，一路擦肩，一路遗忘纵有一刻的欣然相逢，也只是执手一笑，心清澈明净，情坦坦荡荡，不去惊扰别人的平静不去打乱彼此的安宁，淡淡的思念，只源于心底深处深深的懂得，唯一埋葬不了的就是这唯美的真情悠悠我心...', '  <p style=\"text-align: center;\"><a href=\"http://www.wmpic.me/56607/567e3f07ba06a_36\"><img src=\"http://p1.wmpic.me/article/2015/12/26/1451114247_gYaFQSqc.jpg\" alt=\"\"/></a></p><p style=\"text-align: center;\"><span style=\"color: rgb(51, 51, 51); font-family: 宋体; font-size: 14.44444465637207px; line-height: 26.99652862548828px; background-color: rgb(255, 255, 255);\">足以成就</span>人间<span style=\"color: rgb(51, 51, 51); font-family: 宋体; font-size: 14.44444465637207px; line-height: 26.99652862548828px; background-color: rgb(255, 255, 255);\">一段最美的因缘，一份感情，不在乎付出多少，不必去费心计较，却</span></p><p style=\"text-align: center;\"><span style=\"color: rgb(51, 51, 51); font-family: 宋体; font-size: 14.44444465637207px; line-height: 26.99652862548828px; background-color: rgb(255, 255, 255);\">是纯洁如</span>雪<span style=\"color: rgb(51, 51, 51); font-family: 宋体; font-size: 14.44444465637207px; line-height: 26.99652862548828px; background-color: rgb(255, 255, 255);\">，温婉如玉，这就是唯美的真情。</span><br style=\"border: 0px; margin: 0px; padding: 0px; color: rgb(51, 51, 51); font-family: 宋体; font-size: 14.44444465637207px; line-height: 26.99652862548828px; white-space: normal; background-color: rgb(255, 255, 255);\"/><a href=\"http://www.wmpic.me/56607/567e3f07db126_45\"><img src=\"http://p1.wmpic.me/article/2015/12/26/1451114247_SeDrZQLm.jpg\" alt=\"\"/></a></p><p style=\"text-align: center;\"><span style=\"color: rgb(51, 51, 51); font-family: 宋体; font-size: 14.44444465637207px; line-height: 26.99652862548828px; background-color: rgb(255, 255, 255);\">红尘过客，朦朦胧胧，情很真爱很深，几人能在心中一世停留，一路擦肩，一路遗忘</span><a href=\"http://www.wmpic.me/56607/567e3f07e28ab_48\"><img src=\"http://p1.wmpic.me/article/2015/12/26/1451114247_BrofGlSj.jpg\" alt=\"\"/></a></p><p style=\"text-align: center;\"><span style=\"color: rgb(51, 51, 51); font-family: 宋体; font-size: 14.44444465637207px; line-height: 26.99652862548828px; background-color: rgb(255, 255, 255);\">纵有一刻的欣然相逢，也只是执手一笑，心清澈明净，情坦坦荡荡，不去惊扰别人的平静</span><a href=\"http://www.wmpic.me/56607/567e3f07ebddb_19\"><img src=\"http://p1.wmpic.me/article/2015/12/26/1451114247_cxVVUNSg.jpg\" alt=\"\"/></a></p><p style=\"text-align: center;\"><span style=\"color: rgb(51, 51, 51); font-family: 宋体; font-size: 14.44444465637207px; line-height: 26.99652862548828px; background-color: rgb(255, 255, 255);\">不去打乱彼此的安宁，淡淡的思念，只源于心底深处深深的懂得，唯一埋葬不了的</span></p><p style=\"text-align: center;\"><span style=\"color: rgb(51, 51, 51); font-family: 宋体; font-size: 14.44444465637207px; line-height: 26.99652862548828px; background-color: rgb(255, 255, 255);\">就是这唯美的真情</span></p><p style=\"text-align: center;\"><a href=\"http://www.wmpic.me/56607/567e3f07f35d1_84\"><img src=\"http://p1.wmpic.me/article/2015/12/26/1451114247_WmHtmcyZ.jpg\" alt=\"\"/></a></p><p style=\"text-align: center;\"><span style=\"color: rgb(51, 51, 51); font-family: 宋体; font-size: 14.44444465637207px; line-height: 26.99652862548828px; background-color: rgb(255, 255, 255);\">悠悠我心悠悠情，心海情深心难平，心生温，情长久，爱呵护，情保鲜</span></p>            ', '', '', '');
INSERT INTO `y_album_content` VALUES ('23', '', '人，似乎总是想的比做的多。最后导致的结果就是，想做的从来都没有去实现，在做的，也只是敷衍了事。如此，最后自然而然的就是一无所获。一直以来，无论什么事，都渴望能以一种轻松的状态去完成，但往往事与愿违或许，这个世界就没有一件事能够轻易获得的。如果获得了，那一定是具有一颗轻松的心情去坦然面对所有困境的人。但很显然，我不是这样的人，至少现在还不是。在这个世界，每个人...', '  <p style=\"text-align: center;\"><a href=\"http://www.wmpic.me/56640/5680ae54d8097_41\"><img src=\"http://p2.wmpic.me/article/2015/12/28/1451273812_ykdQbWZX.jpg\" alt=\"\"/></a></p><p style=\"text-align: center;\"><span style=\"color: rgb(51, 51, 51); font-family: 宋体; font-size: 14.44444465637207px; line-height: 26.99652862548828px; background-color: rgb(255, 255, 255);\">人，似乎总是想的比做的多。最后导致的结果就是，想做的从来都没有去实现，在做的，也只是敷</span></p><p style=\"text-align: center;\"><span style=\"color: rgb(51, 51, 51); font-family: 宋体; font-size: 14.44444465637207px; line-height: 26.99652862548828px; background-color: rgb(255, 255, 255);\">衍了事。如此，最后自然而然的就是一无所获。</span><br style=\"border: 0px; margin: 0px; padding: 0px; color: rgb(51, 51, 51); font-family: 宋体; font-size: 14.44444465637207px; line-height: 26.99652862548828px; white-space: normal; background-color: rgb(255, 255, 255);\"/><a href=\"http://www.wmpic.me/56640/5680ae55113f6_43\"><img src=\"http://p3.wmpic.me/article/2015/12/28/1451273813_MAkFSccJ.jpg\" alt=\"\"/></a></p><p style=\"text-align: center;\"><span style=\"color: rgb(51, 51, 51); font-family: 宋体; font-size: 14.44444465637207px; line-height: 26.99652862548828px; background-color: rgb(255, 255, 255);\">一直以来，无论什么事，都渴望能以一种轻松的状态去完成，但往往事与愿违</span><a href=\"http://www.wmpic.me/56640/5680ae55175ad_14\"><img src=\"http://p3.wmpic.me/article/2015/12/28/1451273813_fITtnkMH.jpg\" alt=\"\"/></a></p><p style=\"text-align: center;\"><span style=\"color: rgb(51, 51, 51); font-family: 宋体; font-size: 14.44444465637207px; line-height: 26.99652862548828px; background-color: rgb(255, 255, 255);\">或许，这个世界就没有一件事能够轻易获得的。如果获得了，那一定是具有一颗轻松的</span>心情<span style=\"color: rgb(51, 51, 51); font-family: 宋体; font-size: 14.44444465637207px; line-height: 26.99652862548828px; background-color: rgb(255, 255, 255);\">去坦然</span></p><p style=\"text-align: center;\"><span style=\"color: rgb(51, 51, 51); font-family: 宋体; font-size: 14.44444465637207px; line-height: 26.99652862548828px; background-color: rgb(255, 255, 255);\">面对所有困境的人。但很显然，我不是这样的人，至少现在还不是。</span><a href=\"http://www.wmpic.me/56640/5680ae551d90d_14\"><img src=\"http://p3.wmpic.me/article/2015/12/28/1451273813_UrvRtVTO.jpg\" alt=\"\"/></a></p><p style=\"text-align: center;\"><span style=\"color: rgb(51, 51, 51); font-family: 宋体; font-size: 14.44444465637207px; line-height: 26.99652862548828px; background-color: rgb(255, 255, 255);\">在这个世界，每个人都在演绎着不同的</span>故事<span style=\"color: rgb(51, 51, 51); font-family: 宋体; font-size: 14.44444465637207px; line-height: 26.99652862548828px; background-color: rgb(255, 255, 255);\">。纸醉金迷是过，穷困潦倒也是过。</span><a href=\"http://www.wmpic.me/56640/5680ae5523371_80\"><img src=\"http://p3.wmpic.me/article/2015/12/28/1451273813_rpIryhFf.jpg\" alt=\"\"/></a></p><p style=\"text-align: center;\">生活<span style=\"color: rgb(51, 51, 51); font-family: 宋体; font-size: 14.44444465637207px; line-height: 26.99652862548828px; background-color: rgb(255, 255, 255);\">就是这样，你羡慕别人的风花</span>雪<span style=\"color: rgb(51, 51, 51); font-family: 宋体; font-size: 14.44444465637207px; line-height: 26.99652862548828px; background-color: rgb(255, 255, 255);\">月，别人羡慕你的自由散漫。</span></p>            ', '', '', '');
INSERT INTO `y_album_content` VALUES ('24', '', '陪你走过你怕冷的冬天，向着一路，走向春天。春天里，我可以在暖日里清扬文字，纵使那些铭记和珍藏有泪水成殇，在春日的暖阳里那可以风干成幸福的过往！我在冬天伸出手，想与你相伴，想温暖你整个冬天，和你一块走向春天，你愿意吗？　人的一生，都会遇到这样那样的人，有人喜欢你，有人讨厌你，有你喜欢的人，有你讨厌的人。在这期间，你会遇到你喜欢的但是不喜欢你的人，你会很痛苦。可...', '  <p style=\"text-align: center;\"><a href=\"http://www.wmpic.me/56691/5681ef2de8d52_91\"><img src=\"http://p2.wmpic.me/article/2015/12/29/1451355949_NJDxBuvN.jpg\" alt=\"\"/></a></p><p style=\"text-align: center;\"><span style=\"color: rgb(51, 51, 51); font-family: 宋体; font-size: 14.44444465637207px; line-height: 26.99652862548828px; background-color: rgb(255, 255, 255);\">陪你走过你怕冷的冬天，向着一路，走向春天。春天里，我可以在暖日里清扬</span>文字<span style=\"color: rgb(51, 51, 51); font-family: 宋体; font-size: 14.44444465637207px; line-height: 26.99652862548828px; background-color: rgb(255, 255, 255);\">，纵使那些铭记</span></p><p style=\"text-align: center;\"><span style=\"color: rgb(51, 51, 51); font-family: 宋体; font-size: 14.44444465637207px; line-height: 26.99652862548828px; background-color: rgb(255, 255, 255);\">和珍藏有泪水成殇，在春日的暖阳里那可以风干成</span>幸福<span style=\"color: rgb(51, 51, 51); font-family: 宋体; font-size: 14.44444465637207px; line-height: 26.99652862548828px; background-color: rgb(255, 255, 255);\">的过往！</span><a href=\"http://www.wmpic.me/56691/5681ef2e09bf3_82\"><img src=\"http://p3.wmpic.me/article/2015/12/29/1451355950_iWVZAAtU.jpg\" alt=\"\"/></a></p><p style=\"text-align: center;\"><span style=\"color: rgb(51, 51, 51); font-family: 宋体; font-size: 14.44444465637207px; line-height: 26.99652862548828px; background-color: rgb(255, 255, 255);\">我在冬天伸出手，想与你相伴，想温暖你整个冬天，和你一块走向春天，你愿意吗？</span><a href=\"http://www.wmpic.me/56691/5681ef2e11593_66\"><img src=\"http://p3.wmpic.me/article/2015/12/29/1451355950_UDRZyZPb.jpg\" alt=\"\"/></a><span style=\"color: rgb(51, 51, 51); font-family: 宋体; font-size: 14.44444465637207px; line-height: 26.99652862548828px; background-color: rgb(255, 255, 255);\">　</span></p><p style=\"text-align: center;\"><span style=\"color: rgb(51, 51, 51); font-family: 宋体; font-size: 14.44444465637207px; line-height: 26.99652862548828px; background-color: rgb(255, 255, 255);\">人的一生，都会遇到这样那样的人，有人喜欢你，有人讨厌你，有你喜欢的人，有你讨厌的人。</span><a href=\"http://www.wmpic.me/56691/5681ef2e17db9_46\"><img src=\"http://p3.wmpic.me/article/2015/12/29/1451355950_ufuoExLN.jpg\" alt=\"\"/></a></p><p style=\"text-align: center;\"><span style=\"color: rgb(51, 51, 51); font-family: 宋体; font-size: 14.44444465637207px; line-height: 26.99652862548828px; background-color: rgb(255, 255, 255);\">在这期间，你会遇到你喜欢的但是不喜欢你的人，你会很痛苦。可这只是过程。</span><a href=\"http://www.wmpic.me/56691/5681ef2e22fd6_60\"><img src=\"http://p3.wmpic.me/article/2015/12/29/1451355950_YEsFQong.jpg\" alt=\"\"/></a></p><p style=\"text-align: center;\"><span style=\"color: rgb(51, 51, 51); font-family: 宋体; font-size: 14.44444465637207px; line-height: 26.99652862548828px; background-color: rgb(255, 255, 255);\">每个人都会遇到这样的人。相信我，你很好，不喜欢你不是你不好，而是他已经遇到他喜欢的人。</span><a href=\"http://www.wmpic.me/56691/5681ef2e2ad42_99\"><img src=\"http://p3.wmpic.me/article/2015/12/29/1451355950_CCAaXGIo.jpg\" alt=\"\"/></a></p><p style=\"text-align: center;\"><span style=\"color: rgb(51, 51, 51); font-family: 宋体; font-size: 14.44444465637207px; line-height: 26.99652862548828px; background-color: rgb(255, 255, 255);\">酒消愁只会愁更愁，酒只会让你头痛，烟只会让你得肺病，所以别自暴自弃，别因此厌恶自己。</span><a href=\"http://www.wmpic.me/56691/5681ef2e31720_70\"><img src=\"http://p3.wmpic.me/article/2015/12/29/1451355950_YZTpCNPk.jpg\" alt=\"\"/></a></p><p style=\"text-align: center;\"><span style=\"color: rgb(51, 51, 51); font-family: 宋体; font-size: 14.44444465637207px; line-height: 26.99652862548828px; background-color: rgb(255, 255, 255);\">宝贝，虽然你老说自己是个傻瓜，可我知道你是个聪明的女子。聪明的女子，要自己爱自己。</span></p>            ', '', '', '');
INSERT INTO `y_album_content` VALUES ('25', '', '对于女人，最大的幸福莫过于心中的他为自己揭开婚礼的面纱，而此刻，女孩得到了他给予的最深的爱情她从他坚定的眼神里看不到半点虚假，对于他所说的话始终深信不疑。她深爱了，深得没有尺度，没有距离没有任何理由能让她去伤害那颗真诚的心。她甚至开始责怪自己，责怪这份本不属于她的爱情，只是，真爱会让很多善意的谎言脆弱而无力。相濡以沫的日子，睿智的男孩又怎会没有知觉，甚至他比...', '  <p style=\"text-align: center;\"><a href=\"http://www.wmpic.me/56702/5681faab1976d_44\"><img src=\"http://p1.wmpic.me/article/2015/12/29/1451358891_CmckBTGV.jpg\" alt=\"\"/></a></p><p style=\"text-align: center;\"><span style=\"color: rgb(51, 51, 51); font-family: 宋体; font-size: 14.44444465637207px; line-height: 26.99652862548828px; background-color: rgb(255, 255, 255);\">对于</span>女人<span style=\"color: rgb(51, 51, 51); font-family: 宋体; font-size: 14.44444465637207px; line-height: 26.99652862548828px; background-color: rgb(255, 255, 255);\">，最大的幸福莫过于心中的他为自己揭开婚礼的面纱，而此刻，</span></p><p style=\"text-align: center;\"><span style=\"color: rgb(51, 51, 51); font-family: 宋体; font-size: 14.44444465637207px; line-height: 26.99652862548828px; background-color: rgb(255, 255, 255);\">女孩得到了他给予的最深的爱情</span></p><p style=\"text-align: center;\"><a href=\"http://www.wmpic.me/56702/5681faab2de35_66\"><img src=\"http://p1.wmpic.me/article/2015/12/29/1451358891_probHMwt.jpg\" alt=\"\"/></a></p><p style=\"text-align: center;\"><span style=\"color: rgb(51, 51, 51); font-family: 宋体; font-size: 14.44444465637207px; line-height: 26.99652862548828px; background-color: rgb(255, 255, 255);\">她从他坚定的眼神里看不到半点虚假，对于他所说的话始终深信不疑。</span></p><p style=\"text-align: center;\"><span style=\"color: rgb(51, 51, 51); font-family: 宋体; font-size: 14.44444465637207px; line-height: 26.99652862548828px; background-color: rgb(255, 255, 255);\">她深爱了，深得没有尺度，没有距离</span></p><p style=\"text-align: center;\"><a href=\"http://www.wmpic.me/56702/5681faab375f2_11\"><img src=\"http://p1.wmpic.me/article/2015/12/29/1451358891_VfDICwDL.jpg\" alt=\"\"/></a></p><p style=\"text-align: center;\"><span style=\"color: rgb(51, 51, 51); font-family: 宋体; font-size: 14.44444465637207px; line-height: 26.99652862548828px; background-color: rgb(255, 255, 255);\">没有任何理由能让她去伤害那颗真诚的心。她甚至开始责怪自己，责怪</span></p><p style=\"text-align: center;\"><span style=\"color: rgb(51, 51, 51); font-family: 宋体; font-size: 14.44444465637207px; line-height: 26.99652862548828px; background-color: rgb(255, 255, 255);\">这份本不属于她的爱情，只是，真爱会让很多善意的谎言脆弱而无力。</span><br style=\"border: 0px; margin: 0px; padding: 0px; color: rgb(51, 51, 51); font-family: 宋体; font-size: 14.44444465637207px; line-height: 26.99652862548828px; white-space: normal; background-color: rgb(255, 255, 255);\"/><a href=\"http://www.wmpic.me/56702/5681faab3efd6_10\"><img src=\"http://p1.wmpic.me/article/2015/12/29/1451358891_QzpXHOzS.jpg\" alt=\"\"/></a></p><p style=\"text-align: center;\"><span style=\"color: rgb(51, 51, 51); font-family: 宋体; font-size: 14.44444465637207px; line-height: 26.99652862548828px; background-color: rgb(255, 255, 255);\">相濡以沫的日子，睿智的男孩又怎会没有知觉，甚至他比自己心爱的人</span></p><p style=\"text-align: center;\"><span style=\"color: rgb(51, 51, 51); font-family: 宋体; font-size: 14.44444465637207px; line-height: 26.99652862548828px; background-color: rgb(255, 255, 255);\">更清楚那一张张病历书的情况。</span></p><p style=\"text-align: center;\"><a href=\"http://www.wmpic.me/56702/5681faab45dc5_74\"><img src=\"http://p1.wmpic.me/article/2015/12/29/1451358891_tgpckqUA.jpg\" alt=\"\"/></a></p><p style=\"text-align: center;\"><span style=\"color: rgb(51, 51, 51); font-family: 宋体; font-size: 14.44444465637207px; line-height: 26.99652862548828px; background-color: rgb(255, 255, 255);\">他没有告诉她，怕她内心纠结，无助，怕她把对自己的珍惜转化成放弃。</span></p><p style=\"text-align: center;\"><span style=\"color: rgb(51, 51, 51); font-family: 宋体; font-size: 14.44444465637207px; line-height: 26.99652862548828px; background-color: rgb(255, 255, 255);\">在男孩心里，她就是上天赐予自己的</span>天使</p><p style=\"text-align: center;\"><a href=\"http://www.wmpic.me/56702/5681faab4bfff_96\"><img src=\"http://p1.wmpic.me/article/2015/12/29/1451358891_UeqWwrVD.jpg\" alt=\"\"/></a></p><p style=\"text-align: center;\"><span style=\"color: rgb(51, 51, 51); font-family: 宋体; font-size: 14.44444465637207px; line-height: 26.99652862548828px; background-color: rgb(255, 255, 255);\">她的善良，她的美丽，她那对自己永远不变的情义让他义无反顾的想要去</span></p><p style=\"text-align: center;\"><span style=\"color: rgb(51, 51, 51); font-family: 宋体; font-size: 14.44444465637207px; line-height: 26.99652862548828px; background-color: rgb(255, 255, 255);\">照顾她一辈子。</span></p><p style=\"text-align: center;\"><a href=\"http://www.wmpic.me/56702/5681faab51edd_13\"><img src=\"http://p1.wmpic.me/article/2015/12/29/1451358891_viwQIkqm.jpg\" alt=\"\"/></a></p><p style=\"text-align: center;\"><span style=\"color: rgb(51, 51, 51); font-family: 宋体; font-size: 14.44444465637207px; line-height: 26.99652862548828px; background-color: rgb(255, 255, 255);\">那些犹豫，踌躇，他早已流放进风中，随风而散去。</span></p>            ', '', '', '');
INSERT INTO `y_album_content` VALUES ('26', '', '温暖的声音呢喃着款款深情，心便在这种乐声的抚慰中渐渐沉静，日间与客户打交道的点点滴滴，在这个时刻似乎离我极远如斯静夜，清香浅萦,窗帘深垂，午夜的灵魂简单得透明，或被丝丝的心绪牵引着穿梭于幻思与真实之间飘荡、游曳。温和的声线，散漫的鼓点，轻颤的低音，珠落的琴键，以及随意的管声，似红酒般浸润着神经迷蒙或恍惚之间，心便似顺着流水般的旋律随波而淌，隐欲在骨子里的景像...', '  <p style=\"text-align: center;\"><a href=\"http://www.wmpic.me/56750/568340ab2b807_29\"><img src=\"http://p3.wmpic.me/article/2015/12/30/1451442347_iePBbGhx.jpg\" alt=\"\"/></a></p><p style=\"text-align: center;\"><span style=\"color: rgb(51, 51, 51); font-family: 宋体; font-size: 14.44444465637207px; line-height: 26.99652862548828px; background-color: rgb(255, 255, 255);\">温暖的声音呢喃着款款深情，心便在这种乐声的抚慰中渐渐沉静，日间</span></p><p style=\"text-align: center;\"><span style=\"color: rgb(51, 51, 51); font-family: 宋体; font-size: 14.44444465637207px; line-height: 26.99652862548828px; background-color: rgb(255, 255, 255);\">与客户打交道的点点滴滴，在这个时刻似乎离我极远</span></p><p style=\"text-align: center;\"><a href=\"http://www.wmpic.me/56750/568340ab44bf0_23\"><img src=\"http://p3.wmpic.me/article/2015/12/30/1451442347_tCUVfQFX.jpg\" alt=\"\"/></a></p><p style=\"text-align: center;\"><span style=\"color: rgb(51, 51, 51); font-family: 宋体; font-size: 14.44444465637207px; line-height: 26.99652862548828px; background-color: rgb(255, 255, 255);\">如斯静夜，清香浅萦,窗帘深垂，午夜的灵魂简单得透明，或被丝丝的心</span></p><p style=\"text-align: center;\"><span style=\"color: rgb(51, 51, 51); font-family: 宋体; font-size: 14.44444465637207px; line-height: 26.99652862548828px; background-color: rgb(255, 255, 255);\">绪牵引着穿梭于幻思与真实之间飘荡、游曳。</span><br style=\"border: 0px; margin: 0px; padding: 0px; color: rgb(51, 51, 51); font-family: 宋体; font-size: 14.44444465637207px; line-height: 26.99652862548828px; white-space: normal; background-color: rgb(255, 255, 255);\"/><a href=\"http://www.wmpic.me/56750/568340ab4bd68_31\"><img src=\"http://p3.wmpic.me/article/2015/12/30/1451442347_fGcamOSu.jpg\" alt=\"\"/></a></p><p style=\"text-align: center;\"><span style=\"color: rgb(51, 51, 51); font-family: 宋体; font-size: 14.44444465637207px; line-height: 26.99652862548828px; background-color: rgb(255, 255, 255);\">温和的声线，散漫的鼓点，轻颤的低音，珠落的琴键，以及随意的管声，</span></p><p style=\"text-align: center;\"><span style=\"color: rgb(51, 51, 51); font-family: 宋体; font-size: 14.44444465637207px; line-height: 26.99652862548828px; background-color: rgb(255, 255, 255);\">似红酒般浸润着神经</span></p><p style=\"text-align: center;\"><a href=\"http://www.wmpic.me/56750/568340ab52878_38\"><img src=\"http://p3.wmpic.me/article/2015/12/30/1451442347_EXEzROZj.jpg\" alt=\"\"/></a></p><p style=\"text-align: center;\"><span style=\"color: rgb(51, 51, 51); font-family: 宋体; font-size: 14.44444465637207px; line-height: 26.99652862548828px; background-color: rgb(255, 255, 255);\">迷蒙或恍惚之间，心便似顺着流水般的旋律随波而淌，隐欲在骨子里的</span></p><p style=\"text-align: center;\"><span style=\"color: rgb(51, 51, 51); font-family: 宋体; font-size: 14.44444465637207px; line-height: 26.99652862548828px; background-color: rgb(255, 255, 255);\">景像却越来越清晰。</span></p><p style=\"text-align: center;\"><a href=\"http://www.wmpic.me/56750/568340ab58e6b_11\"><img src=\"http://p3.wmpic.me/article/2015/12/30/1451442347_RLmZwkJR.jpg\" alt=\"\"/></a></p><p style=\"text-align: center;\"><span style=\"color: rgb(51, 51, 51); font-family: 宋体; font-size: 14.44444465637207px; line-height: 26.99652862548828px; background-color: rgb(255, 255, 255);\">几许回想，少许片断，些许意念，不断地在眼前闪现，慢慢地就融成一</span></p><p style=\"text-align: center;\"><span style=\"color: rgb(51, 51, 51); font-family: 宋体; font-size: 14.44444465637207px; line-height: 26.99652862548828px; background-color: rgb(255, 255, 255);\">个旋涡，才发现，那些早已侵蚀心底、渗透生命的感念其实无时不在地</span></p><p style=\"text-align: center;\"><span style=\"color: rgb(51, 51, 51); font-family: 宋体; font-size: 14.44444465637207px; line-height: 26.99652862548828px; background-color: rgb(255, 255, 255);\">潜伏着，那无法挥去的渴望痴恋.....</span></p><p style=\"text-align: center;\"><a href=\"http://www.wmpic.me/56750/568340ab5f649_69\"><img src=\"http://p3.wmpic.me/article/2015/12/30/1451442347_rstOOPgI.jpg\" alt=\"\"/></a></p><p style=\"text-align: center;\"><span style=\"color: rgb(51, 51, 51); font-family: 宋体; font-size: 14.44444465637207px; line-height: 26.99652862548828px; background-color: rgb(255, 255, 255);\">夜归的你发出的动静更衬了午夜的静谧，惊觉间，分辨着真实与幻思，</span></p><p style=\"text-align: center;\"><span style=\"color: rgb(51, 51, 51); font-family: 宋体; font-size: 14.44444465637207px; line-height: 26.99652862548828px; background-color: rgb(255, 255, 255);\">就像醉后的挣扎，意像占据了逻辑的清晰</span></p>            ', '', '', '');
INSERT INTO `y_album_content` VALUES ('27', 'upload/album/201711/a748d4bfee5.png,upload/album/201711/0df8028ac00.jpeg,upload/album/201711/3bed85f2bdd.jpg', '范德萨爱的方式啊范德萨爱的方式啊范德萨爱的方式啊范德萨爱的方式啊范德萨爱的方式啊范德萨爱的方式啊范德萨爱的方式啊范德萨爱的方式啊范德萨爱的方式啊范德萨爱的方式啊范德萨爱的方式啊', '<span style=\"font-size:13.3333330154419px;\">范德萨爱的方式啊</span><span style=\"font-size:13.3333330154419px;\">范德萨爱的方式啊</span><span style=\"font-size:13.3333330154419px;\">范德萨爱的方式啊</span><span style=\"font-size:13.3333330154419px;\">范德萨爱的方式啊</span><span style=\"font-size:13.3333330154419px;\">范德萨爱的方式啊</span><span style=\"font-size:13.3333330154419px;\">范德萨爱的方式啊</span><span style=\"font-size:13.3333330154419px;\">范德萨爱的方式啊</span><span style=\"font-size:13.3333330154419px;\">范德萨爱的方式啊</span><span style=\"font-size:13.3333330154419px;\">范德萨爱的方式啊</span><span style=\"font-size:13.3333330154419px;\">范德萨爱的方式啊</span><span style=\"font-size:13.3333330154419px;\">范德萨爱的方式啊</span><span style=\"font-size:13.3333330154419px;\">范德萨爱的方式啊</span><span style=\"font-size:13.3333330154419px;\">范德萨爱的方式啊</span><span style=\"font-size:13.3333330154419px;\">范德萨爱的方式啊</span><span style=\"font-size:13.3333330154419px;\">范德萨爱的方式啊</span><span style=\"font-size:13.3333330154419px;\">范德萨爱的方式啊</span><span style=\"font-size:13.3333330154419px;\">范德萨爱的方式啊</span><span style=\"font-size:13.3333330154419px;\">范德萨爱的方式啊</span><span style=\"font-size:13.3333330154419px;\">范德萨爱的方式啊</span><span style=\"font-size:13.3333330154419px;\">范德萨爱的方式啊</span><span style=\"font-size:13.3333330154419px;\">范德萨爱的方式啊</span><span style=\"font-size:13.3333330154419px;\">范德萨爱的方式啊</span><span style=\"font-size:13.3333330154419px;\">范德萨爱的方式啊</span><span style=\"font-size:13.3333330154419px;\">范德萨爱的方式啊</span><span style=\"font-size:13.3333330154419px;\">范德萨爱的方式啊</span><span style=\"font-size:13.3333330154419px;\">范德萨爱的方式啊</span><span style=\"font-size:13.3333330154419px;\">范德萨爱的方式啊</span>', '', '', '');
INSERT INTO `y_album_content` VALUES ('28', '', '　　即使全世界都说你做不到，只有自己说做不到才算数。其实我们要战胜的始终是自己，和自己那无能的恐惧。带着恐惧上路，以便于更好的战胜它。　　不论你生活在何处，和爱遇见了，就打个招呼；相逢了，就给个拥抱；分手了，就说句再见。不纠缠，不厌世，不对爱情恶言相向。　　因为你，我愿意成为一个更好的人，不想成为你的包袱，因此发奋努力，只是为了想要证明我足以与你相配。我相信...', '  <center><p><img alt=\"唯美清新个性背景意境图片大全\" src=\"http://p1.wmpic.me/article/2017/09/07/1504764198_PTXBZWvo.jpg\" width=\"550\" height=\"363\" _cke_saved_src=\"http://p1.wmpic.me/article/2017/09/07/1504764198_PTXBZWvo.jpg\"/></p></center><p>　　即使全世界都说你做不到，只有自己说做不到才算数。其实我们要战胜的始终是自己，和自己那无能的恐惧。带着恐惧上路，以便于更好的战胜它。</p><center><img alt=\"唯美清新个性背景意境图片大全\" src=\"http://p1.wmpic.me/article/2017/09/07/1504764198_gyzmEEZz.jpg\" width=\"550\" height=\"550\" _cke_saved_src=\"http://p1.wmpic.me/article/2017/09/07/1504764198_gyzmEEZz.jpg\"/></center><p>　　不论你生活在何处，和爱遇见了，就打个招呼；相逢了，就给个拥抱；分手了，就说句再见。不纠缠，不厌世，不对爱情恶言相向。</p><center><img alt=\"唯美清新个性背景意境图片大全\" src=\"http://p1.wmpic.me/article/2017/09/07/1504764198_JwCGwHml.jpg\" width=\"550\" height=\"440\" _cke_saved_src=\"http://p1.wmpic.me/article/2017/09/07/1504764198_JwCGwHml.jpg\"/></center><p>　　因为你，我愿意成为一个更好的人，不想成为你的包袱，因此发奋努力，只是为了想要证明我足以与你相配。我相信，爱一个人最好的方式，是经营好自己，我有价值，我的付出才有人重视。</p><center><img alt=\"唯美清新个性背景意境图片大全\" src=\"http://p1.wmpic.me/article/2017/09/07/1504764198_MoOAgrYG.jpg\" width=\"550\" height=\"440\" _cke_saved_src=\"http://p1.wmpic.me/article/2017/09/07/1504764198_MoOAgrYG.jpg\"/></center><p>　　茫茫人海中，你说，我们不能主宰世界，但我们可以主宰自己，初涉风雨的苦笑，让我们留给秋风潇雨吧。我拿一生的诗歌来只釜煮酒，对酒当歌，在沉醉中，找回一点慰籍。</p><p><br/></p>            ', '', '', '');

-- ----------------------------
-- Table structure for `y_attention`
-- ----------------------------
DROP TABLE IF EXISTS `y_attention`;
CREATE TABLE `y_attention` (
  `id` int(10) unsigned NOT NULL AUTO_INCREMENT,
  `cid` int(10) unsigned DEFAULT '0' COMMENT '收藏id',
  `user_id` int(10) unsigned DEFAULT '0' COMMENT '用户id',
  `title` varchar(100) DEFAULT '' COMMENT '收藏名称',
  `url` varchar(200) DEFAULT '' COMMENT '收藏地址',
  `type` tinyint(2) unsigned DEFAULT '1' COMMENT '收藏内容类型(文章/图片/商品/视频)',
  `create_time` int(10) unsigned DEFAULT '0' COMMENT '添加时间',
  PRIMARY KEY (`id`)
) ENGINE=InnoDB AUTO_INCREMENT=8 DEFAULT CHARSET=utf8 COMMENT='关注表';

-- ----------------------------
-- Records of y_attention
-- ----------------------------
INSERT INTO `y_attention` VALUES ('7', '35', '1', 'Mysql基本用法', 'http://www.yii.localhost/post/35/', '1', '1449554685');

-- ----------------------------
-- Table structure for `y_catalog`
-- ----------------------------
DROP TABLE IF EXISTS `y_catalog`;
CREATE TABLE `y_catalog` (
  `id` int(10) unsigned NOT NULL AUTO_INCREMENT,
  `type` tinyint(3) unsigned NOT NULL DEFAULT '1' COMMENT '栏目类型',
  `parent_id` int(10) unsigned NOT NULL DEFAULT '0' COMMENT '上级分类',
  `catalog_name` varchar(100) NOT NULL COMMENT '名称',
  `layer` tinyint(3) unsigned NOT NULL DEFAULT '1' COMMENT '层级',
  `seo_title` varchar(100) NOT NULL DEFAULT '' COMMENT 'seo标题',
  `seo_keywords` varchar(255) NOT NULL DEFAULT '' COMMENT 'seo关键字',
  `seo_description` text NOT NULL COMMENT 'seo描述',
  `sort_order` int(10) unsigned NOT NULL DEFAULT '0' COMMENT '排序',
  `status` enum('Y','N') NOT NULL DEFAULT 'Y' COMMENT '是否显示',
  `create_time` int(10) unsigned NOT NULL DEFAULT '0' COMMENT '添加时间',
  `update_time` int(10) unsigned NOT NULL DEFAULT '0' COMMENT '修改时间',
  PRIMARY KEY (`id`)
) ENGINE=InnoDB AUTO_INCREMENT=26 DEFAULT CHARSET=utf8 COMMENT='全局分类';

-- ----------------------------
-- Records of y_catalog
-- ----------------------------
INSERT INTO `y_catalog` VALUES ('1', '1', '0', '精品阅读', '1', 'asd', 'asdf', 'asdf', '0', 'Y', '1379545020', '1442283713');
INSERT INTO `y_catalog` VALUES ('2', '1', '1', '业界讯息', '2', '', '', '', '2', 'Y', '1379545199', '1404109846');
INSERT INTO `y_catalog` VALUES ('3', '1', '1', '服务器与运维', '2', '', '', '', '1', 'Y', '1379545248', '1407122169');
INSERT INTO `y_catalog` VALUES ('4', '5', '0', '产品', '1', '', '', '', '0', 'N', '1379545330', '1394517482');
INSERT INTO `y_catalog` VALUES ('5', '5', '4', '新品上市', '2', '', '', '', '1', 'N', '1379545388', '1394517482');
INSERT INTO `y_catalog` VALUES ('6', '5', '4', '特价商品', '2', '', '', '', '0', 'N', '1379545435', '1394517482');
INSERT INTO `y_catalog` VALUES ('8', '2', '0', '图集', '1', '', '', '', '0', 'Y', '0', '1399616730');
INSERT INTO `y_catalog` VALUES ('9', '2', '8', '最新热图', '2', '最新热图', '最新热图', '最新热图', '0', 'Y', '0', '1399616723');
INSERT INTO `y_catalog` VALUES ('10', '3', '0', '本站下载', '1', '', '', '', '0', 'Y', '1400489000', '1407117706');
INSERT INTO `y_catalog` VALUES ('11', '3', '10', 'CMS版本', '2', '', '', '', '0', 'Y', '1400489069', '1407117714');
INSERT INTO `y_catalog` VALUES ('12', '4', '0', '视频专区', '1', '', '', '', '0', 'Y', '1400828336', '1407120434');
INSERT INTO `y_catalog` VALUES ('13', '4', '12', 'YII教程', '2', '', '', '', '0', 'Y', '1400828453', '1407120377');
INSERT INTO `y_catalog` VALUES ('14', '2', '8', '网络美女', '2', '', '', '', '0', 'Y', '1404111907', '1404111907');
INSERT INTO `y_catalog` VALUES ('15', '3', '10', '建站工具', '2', '', '', '', '0', 'Y', '1407115842', '1407115842');
INSERT INTO `y_catalog` VALUES ('16', '4', '12', '最新电影', '2', '', '', '', '0', 'Y', '1407120456', '1407120456');
INSERT INTO `y_catalog` VALUES ('17', '1', '1', 'PHP', '2', '', '', '', '0', 'Y', '1407122137', '1407122137');
INSERT INTO `y_catalog` VALUES ('18', '1', '1', 'mysql', '2', '', '', '', '0', 'Y', '1407122149', '1407122149');
INSERT INTO `y_catalog` VALUES ('19', '3', '10', '手册大全', '2', '', 'php手册,mysql手册,jquery手册,yii权威指南', '', '0', 'Y', '1407122452', '1407122504');
INSERT INTO `y_catalog` VALUES ('20', '1', '1', 'Yii', '2', '', '', '', '0', 'Y', '1407136673', '1407136682');
INSERT INTO `y_catalog` VALUES ('21', '1', '1', 'web前端', '2', '', '', '', '0', 'Y', '1408612172', '1408612172');
INSERT INTO `y_catalog` VALUES ('22', '3', '10', '权威指南', '2', '', '', '', '0', 'Y', '1411374612', '1411374612');
INSERT INTO `y_catalog` VALUES ('23', '2', '8', '案例', '2', '', '', '', '0', 'Y', '1416811681', '1416811681');
INSERT INTO `y_catalog` VALUES ('24', '1', '1', '编程珠玑', '2', '', '', '', '0', 'Y', '1417740886', '1417740886');
INSERT INTO `y_catalog` VALUES ('25', '1', '1', 'asdfddd', '2', '', '', '', '0', 'Y', '1441880221', '1441881028');

-- ----------------------------
-- Table structure for `y_collect`
-- ----------------------------
DROP TABLE IF EXISTS `y_collect`;
CREATE TABLE `y_collect` (
  `id` int(10) unsigned NOT NULL AUTO_INCREMENT,
  `cid` int(10) unsigned DEFAULT '0' COMMENT '收藏id',
  `user_id` int(10) unsigned DEFAULT '0' COMMENT '用户id',
  `title` varchar(100) DEFAULT '' COMMENT '收藏名称',
  `url` varchar(200) DEFAULT '' COMMENT '收藏地址',
  `type` tinyint(2) unsigned DEFAULT '1' COMMENT '收藏内容类型(文章/图片/商品/视频)',
  `create_time` int(10) unsigned DEFAULT '0' COMMENT '添加时间',
  PRIMARY KEY (`id`)
) ENGINE=InnoDB AUTO_INCREMENT=15 DEFAULT CHARSET=utf8 COMMENT='收藏表';

-- ----------------------------
-- Records of y_collect
-- ----------------------------
INSERT INTO `y_collect` VALUES ('14', '71', '2', '编程珠玑之：反转字符串', 'http://www.yiifcms.com/post/71/', '1', '1418199248');

-- ----------------------------
-- Table structure for `y_comment`
-- ----------------------------
DROP TABLE IF EXISTS `y_comment`;
CREATE TABLE `y_comment` (
  `id` int(10) unsigned NOT NULL AUTO_INCREMENT COMMENT 'id',
  `content_id` int(10) unsigned NOT NULL DEFAULT '0' COMMENT '内容id',
  `type` tinyint(3) unsigned NOT NULL DEFAULT '1' COMMENT '内容类型',
  `user_id` int(10) unsigned NOT NULL DEFAULT '0' COMMENT '用户ID',
  `content` varchar(500) NOT NULL DEFAULT '' COMMENT '评论内容',
  `status` enum('Y','N') NOT NULL DEFAULT 'Y' COMMENT '状态',
  `client_ip` varchar(15) NOT NULL DEFAULT '127' COMMENT '评论ip',
  `create_time` int(10) unsigned NOT NULL DEFAULT '0' COMMENT '添加时间',
  PRIMARY KEY (`id`)
) ENGINE=InnoDB AUTO_INCREMENT=35 DEFAULT CHARSET=utf8 COMMENT='评论表';

-- ----------------------------
-- Records of y_comment
-- ----------------------------
INSERT INTO `y_comment` VALUES ('31', '1', '2', '66', '第三张亮了！<img src=\"/public/emoticons/images/13.gif\" alt=\"\" border=\"0\" width=\"20\" height=\"20\" title=\"\" align=\"\" />', 'Y', '127.0.0.1', '1402628120');
INSERT INTO `y_comment` VALUES ('32', '16', '1', '66', '内容排版 不太好吧 <img src=\"/public/emoticons/images/1.gif\" alt=\"\" border=\"0\" /><br />', 'Y', '127.0.0.1', '1402882240');
INSERT INTO `y_comment` VALUES ('33', '35', '1', '1', '<pre class=\"prettyprint lang-js\">哈哈 不错 <img src=\"/public/emoticons/images/0.gif\" border=\"0\" alt=\"\" /></pre>', 'Y', '127.0.0.1', '1446167436');
INSERT INTO `y_comment` VALUES ('34', '1', '2', '1', '豪车<img src=\"/public/emoticons/images/18.gif\" border=\"0\" alt=\"\" />', 'Y', '127.0.0.1', '1446182826');

-- ----------------------------
-- Table structure for `y_friend`
-- ----------------------------
DROP TABLE IF EXISTS `y_friend`;
CREATE TABLE `y_friend` (
  `id` int(10) unsigned NOT NULL AUTO_INCREMENT,
  `user_id` int(10) unsigned DEFAULT '0' COMMENT '用户id',
  `friend_user_id` int(10) unsigned DEFAULT '0' COMMENT '好友uid',
  PRIMARY KEY (`id`)
) ENGINE=InnoDB DEFAULT CHARSET=utf8 COMMENT='好友表';

-- ----------------------------
-- Records of y_friend
-- ----------------------------

-- ----------------------------
-- Table structure for `y_link`
-- ----------------------------
DROP TABLE IF EXISTS `y_link`;
CREATE TABLE `y_link` (
  `id` int(10) unsigned NOT NULL AUTO_INCREMENT,
  `title` varchar(100) NOT NULL DEFAULT '' COMMENT '名称',
  `url` varchar(100) NOT NULL DEFAULT '' COMMENT '链接',
  `logo` varchar(100) NOT NULL DEFAULT '' COMMENT 'LOGO图标',
  `sort_order` smallint(10) unsigned NOT NULL DEFAULT '255' COMMENT '排序',
  `status` enum('Y','N') NOT NULL DEFAULT 'Y' COMMENT '状态Y-显示N-隐藏',
  PRIMARY KEY (`id`)
) ENGINE=InnoDB AUTO_INCREMENT=27 DEFAULT CHARSET=utf8 COMMENT='链接表';

-- ----------------------------
-- Records of y_link
-- ----------------------------
INSERT INTO `y_link` VALUES ('4', 'PHPChina', 'http://www.phpchina.com', '', '3', 'Y');
INSERT INTO `y_link` VALUES ('5', 'Discuz动力社区', 'http://www.discuz.net', '', '4', 'Y');
INSERT INTO `y_link` VALUES ('6', 'DNSPod', 'http://www.dnspod.cn', '', '255', 'Y');
INSERT INTO `y_link` VALUES ('7', 'PHP100中文网', 'http://www.php100.com/', '', '255', 'Y');
INSERT INTO `y_link` VALUES ('8', '  WEB技术开发', 'http://www.itokit.com/', '', '255', 'Y');
INSERT INTO `y_link` VALUES ('9', '源码爱好者 ', 'http://www.codefans.net/', '', '255', 'Y');
INSERT INTO `y_link` VALUES ('10', 'PHPCMS', 'http://bbs.phpcms.cn/', '', '255', 'Y');
INSERT INTO `y_link` VALUES ('11', ' PHPwind论坛', 'http://www.phpwind.net/', '', '255', 'Y');
INSERT INTO `y_link` VALUES ('12', 'Drupal中国  ', 'http://drupalchina.cn/', '', '255', 'Y');
INSERT INTO `y_link` VALUES ('13', '德问编程', 'http://www.dewen.org/', '', '255', 'Y');
INSERT INTO `y_link` VALUES ('14', 'stackoverflow', 'http://stackoverflow.com/', '', '255', 'Y');
INSERT INTO `y_link` VALUES ('15', 'Linux课程学习', 'http://itercast.com/', '', '255', 'Y');
INSERT INTO `y_link` VALUES ('16', 'ThinkPHP', 'http://www.thinkphp.cn/', '', '255', 'Y');
INSERT INTO `y_link` VALUES ('17', 'CakePHP', 'http://cakephp.org/', '', '255', 'Y');
INSERT INTO `y_link` VALUES ('24', 'yiifcms', 'http://www.yiifcms.com', '', '255', 'Y');
INSERT INTO `y_link` VALUES ('25', 'yiifcms社区', 'http://bbs.yiifcms.com', '', '255', 'Y');
INSERT INTO `y_link` VALUES ('26', 'oschina开源中国', 'http://www.oschina.net/', '', '255', 'Y');

-- ----------------------------
-- Table structure for `y_mail_log`
-- ----------------------------
DROP TABLE IF EXISTS `y_mail_log`;
CREATE TABLE `y_mail_log` (
  `id` int(10) unsigned NOT NULL AUTO_INCREMENT,
  `accept` varchar(50) NOT NULL DEFAULT '' COMMENT '收件人邮箱',
  `subject` varchar(100) NOT NULL DEFAULT '' COMMENT '邮件标题',
  `message` text NOT NULL COMMENT '邮件内容',
  `sendtime` int(10) unsigned NOT NULL DEFAULT '0' COMMENT '发送时间',
  `status` enum('waiting','success','failed') NOT NULL DEFAULT 'waiting' COMMENT '当前邮件状态(待发送、发送成功、发送失败)',
  `level` enum('1','2','3') NOT NULL DEFAULT '3' COMMENT '邮件优先级(越小越优先)',
  `times` tinyint(2) unsigned NOT NULL DEFAULT '0' COMMENT '发送次数',
  `error` varchar(100) NOT NULL DEFAULT '' COMMENT '错误信息',
  PRIMARY KEY (`id`)
) ENGINE=InnoDB DEFAULT CHARSET=utf8 COMMENT='邮件日志表';

-- ----------------------------
-- Records of y_mail_log
-- ----------------------------

-- ----------------------------
-- Table structure for `y_menu`
-- ----------------------------
DROP TABLE IF EXISTS `y_menu`;
CREATE TABLE `y_menu` (
  `id` int(10) unsigned NOT NULL AUTO_INCREMENT,
  `menu_name` varchar(30) NOT NULL DEFAULT '' COMMENT '导航菜单',
  `menu_link` varchar(50) NOT NULL DEFAULT '' COMMENT '导航链接',
  `unique` varchar(20) NOT NULL DEFAULT '' COMMENT '唯一标示',
  `status` enum('Y','N') NOT NULL DEFAULT 'Y' COMMENT '是否显示',
  `parent_id` int(10) unsigned NOT NULL DEFAULT '0' COMMENT '上级菜单',
  `sort_order` int(10) unsigned NOT NULL DEFAULT '0' COMMENT '排序',
  `target` enum('Y','N') NOT NULL DEFAULT 'N' COMMENT '新窗口打开',
  PRIMARY KEY (`id`)
) ENGINE=InnoDB AUTO_INCREMENT=8 DEFAULT CHARSET=utf8 COMMENT='导航菜单表';

-- ----------------------------
-- Records of y_menu
-- ----------------------------
INSERT INTO `y_menu` VALUES ('1', '首页', 'index.php', 'index', 'Y', '0', '1', 'N');
INSERT INTO `y_menu` VALUES ('2', '精品阅读', '/?r=post/index', 'post', 'Y', '0', '2', 'N');
INSERT INTO `y_menu` VALUES ('3', '视频', '/?r=video/index', 'video', 'Y', '0', '5', 'N');
INSERT INTO `y_menu` VALUES ('4', '下载', '/?r=soft/index', 'soft', 'Y', '0', '3', 'N');
INSERT INTO `y_menu` VALUES ('5', '图集', '/?r=album/index', 'album', 'Y', '0', '4', 'N');
INSERT INTO `y_menu` VALUES ('6', '导读', '/?r=page/index&id=guide', 'guide', 'Y', '0', '6', 'N');
INSERT INTO `y_menu` VALUES ('7', '反馈', '/?r=question/index', 'question', 'Y', '0', '7', 'N');

-- ----------------------------
-- Table structure for `y_model_type`
-- ----------------------------
DROP TABLE IF EXISTS `y_model_type`;
CREATE TABLE `y_model_type` (
  `id` tinyint(3) unsigned NOT NULL AUTO_INCREMENT COMMENT '模型id',
  `type_key` varchar(20) NOT NULL COMMENT '类型标示(英文字母)',
  `type_name` varchar(50) NOT NULL COMMENT '模型名称',
  `model` varchar(50) NOT NULL DEFAULT '' COMMENT '内容模型',
  `status` enum('Y','N') DEFAULT 'Y',
  `seo_title` varchar(100) DEFAULT '' COMMENT 'seo标题',
  `seo_keywords` varchar(200) DEFAULT '' COMMENT 'seo关键字',
  `seo_description` varchar(255) DEFAULT '' COMMENT 'seo描述',
  PRIMARY KEY (`id`)
) ENGINE=InnoDB AUTO_INCREMENT=5 DEFAULT CHARSET=utf8 COMMENT='内容模型表';

-- ----------------------------
-- Records of y_model_type
-- ----------------------------
INSERT INTO `y_model_type` VALUES ('1', 'post', '文章', 'Post', 'Y', '专业讲解web相关的文章和知识点', 'web, php,mysql, nginx,yii,数据库，运维,服务器', '聚合了优质的IT文章，无论你是前端工程师，还是后端程序员，都可以找到你想了解的知识和资讯，更多内容尽在yiifcms。');
INSERT INTO `y_model_type` VALUES ('2', 'album', '图集', 'Album', 'Y', '最新最全的热门图集、精品爆图、美图', '图片，图集，最新，热门，精品，最全，美女，爆料，搞笑', '展示了用户最喜爱的美女图片、爆料图片、搞笑图片，惊爆眼球，更多内容尽在yiifcms。');
INSERT INTO `y_model_type` VALUES ('3', 'soft', '软件', 'Soft', 'Y', '最新发布的yiifcms、热门手册、免费下载、建站工具', 'yii，cms，免费，下载，最新，热门，最全，精品，建站，工具，安全，稳定', '提供了web开发人员的建站工具和yiifcms发布版本，供感兴趣的用户下载和使用，详情了解尽在yiifcms。');
INSERT INTO `y_model_type` VALUES ('4', 'video', '视频', 'Video', 'Y', '最新上映的电影、热门视频、热播电视剧、下载视频', '视频，电影，微电影，电视剧，MV，MTV，最新，热门，热播，高清，下载', '聚合了用户最喜爱的视频，尽在yiifcms。');

-- ----------------------------
-- Table structure for `y_oauth`
-- ----------------------------
DROP TABLE IF EXISTS `y_oauth`;
CREATE TABLE `y_oauth` (
  `id` varchar(30) NOT NULL DEFAULT '',
  `apiname` varchar(50) DEFAULT NULL COMMENT 'api名称',
  `apiconfig` text COMMENT '接口配置',
  `status` enum('Y','N') DEFAULT 'Y' COMMENT '是否启用',
  PRIMARY KEY (`id`)
) ENGINE=InnoDB DEFAULT CHARSET=utf8 COMMENT='第三方登录授权表';

-- ----------------------------
-- Records of y_oauth
-- ----------------------------
INSERT INTO `y_oauth` VALUES ('qq', 'QQ', '{\"appid\":101145243,\"appkey\":\"1016c728351ccd6756becae709b295f3\",\"callback\":\"http:\\/\\/www.yiifcms.com\\/oAuth\\/qq_callback\",\"scope\":\"get_user_info,add_t,del_t,get_info\",\"errorReport\":true,\"storageType\":\"file\"}', 'Y');
INSERT INTO `y_oauth` VALUES ('renren', '人人网', '{\"app_key\":\"93f2b098f2244b6689e712406e20287f\",\"app_secret\":\"ab7910a1a77d4d60ac1db0a841c256d1\",\"callback\":\"http:\\/\\/www.yiifcms.com\\/oAuth\\/renren_callback\"}', 'Y');
INSERT INTO `y_oauth` VALUES ('sinawb', '新浪微博', '{\"wb_akey\":\"818474510\",\"wb_skey\":\"2ae7d6bd43c759081c707ddfa029b409\",\"callback\":\"http:\\/\\/www.yiifcms.com\\/oAuth\\/sinawb_callback\"}', 'Y');
INSERT INTO `y_oauth` VALUES ('weixin', '微信', '{\"app_id\":\"wx473d4dd4a7080847\",\"app_secret\":\"2e16bd090d16842a4b3e72616fda5086\",\"callback\":\"http:\\/\\/www.yiifcms.com\\/oAuth\\/weixin_callback\"}', 'Y');

-- ----------------------------
-- Table structure for `y_oauth_qq`
-- ----------------------------
DROP TABLE IF EXISTS `y_oauth_qq`;
CREATE TABLE `y_oauth_qq` (
  `openid` varchar(100) NOT NULL DEFAULT '' COMMENT 'client_id',
  `access_token` varchar(100) DEFAULT NULL COMMENT 'qq令牌',
  `uid` int(10) unsigned DEFAULT NULL COMMENT '本地用户ID',
  PRIMARY KEY (`openid`)
) ENGINE=InnoDB DEFAULT CHARSET=utf8 COMMENT='qq绑定表';

-- ----------------------------
-- Records of y_oauth_qq
-- ----------------------------

-- ----------------------------
-- Table structure for `y_oauth_renren`
-- ----------------------------
DROP TABLE IF EXISTS `y_oauth_renren`;
CREATE TABLE `y_oauth_renren` (
  `openid` varchar(100) NOT NULL DEFAULT '' COMMENT 'client_id',
  `access_token` varchar(100) DEFAULT NULL COMMENT '令牌',
  `uid` int(10) unsigned DEFAULT NULL COMMENT '本地用户ID',
  PRIMARY KEY (`openid`)
) ENGINE=InnoDB DEFAULT CHARSET=utf8 COMMENT='人人网绑定表';

-- ----------------------------
-- Records of y_oauth_renren
-- ----------------------------

-- ----------------------------
-- Table structure for `y_oauth_sinawb`
-- ----------------------------
DROP TABLE IF EXISTS `y_oauth_sinawb`;
CREATE TABLE `y_oauth_sinawb` (
  `openid` varchar(100) NOT NULL DEFAULT '' COMMENT 'client_id',
  `access_token` varchar(100) DEFAULT NULL COMMENT '令牌',
  `uid` int(10) unsigned DEFAULT NULL COMMENT '本地用户ID',
  PRIMARY KEY (`openid`)
) ENGINE=InnoDB DEFAULT CHARSET=utf8 COMMENT='新浪微博绑定表';

-- ----------------------------
-- Records of y_oauth_sinawb
-- ----------------------------

-- ----------------------------
-- Table structure for `y_oauth_weixin`
-- ----------------------------
DROP TABLE IF EXISTS `y_oauth_weixin`;
CREATE TABLE `y_oauth_weixin` (
  `openid` varchar(100) NOT NULL DEFAULT '' COMMENT 'client_id',
  `access_token` varchar(100) DEFAULT NULL COMMENT '令牌',
  `uid` int(10) unsigned DEFAULT NULL COMMENT '本地用户ID',
  PRIMARY KEY (`openid`)
) ENGINE=InnoDB DEFAULT CHARSET=utf8 COMMENT='微信绑定表';

-- ----------------------------
-- Records of y_oauth_weixin
-- ----------------------------

-- ----------------------------
-- Table structure for `y_page`
-- ----------------------------
DROP TABLE IF EXISTS `y_page`;
CREATE TABLE `y_page` (
  `id` varchar(50) NOT NULL,
  `title` varchar(100) NOT NULL DEFAULT '' COMMENT '标题',
  `introduce` varchar(200) NOT NULL DEFAULT '' COMMENT '简单描述',
  `content` mediumtext NOT NULL COMMENT '内容',
  `seo_title` varchar(100) NOT NULL DEFAULT '' COMMENT 'SEO标题',
  `seo_keywords` varchar(100) NOT NULL DEFAULT '' COMMENT 'SEO KEYWORDS',
  `seo_description` varchar(200) NOT NULL DEFAULT '' COMMENT 'SEO DESCRIPTION',
  `link` varchar(100) NOT NULL DEFAULT '' COMMENT '外部链接',
  `sort_order` tinyint(3) unsigned NOT NULL DEFAULT '0' COMMENT '排序',
  `view_count` int(10) unsigned NOT NULL DEFAULT '0' COMMENT '查看次数',
  `status` enum('Y','N') NOT NULL DEFAULT 'Y' COMMENT '是否显示',
  `create_time` int(10) unsigned NOT NULL DEFAULT '0' COMMENT '时间',
  `update_time` int(10) unsigned NOT NULL DEFAULT '0' COMMENT '更新时间',
  PRIMARY KEY (`id`)
) ENGINE=InnoDB DEFAULT CHARSET=utf8 COMMENT='单页';

-- ----------------------------
-- Records of y_page
-- ----------------------------
INSERT INTO `y_page` VALUES ('comment', '评论审核', '', '<p style=\"text-indent:2em;\">\r\n	<span style=\"font-size:14px;\">对内容的评论或者回复需要审核通过后 才可以看到</span> \r\n</p>\r\n<span style=\"font-size:14px;\"></span>', '', '', '', '', '6', '285', 'Y', '1407120050', '1407120061');
INSERT INTO `y_page` VALUES ('disclaimer', '免责声明', '', '<p style=\"text-indent:2em;\">\r\n	<br />\r\n</p>\r\n<ol>\r\n	<li>\r\n		<span style=\"font-size:16px;\">本站点的所有内容 均来自个人和互联网 不存在版权纠纷</span> \r\n	</li>\r\n	<li>\r\n		<span style=\"font-size:16px;\">对于特殊的评论仅仅代表个人观点，和本站无关</span> \r\n	</li>\r\n	<li>\r\n		<span style=\"font-size:16px;\">如果对于转载的内容侵犯了您的权益，请告知于我<br />\r\n</span> \r\n	</li>\r\n</ol>\r\n<p>\r\n	<br />\r\n</p>', '', '', '', '', '5', '258', 'Y', '1407118521', '1407118583');
INSERT INTO `y_page` VALUES ('feature', '特色介绍', '', '<p style=\"text-indent:2em;\">\r\n	<br />\r\n</p>\r\n<p style=\"text-indent:2em;\">\r\n	<strong><span style=\"font-family:Microsoft YaHei;font-size:16px;\" id=\"free\">开源、免费</span></strong> \r\n</p>\r\n<p style=\"text-indent:2em;\">\r\n	<span style=\"font-size:14px;\">yiifcms是基于yiiframework开发的内容管理系统，它开源、免费，用户可以自由下载、使用、修改、学习交流。</span> \r\n</p>\r\n<p style=\"text-indent:2em;\">\r\n	<br />\r\n</p>\r\n<p style=\"text-indent:2em;\">\r\n	<br />\r\n</p>\r\n<p style=\"text-indent:2em;\">\r\n	<br />\r\n</p>\r\n<hr />\r\n<p>\r\n	<br />\r\n</p>\r\n<p style=\"text-indent:2em;\">\r\n	<br />\r\n</p>\r\n<p style=\"text-indent:2em;\">\r\n	<strong><span style=\"font-family:Microsoft YaHei;font-size:16px;\" id=\"safe\">安全、高效</span></strong> \r\n</p>\r\n<p style=\"text-indent:2em;\">\r\n	<span style=\"font-size:14px;\">yiiframework本身是一个很安全的高性能的开源框架，使用它您不用担心安全问题，它会使您的网站运行的很良好。</span> \r\n</p>\r\n<p style=\"text-indent:2em;\">\r\n	<br />\r\n</p>\r\n<p style=\"text-indent:2em;\">\r\n	<br />\r\n</p>\r\n<hr />\r\n<p>\r\n	<br />\r\n</p>\r\n<p style=\"text-indent:2em;\">\r\n	<br />\r\n</p>\r\n<p style=\"text-indent:2em;\">\r\n	<br />\r\n</p>\r\n<p style=\"text-indent:2em;\">\r\n	<strong><span style=\"font-size:16px;font-family:Microsoft YaHei;\" id=\"handy\">简洁、方便</span></strong> \r\n</p>\r\n<p style=\"text-indent:2em;\">\r\n	<span style=\"font-size:14px;\">yiifcms有简洁、方便的后台管理，用户不需要了解复杂的逻辑关系，就可以很快速的发布内容，优化管理。</span> \r\n</p>\r\n<p style=\"text-indent:2em;\">\r\n	<br />\r\n</p>\r\n<p style=\"text-indent:2em;\">\r\n	<br />\r\n</p>\r\n<hr />\r\n<p>\r\n	<br />\r\n</p>\r\n<p style=\"text-indent:2em;\">\r\n	<br />\r\n</p>\r\n<p style=\"text-indent:2em;\">\r\n	<br />\r\n</p>\r\n<p style=\"text-indent:2em;\">\r\n	<span style=\"font-family:Microsoft YaHei;font-size:16px;\" id=\"stable\">轻松、稳定</span> \r\n</p>\r\n<p style=\"text-indent:2em;\">\r\n	<br />\r\n</p>\r\n<p style=\"text-indent:2em;\">\r\n	<span style=\"font-size:14px;\">yiifcms架构合理、布局优美，是您轻松建站和学习的不二之选。</span> \r\n</p>\r\n<p style=\"text-indent:2em;\">\r\n	<br />\r\n</p>\r\n<hr />\r\n<p>\r\n	<br />\r\n</p>\r\n<p style=\"text-indent:2em;\">\r\n	<br />\r\n</p>', '', '', '', '', '2', '605', 'Y', '1322999588', '1407118550');
INSERT INTO `y_page` VALUES ('guide', '新手指南', '', '<br/><ol class=\" list-paddingleft-2\" style=\"list-style-type: decimal;\"><li><p><span style=\"font-size: 16px;\"> 内容：包括精品阅读，精美图集，常用下载，云标签等 用户可以自由浏览内容 无权限限制&nbsp; 仅仅对内容发表评论的时候 需要</span><a style=\"font-size: 16px; text-decoration: underline;\" title=\"用户登录\" target=\"_blank\" href=\"http://www.yiifcms.com/user/login\"><span style=\"font-size: 16px;\">登录</span></a><br/></p></li><li><p><span style=\"font-size: 16px;\">搜索：用户可以在网站顶部搜索关键字（单个关键字、多个关键字用空格隔开） 匹配较优质的最贴近需求的前10条结果展示给用户 另外可以通过标签直接搜索</span></p></li><li><p><span style=\"font-size: 16px;\">登录：用户可以通过本站注册的用户进行登录，也可以通过合作伙伴（腾讯QQ、新浪微博、人人网）进行授权登录，无需填写过多信息，直接可以正常登录</span></p></li><li><p><span style=\"font-size: 16px;\">注册：除了第三方登录会自动注册外，本站也提供新用户注册入口(</span><a style=\"font-size: 16px; text-decoration: underline;\" title=\"注册\" target=\"_blank\" href=\"http://www.yiifcms.com/user/register\"><span style=\"font-size: 16px;\">http://www.yiifcms.com/user/register</span></a><span style=\"font-size: 16px;\">) 详情查看：</span><a style=\"font-size: 16px; text-decoration: underline;\" title=\"注册流程\" target=\"_self\" href=\"http://www.yiifcms.com/page/register\"><span style=\"font-size: 16px;\">注册流程</span></a></p></li><li><p><span style=\"font-size: 16px;\">留言反馈：如果您对本站有任何疑问或者意见建议 欢迎使用给本站</span><a style=\"font-size: 16px; text-decoration: underline;\" title=\"留言反馈\" target=\"_blank\" href=\"http://www.yiifcms.com/question/index\"><span style=\"font-size: 16px;\">留言</span></a><br/></p></li></ol><br/>', '', '', '', '', '3', '985', 'Y', '1379392484', '1410312587');
INSERT INTO `y_page` VALUES ('register', '注册流程', '', '<p><strong><span style=\"font-size: 16px;\">1. 用户需要填写用户名，密码，真实邮箱(作为激活和找回密码唯一工具)</span></strong></p><p><strong><span style=\"font-size: 16px;\"><br/></span></strong></p><p><span style=\"font-size:16px;\"><img alt=\"1.jpg\" src=\"/uploads/images/201409/1410311278946354.jpg\" title=\"1410311278946354.jpg\"/></span></p><p><br/></p><p><strong><span style=\"font-size: 16px;\">2.提交之后，有成功提示：</span></strong></p><p><strong><span style=\"font-size: 16px;\"><br/></span></strong></p><p><img alt=\"2.jpg\" src=\"/uploads/images/201409/1410311338996060.jpg\" title=\"1410311338996060.jpg\"/></p><p><br/></p><p><strong><span style=\"font-size: 16px;\">3. 然后登录到注册的邮箱 查看是否收到(yiifcms官网postmaster@yiifcms.com发送的)激活邮件:</span></strong></p><p><strong><span style=\"font-size: 16px;\"><br/></span></strong></p><p><span style=\"font-size: 16px;\"><img alt=\"3.jpg\" src=\"/uploads/images/201409/1410311446674356.jpg\" title=\"1410311446674356.jpg\"/></span></p><p>&nbsp;<strong><span style=\"font-size: 16px;\">点击“激活链接” ：</span></strong></p><p><strong><span style=\"font-size: 16px;\"><br/></span></strong></p><p><img alt=\"4.jpg\" src=\"/uploads/images/201409/1410311491156850.jpg\" title=\"1410311491156850.jpg\"/></p><p><br/></p><p><br/></p><p><span style=\"font-size: 16px;\"><strong>表示账号已经激活！</strong></span></p><p><strong><br/></strong></p><p><br/></p><p><span style=\"font-size: 16px;\"><strong>4.&nbsp; 如果没收到邮件，可以先登录，在个人中心里面可以再次发送邮件进行激活。</strong></span></p><p><br/><span style=\"font-size: 16px;\"></span></p><p><br/></p>', '', '', '', '', '4', '442', 'Y', '1331877791', '1410311739');

-- ----------------------------
-- Table structure for `y_post`
-- ----------------------------
DROP TABLE IF EXISTS `y_post`;
CREATE TABLE `y_post` (
  `id` int(10) unsigned NOT NULL AUTO_INCREMENT,
  `user_id` int(10) unsigned NOT NULL DEFAULT '1' COMMENT '作者',
  `title` varchar(255) NOT NULL COMMENT '标题',
  `title_second` varchar(255) NOT NULL DEFAULT '' COMMENT '副标题',
  `title_style` varchar(255) NOT NULL DEFAULT '' COMMENT '标题样式',
  `catalog_id` smallint(5) unsigned NOT NULL DEFAULT '0' COMMENT '分类',
  `special_id` smallint(5) unsigned NOT NULL DEFAULT '0' COMMENT '专题编号',
  `copy_from` varchar(100) NOT NULL DEFAULT '' COMMENT '来源',
  `copy_url` varchar(255) NOT NULL DEFAULT '' COMMENT '来源url',
  `redirect_url` varchar(255) NOT NULL DEFAULT '' COMMENT '跳转URL',
  `tags` varchar(255) NOT NULL DEFAULT '' COMMENT 'tags',
  `view_count` int(10) unsigned NOT NULL DEFAULT '1' COMMENT '查看次数',
  `commend` enum('Y','N') NOT NULL DEFAULT 'N' COMMENT '推荐',
  `favorite_count` int(10) unsigned NOT NULL DEFAULT '0' COMMENT '收藏数量',
  `attention_count` int(10) unsigned NOT NULL DEFAULT '0' COMMENT '关注次数',
  `top_line` enum('Y','N') NOT NULL DEFAULT 'N' COMMENT '置顶',
  `reply_count` int(10) unsigned NOT NULL DEFAULT '0' COMMENT '评论次数',
  `reply_allow` enum('Y','N') NOT NULL DEFAULT 'Y' COMMENT '允许评论',
  `sort_order` int(10) unsigned NOT NULL DEFAULT '0' COMMENT '排序',
  `status` enum('Y','N') NOT NULL DEFAULT 'Y' COMMENT '是否显示',
  `create_time` int(10) unsigned NOT NULL DEFAULT '0' COMMENT '添加时间',
  `update_time` int(10) unsigned NOT NULL DEFAULT '0' COMMENT '最后更新时间',
  PRIMARY KEY (`id`),
  KEY `tags_index` (`tags`) USING BTREE,
  KEY `view_count` (`view_count`)
) ENGINE=InnoDB AUTO_INCREMENT=22 DEFAULT CHARSET=utf8 COMMENT='文章表';

-- ----------------------------
-- Records of y_post
-- ----------------------------
INSERT INTO `y_post` VALUES ('1', '1', '红包战引爆移动支付场景之争', '', '', '2', '0', '网易互联网科技阅读', 'http://tech.163.com/16/0129/02/BEFBEHRA000915BF.html', '', '', '1', 'N', '0', '0', 'N', '0', 'Y', '0', 'Y', '1454062408', '1454062408');
INSERT INTO `y_post` VALUES ('2', '1', 'Facebook有了亮丽财报还差什么', '', '', '2', '0', '网易互联网科技阅读', 'http://tech.163.com/16/0129/02/BEFBGHU1000915BF.html', '', '', '1', 'N', '0', '0', 'N', '0', 'Y', '0', 'Y', '1454062408', '1454062408');
INSERT INTO `y_post` VALUES ('3', '1', 'MMM坑人屡教不改 监管层四度发文预警', '', '', '2', '0', '网易互联网科技阅读', 'http://tech.163.com/16/0129/03/BEFEN7I1000915BF.html', '', '', '1', 'N', '0', '0', 'N', '0', 'Y', '0', 'Y', '1454062408', '1454062408');
INSERT INTO `y_post` VALUES ('4', '1', 'Uber希望在快递业分一杯羹', '', '', '2', '0', '网易互联网科技阅读', 'http://tech.163.com/16/0129/03/BEFHEM10000915BF.html', '', '', '1', 'N', '0', '0', 'N', '0', 'Y', '0', 'Y', '1454062409', '1454062409');
INSERT INTO `y_post` VALUES ('5', '1', '雅虎关闭阿根廷及墨西哥办公室', '', '', '2', '0', '网易互联网科技阅读', 'http://tech.163.com/16/0129/04/BEFJBGUV000915BF.html', '', '', '1', 'N', '0', '0', 'N', '0', 'Y', '0', 'Y', '1454062409', '1454062409');
INSERT INTO `y_post` VALUES ('6', '1', '联想移动困局：库存高企 财务束缚', '', '', '2', '0', '网易互联网科技阅读', 'http://tech.163.com/16/0129/04/BEFK59DO000915BF.html', '', '', '1', 'N', '0', '0', 'N', '0', 'Y', '0', 'Y', '1454062409', '1454062409');
INSERT INTO `y_post` VALUES ('7', '1', '微信整顿朋友圈“红包” 违规者或被封号', '', '', '2', '0', '网易互联网科技阅读', 'http://tech.163.com/16/0129/05/BEFLI2A8000915BF.html', '', '', '1', 'N', '0', '0', 'N', '0', 'Y', '0', 'Y', '1454062409', '1454062409');
INSERT INTO `y_post` VALUES ('8', '1', '农行被指关闭涉P2P交易接口', '', '', '2', '0', '网易互联网科技阅读', 'http://tech.163.com/16/0129/05/BEFLKA23000915BF.html', '', '', '2', 'N', '0', '0', 'N', '0', 'Y', '0', 'Y', '1454062409', '1454062409');
INSERT INTO `y_post` VALUES ('9', '1', '互联网金融投融资规模增6倍 网贷占近四成', '', '', '2', '0', '网易互联网科技阅读', 'http://tech.163.com/16/0129/05/BEFLLV5M000915BF.html', '', '', '2', 'N', '0', '0', 'N', '0', 'Y', '0', 'Y', '1454062409', '1454062409');
INSERT INTO `y_post` VALUES ('10', '1', '中航协约谈互联网机票平台', '', '', '2', '0', '网易互联网科技阅读', 'http://tech.163.com/16/0129/05/BEFLNPL0000915BF.html', '', '', '1', 'N', '0', '0', 'N', '0', 'Y', '0', 'Y', '1454062409', '1454062409');
INSERT INTO `y_post` VALUES ('11', '1', '去哪儿推新政防问题机票', '', '', '2', '0', '网易互联网科技阅读', 'http://tech.163.com/16/0129/05/BEFLOFTF000915BF.html', '', '', '1', 'N', '0', '0', 'N', '0', 'Y', '0', 'Y', '1454062409', '1454062409');
INSERT INTO `y_post` VALUES ('12', '1', '苹果公司 股价创两年来最大跌幅', '', '', '2', '0', '网易互联网科技阅读', 'http://tech.163.com/16/0129/05/BEFLPLND000915BF.html', '', '', '1', 'N', '0', '0', 'N', '0', 'Y', '0', 'Y', '1454062409', '1454062409');
INSERT INTO `y_post` VALUES ('13', '1', '其他银行暂未跟进关闭P2P交易接口', '', '', '2', '0', '网易互联网科技阅读', 'http://tech.163.com/16/0129/05/BEFLVBLJ000915BF.html', '', '', '1', 'N', '0', '0', 'N', '0', 'Y', '0', 'Y', '1454062409', '1454062409');
INSERT INTO `y_post` VALUES ('14', '1', '微众银行拟融资4.5亿美元 估值达55亿美元', '', '', '2', '0', '网易互联网科技阅读', 'http://tech.163.com/16/0129/05/BEFM5GQN000915BF.html', '', '', '1', 'N', '0', '0', 'N', '0', 'Y', '0', 'Y', '1454062409', '1454062409');
INSERT INTO `y_post` VALUES ('15', '1', 'FB股价暴涨 小札能捐的财富又多了60亿美元', '', '', '2', '0', '网易互联网科技阅读', 'http://tech.163.com/16/0129/05/BEFMAHDM000915BF.html', '', '', '1', 'N', '0', '0', 'N', '0', 'Y', '0', 'Y', '1454062409', '1454062409');
INSERT INTO `y_post` VALUES ('16', '1', '中国概念股周四多数下跌 阿里巴巴跌近4%', '', '', '2', '0', '网易互联网科技阅读', 'http://tech.163.com/16/0129/05/BEFN8R7A000915BF.html', '', '', '1', 'N', '0', '0', 'N', '0', 'Y', '0', 'Y', '1454062409', '1454062409');
INSERT INTO `y_post` VALUES ('17', '1', '微软第二财季净利50亿美元 同比下滑15%', '', '', '2', '0', '网易互联网科技阅读', 'http://tech.163.com/16/0129/05/BEFNBAUM000915BF.html', '', '', '1', 'N', '0', '0', 'N', '0', 'Y', '0', 'Y', '1454062409', '1454062409');
INSERT INTO `y_post` VALUES ('18', '1', '亚马逊第四季度净利4.82亿美元 同比增长125%', '', '', '2', '0', '网易互联网科技阅读', 'http://tech.163.com/16/0129/05/BEFNVOD7000915BF.html', '', '', '1', 'N', '0', '0', 'N', '0', 'Y', '0', 'Y', '1454062409', '1454062409');
INSERT INTO `y_post` VALUES ('19', '1', '扎克伯格：Facebook无意涉足移动支付', '', '', '2', '0', '网易互联网科技阅读', 'http://tech.163.com/16/0129/06/BEFPI6NN000915BF.html', '', '', '1', 'N', '0', '0', 'N', '0', 'Y', '0', 'Y', '1454062409', '1454062409');
INSERT INTO `y_post` VALUES ('20', '1', '艺电第三财季净亏4500万美元 同比转亏', '', '', '2', '0', '网易互联网科技阅读', 'http://tech.163.com/16/0129/06/BEFPUPU0000915BF.html', '', '', '2', 'N', '0', '0', 'N', '0', 'Y', '0', 'Y', '1454062409', '1454062409');
INSERT INTO `y_post` VALUES ('21', '1', '乐视网诉优酷网侵权播影片：索赔10万元', '', '', '2', '0', '网易互联网科技阅读', 'http://tech.163.com/16/0530/17/BOB453BH000915BF.html', '', '', '2', 'N', '0', '0', 'N', '0', 'Y', '0', 'Y', '1510040244', '1510040244');

-- ----------------------------
-- Table structure for `y_post_content`
-- ----------------------------
DROP TABLE IF EXISTS `y_post_content`;
CREATE TABLE `y_post_content` (
  `post_id` int(10) unsigned NOT NULL DEFAULT '0',
  `introduce` varchar(200) NOT NULL COMMENT '摘要',
  `content` mediumtext NOT NULL COMMENT '内容',
  `seo_title` varchar(100) NOT NULL DEFAULT '' COMMENT 'SEO标题',
  `seo_keywords` varchar(100) NOT NULL DEFAULT '' COMMENT 'SEO关键字',
  `seo_description` varchar(200) NOT NULL DEFAULT '' COMMENT 'SEO描述',
  PRIMARY KEY (`post_id`)
) ENGINE=InnoDB DEFAULT CHARSET=utf8 COMMENT='文章内容表';

-- ----------------------------
-- Records of y_post_content
-- ----------------------------
INSERT INTO `y_post_content` VALUES ('1', '“红包战”背后代表的巨大移动支付场景让微信和支付宝谁都不愿意松手，春节又成为支付宝、微信“收割”用户的时节。继微信“毛玻璃照片”日前刷爆朋友圈后，昨日支付宝又用“春晚福卡”杀了一个回马枪。从规则上看，支付宝已将昔日暗斗改为明抢。移动支付成为巨头打开未来“场景消费”的金钥匙。从暗斗到明抢如果说支付宝日前取代微信，签下2016年春晚是一次成功釜底抽薪的话，那么1月27...', '                 <p>“红包战”背后代表的巨大移动支付场景让<a href=\"http://tech.163.com/company/weixin/\">微信</a>和<a href=\"http://tech.163.com/company/alipay/\">支付宝</a>谁都不愿意松手，春节又成为支付宝、微信“收割”用户的时节。继微信“毛玻璃照片”日前刷爆朋友圈后，昨日支付宝又用“春晚福卡”杀了一个回马枪。从规则上看，支付宝已将昔日暗斗改为明抢。移动支付成为巨头打开未来“场景消费”的金钥匙。</p><p><b>从暗斗到明抢</b></p><p>如果说支付宝日前取代微信，签下2016年春晚是一次成功釜底抽薪的话，那么1月27日微信推出的“毛玻璃照片”堪称经典的“珍珠港战役”。不过，没让微信高兴太久，支付宝昨日便推出“春晚福卡”。微信与支付宝的移动支付大战全面爆发。</p><p>昨日上午，支付宝春晚红包新玩法“福卡”上线，支付宝堪称直接到微信地界抢地盘。在支付宝添加好友中，用户可以一键复制链接，分享给微信朋友或朋友圈。此外，一条“一秒中教你如何把微信好友变成支付宝好友”的教程也在微信疯传。据支付宝负责人介绍，截至发稿时，有245个用户集齐了五福，人均可分到红包金额为81.6万元。</p><p>其实，1月27日下午，微信朋友圈上线了红包照片功能，用户只有发红包才能看到红包照片，否则只能看到“毛玻璃”。一时间，“毛玻璃照片”霸屏朋友圈，这也被业内视为微信凭借强大的社交链进行的抢红包大战。数据显示，在第一波测试中，共有1800万用户参与其中。</p><p><b>背后大生意</b></p><p>小小红包之争背后蕴含的是移动支付背后的大生意。根据第三方支付平台易宝支付最新发布的一份调查报告显示，手机移动支付已悄然跃升为最高频的支付手段，有超过半成的城市用户使用移动支付。其中，手机支付应用场景最为广泛，前三名场景分别为电商购物52.7%、订餐外卖39.1%、超市商城购物38.1%。分析认为，未来手机支付在各场景渗透率会持续提升。</p><p>以社交起家的微信加上了支付功能，而以支付起家的支付宝则在疯狂补缺社交属性，双方殊途同归。“移动支付是社交变现的最好通道”，在中国电子商务研究中心主任曹磊看来，社交和支付捆绑在一起是非常好的方式，支付解决了流量变现，社交则提升了支付活跃度。</p><p>北京商报记者发现，微信与支付宝推出的红包底部均显示有广告。微信官方此前已宣布，将把朋友圈除夕前后整整10天的所有广告收入，均变为免费红包派送给全国网民，金额至少达到9位数。据了解，目前，已有太平洋产险、平安普惠、长安福特、平安直通车险、云南白药牙膏、上海家化等数十家企业和品牌宣布加入春节微信红包阵营。有业内分析人士表示，仅微信“毛玻璃照片”活动就预计进行了10亿次主动曝光。</p><p><b>撬开多元化市场</b></p><p>移动支付是开启未来“场景”消费市场的金钥匙。易宝支付市场总监唐文表示，移动支付与PC端（电商端）支付相比已经发生了根本变化，未来移动支付支撑的是多元化场景消费。</p><p><div class=\"gg200x300\">  </div><p>唐文认为，微信早已打破了社交的界限，不仅接入京东等购物入口，还接入了理财、城市服务等消费场景。而支付宝补缺社交属性则是在谋求大转身。过去一年，各地政府与各类公共机构不断接入支付宝城市服务平台，快速建立手机上的“市民之家”。</p><p>在曹磊看来，传统支付场景只限于PC端，而移动支付场景将会扩大化，“金融、生活消费、线下服务等场景将会越来越依赖于移动支付”。除了支付宝、微信外，目前包括银联闪付、<a href=\"http://tech.163.com/company/apple/\">苹果</a>Apple Pay等移动支付手段都已出手，未来场景之争将会愈发激烈。</p><p><font face=\"楷体,楷体_GB2312\">北京商报记者 李铎 王运</font></p>                                                                                                              ', '', '', '');
INSERT INTO `y_post_content` VALUES ('2', '几家欢喜几家愁。本周，各大科技巨头纷纷发布最新财报，比起“失落”的苹果，Facebook的“账单”好看许多。此前一直被看好的Facebook没有让人失望。昨日凌晨发布的新财报显示，该公司四季度营收为58.41亿美元，比上年同期的38.51亿美元增长52%；净利润为15.62亿美元，比去年同期的净利润7.01亿美元增长123%。受亮丽财报刺激，公司股价在盘后交易飙涨12.12%，而该股去年实际已上涨', '                 <p>几家欢喜几家愁。本周，各大科技巨头纷纷发布最新财报，比起“失落”的<a href=\"http://tech.163.com/company/apple/\">苹果</a>，<a href=\"http://tech.163.com/company/facebook/\">Facebook</a>的“账单”好看许多。</p><p>此前一直被看好的Facebook没有让人失望。昨日凌晨发布的新财报显示，该公司四季度营收为58.41亿美元，比上年同期的38.51亿美元增长52%；净利润为15.62亿美元，比去年同期的净利润7.01亿美元增长123%。</p><p>受亮丽财报刺激，公司股价在盘后交易飙涨12.12%，而该股去年实际已上涨了34%。不可否认，Facebook近年来的发展势头维持在较高水平，一路跻身科技大公司行列，和Netflix、苹果、Alphabet集团、<a href=\"http://tech.163.com/company/amazon/\">亚马逊</a>集团等一道，在华尔街保持一路高升的股价趋势。</p><p>再一次创下季度营收纪录，视频、移动设备和照片分享服务<a href=\"http://tech.163.com/company/instagram/\">Instagram</a>的广告销售增长功不可没。市场研究机构EMarketer预计，2016年，Facebook在美国移动广告市场的份额将达到20%，Instagram在Facebook移动业务营收中的占比也将达到20%。</p><p>因为更擅长将定向广告精准地推到目标受众面前，营销者们纷纷涌向Facebook。Facebook的广告投放技术如今越来越多地拷贝到旗下其他产品服务上，特别是在国际市场销售广告刚满一个季度的Instagram。</p><p>对于一个国家的经济来说，土地和人口是基本资源。对于Facebook这样的“虚拟国家”来说，没有土地用户便是人口。与许多的互联网公司一样， Facebook同名平台的月活跃访问用户数量一直是投资人和市场分析师关注的数据。目前该社交网络的月活跃用户量超过15.9亿，<a href=\"http://tech.163.com/company/smartphone/\">智能手机</a>和平板电脑端的用户增长尤其显著。四季度，Facebook约有80%的营收来自移动设备，较前一年同期的69%增长11个百分点。</p><p>不过个性化营销平台AdRoll在最新的报告中指出，随着Facebook的用户增长趋于稳定，特别是美国等核心市场的用户已接近饱和，如何向外扩展新客户成为Facebook未来不得不面对的考题。面向新兴市场的免费互联网服务项目Internet.org正在帮助Facebook把版图伸向更广的领域。</p><p><div class=\"gg200x300\">  </div><p>亚洲市场不可小觑。最近几个月，公司高管在亚洲访问了较长一段时间，Instagram也在亚洲积极销售广告。四季度，Facebook来自亚洲地区的营收达8.46亿美元，同比增长19%，增幅超过去年三季度的14%。</p><p>“没有任何公司能够永生，而Facebook也不例外。”扎克伯格从不避讳Facebook早晚会死，但起码活着的时候要用力活。随着旗舰产品的用户增长数据开始逐步放缓，该公司的下一步计划——从大数据到虚拟现实技术都成为市场关注的焦点。Facebook旗下的虚拟现实头盔Oculus Rift本月早些时候开始进入消费者市场。</p><p><font face=\"楷体,楷体_GB2312\">北京商报记者 陶凤</font></p>                                                                                                              ', '', '', '');
INSERT INTO `y_post_content` VALUES ('3', '晨报记者 谢磊在传入中国不到一年时间里，通过高息和拉人头方式疯狂蔓延的“MMM金融互助社区”，其风险性再度引发监管层关注。在银监会、央行等先后3次对其提出风险预警后，27日，央行官网再度发布《防范‘MMM金融互助社区’ 风险，谨防利益受损》的公告，对这种所谓“金融互助”模式进行预警，并明确其具有传销和非法集资性质。相较此前三次对金融互助类理财的警示，这一次“MMM”被直接...', '                 <p><font face=\"楷体,楷体_GB2312\">晨报记者 谢磊</font></p><p>在传入中国不到一年时间里，通过高息和拉人头方式疯狂蔓延的“MMM金融互助社区”，其风险性再度引发监管层关注。在银监会、央行等先后3次对其提出风险预警后，27日，央行官网再度发布《防范‘MMM金融互助社区’ 风险，谨防利益受损》的公告，对这种所谓“金融互助”模式进行预警，并明确其具有传销和非法集资性质。相较此前三次对金融互助类理财的警示，这一次“MMM”被直接点名。</p><p><b>MMM到底是个什么鬼</b></p><p>相较此前被查的e租宝等平台巨额的广告投入，MMM骗局几乎是以一种隐秘的方式，迅速在国内崛起。</p><p>公开资料显示，1994年2月，俄罗斯人谢尔盖·马夫罗季创办MMM股份公司，注册资金仅为10万卢布（当时约合1000美元），利用“金字塔”式投资返还方案吸引投资。平台崩塌后，数百万人血本无归。央行公告称，“MMM”在俄罗斯实施诈骗被禁。据俄有关部门通报，2007年4月28日，“MMM金融互助社区”创始人谢尔盖·马夫罗季通过MMM公司实施违法犯罪行为，被俄罗斯当局指控犯有诈骗罪，并判处4年6个月有期徒刑，后刑满释放，又重操旧业实施诈骗。</p><p>“MMM”去年进入中国，并通过网站、博客、<a href=\"http://tech.163.com/company/weixin/\">微信</a>等平台公开宣传，宣称日收益1%、月收益30%、年收益23倍，短时间内就俘获了大批投资者。“MMM”并没有任何实际产品，而是通过设立推荐奖、管理奖的方式发展下线，引入新投资者进入。这事实上已完全符合“庞氏骗局”的定义——用高额回报为幌子，靠投资者或后继投资者的钱来还钱、而不是靠实际盈利来还钱的运作。</p><p>在“MMM”这一模式影响下，层出不穷打着“金融互助”旗号的各类网站也开始在国内出现。记者昨天简单搜索后，就找到不下10家类似平台。去年12月初，“MMM金融互助”也曾传出提现冻结的消息，导致大量投资者财产损失，但截至目前，其官网仍在运营中。</p><p><b>MMM系非法集资传销</b></p><p>事实上，早在去年下半年，监管层就注意到了金融互助组织的问题，并多次进行警告。</p><p>去年11月11日，银监会联合工信部、央行、工商总局首次发布《以“金融互助”名义投资获取高额收益风险预警提示》。11月30日，央行网站转发了该提示。但当时，仅模糊地用了“××金融互助社区”、“××金融互助平台”、“××金融互助理财”、“××慈善金融互助平台”等。</p><p>而此次监管层则直接点名“MMM金融互助社区”，意味着对于此类金融互助社区所带来的危害性，其重视程度大有提升。</p><p>公告明确指出，“MMM”及类似主体不具备合法资质。“MMM金融互助社区”及类似金融互助平台和公司未经工商部门注册登记，不具备合法资质，系非法机构；其推广网站未经核准备案或由境外直接接入，且网址频繁更换，风险巨大；资金有流向境外的可能，投入资金人员利益难以得到保障。</p><p>同时，“MMM”及类似主体的运作模式具有非法集资、传销特征。“MMM金融互助社区”及类似金融互助平台未经批准，通过网站、微博、微信等多种渠道公开宣传，承诺畸高利息，引诱群众投入资金；同时，设置“推荐奖”、“管理奖”等奖金制度，鼓励投资人发展人员加入，并按加入先后形成层级关系、计算返利金额，具有非法集资、传销交织的特征。</p><p>四部委表示，此类运作模式违背价值规律，投资风险巨大，资金运转不可长期维系，一旦资金链断裂，投资者将面临严重损失。按照有关规定，参与非法集资不受法律保护，风险自担，责任自负；参与传销属于违法行为，将依法承担相应责任。请广大公众切实提高风险意识和法律意识，认清相关平台欺诈本质，自觉抵制参与，勿要贪恋非法获利，维护自身财产安全。同时，对掌握的违法犯罪线索，可及时向有关部门反映。</p><p><b>庞氏骗局仅靠风险提示仍不够</b></p><p>投之家CEO黄诗樵认为贪婪是造成此类骗局屡禁不止的重要原因。“MMM就是一个典型的庞氏骗局。”黄诗樵表示，参与其中的投资人多抱有侥幸心理，觉得自己不会接到最后一棒。“但这颗‘炸弹’迟早是要爆掉的，时间越晚对于投资人造成的伤害和损失就会越大。”</p><p>你我贷副总裁刘瑶指出，“MMM”与目前正规的互联网金融有着本质性的差异，两者很容易“划清界限”。“除央行提到过的几点外，另一重要区别在于，类似‘MMM社区’并没有任何债权资产，这点和正规的互联网金融有本质区别。”刘瑶表示，“MMM”只求在资金流角度运转，负债端收益畸高，但资产端根本无法实现这个收益，或者压根没有资产端。因此投资者必须擦亮眼睛，切勿被畸高的收益迷惑。</p><p><div class=\"gg200x300\">  </div><p>记者在几个打着“金融互助”旗号的网站上看到，除了大致相似的介绍内容，这些网站均没有任何备案或可供查证的信息，也没有提供电话联系方式，所有客服或后台联系方式均指向<a href=\"http://tech.163.com/company/qq/\" title=\"QQ\" target=\"_blank\">QQ</a>。中央财经大学法学院教授黄震表示，监管层不仅要对“MMM”原有的名称进行提示，而且对其各种变身都要有提示。除了风险提示外，更重要的是采取行动，对于“MMM”或其它打着区块链、数字货币等概念进行诈骗的团伙，应该对其传播途径进行切断，并封锁传播终端。公安部门及信息安全部门应开展联动整治行动，利用大数据对资金的流动、流向进行监测，不能仅仅是对在线的网址ID等进行封锁，还应该在线下展开调查，对相关的涉案人员进行追查。</p>                                                                                                              ', '', '', '');
INSERT INTO `y_post_content` VALUES ('4', 'Uber今天宣布，计划扩大其应用程序接口，以促进其快递业务UberRUSH发展。现在只需添加几行代码，诺思通和1800flowers等企业现在可以直接集成UberRUSH一小时送货服务到他们的产品当中。 Uber希望将UberRUSH业务深层链接到其它厂商的产品当中，在各种第三方APP当中提供自己的服务。Uber希望自己的服务不仅仅运输乘客，也可以运输货物。在此过程中，Uber正进入一个非常拥挤的', '                 <p class=\"f_center\"><img alt=\"Uber希望在快递业分一杯羹\" src=\"http://img4.cache.netease.com/tech/2016/1/29/201601290358326e4d8_550.png\" /><br  /></p><p>Uber今天宣布，计划扩大其应用程序接口，以促进其快递业务UberRUSH发展。现在只需添加几行代码，诺思通和1800flowers等企业现在可以直接集成UberRUSH一小时送货服务到他们的产品当中。</p><p><div class=\"gg200x300\">  </div><p>Uber希望将UberRUSH业务深层链接到其它厂商的产品当中，在各种第三方APP当中提供自己的服务。Uber希望自己的服务不仅仅运输乘客，也可以运输货物。在此过程中，Uber正进入一个非常拥挤的市场，<a href=\"http://tech.163.com/company/amazon/\">亚马逊</a>，<a href=\"http://tech.163.com/company/google/\">谷歌</a>，和其他创业公司都在竭力竞争锁定大牌零售商。</p><p>目前正在或者计划使用UberRUSH API的包括初创公司、时装商店、外卖商、物流和贸易运营商等等。</p><p>UberRUSH已经在纽约，芝加哥和旧<a href=\"http://tech.163.com/company/kingsoft/\">金山</a>试点自行车快递业务，提供杂货，外卖食品和家用品的短途快递。UberRUSH司机还可以兼职UberX，但他们必须接受专门的培训工作。</p>                                                                                                              ', '', '', '');
INSERT INTO `y_post_content` VALUES ('5', '网易科技讯1月29日消息，据路透社报道，本周四雅虎新闻发言人表示，雅虎计划关闭其在阿根廷及墨西哥的办公室。 公司将通过巴西和弗罗里达的业务团队完成其在拉丁美洲的工作任务。雅虎拒绝透露具体有多少岗位会受到影响，但雅虎表示这些办公室都是小型销售导向的部门。（持文） 更多有态度内容请下载网易新闻', '                 <p class=\"f_center\"><img alt=\"雅虎关闭阿根廷及墨西哥办公室\" src=\"http://img5.cache.netease.com/tech/2016/1/29/20160129043120f14f1_550.jpg\" /><br  />  </p>  <br><div class=\"gg200x300\">  </div><p><a href=\"http://tech.163.com/company/netease/\" title=\"网易\" target=\"_blank\">网易</a>科技讯1月29日消息，据路透社报道，本周四<a href=\"http://tech.163.com/company/yahoo/\">雅虎</a>新闻发言人表示，雅虎计划关闭其在阿根廷及墨西哥的办公室。</p>  <p>公司将通过巴西和弗罗里达的业务团队完成其在拉丁美洲的工作任务。雅虎拒绝透露具体有多少岗位会受到影响，但雅虎表示这些办公室都是小型销售导向的部门。（<font face=\"楷体,楷体_GB2312\">持文</font>）</p>  <a href=\"http://www.163.com/newsapp/\">更多有态度内容请下载网易新闻</a>                                                                                                              ', '', '', '');
INSERT INTO `y_post_content` VALUES ('6', '导读2014年，在联想最糟糕的那段时间，华为、OPPO，甚至同样处于?寰车?a href=&quot;http://tech.163.com/company/coolpad/&quot;&gt;酷派都开始放弃运营商市场的机海战略，转而走互联网渠道、精品旗舰机的路线，这也是国产手机变革最激烈的一年，但联想始终按兵不动。联想整个管理团队错失了机遇，后来一段时间即使想改变，也已力不从心了。本报记者 陈宝', '                 <p>导读</p><p>2014年，在<a href=\"http://tech.163.com/company/lenovo/\">联想</a>最糟糕的那段时间，<a href=\"http://tech.163.com/company/huawei/\">华为</a>、<a href=\"http://tech.163.com/company/oppo/\">OPPO</a>，甚至同样处于?寰车?a href=\"http://tech.163.com/company/coolpad/\">酷派</a>都开始放弃运营商市场的机海战略，转而走互联网渠道、精品旗舰机的路线，这也是国产手机变革最激烈的一年，但联想始终按兵不动。联想整个管理团队错失了机遇，后来一段时间即使想改变，也已力不从心了。</p><p><font face=\"楷体,楷体_GB2312\">本报记者 陈宝亮 北京报道</font></p><p>2016年1月18日，沉寂了半年的原联想移动总裁刘军首次露面，宣布出任肆拾玖坊董事长。这是一家主打“白酒+众筹”概念的创业公司，创始人张传宗是一位曾在联想工作15年的中层管理者。</p><p>一个不为人知的细节是，就在刘军入主的几天前，联想创始人、联想控股董事长柳传志曾经到访肆拾玖坊，张传宗举办了一场主题为“结缘联想、续写新传奇”的内部交流会。</p><p>不出意外，联想控股将投资肆拾玖坊，而刘军也将通过这种方式回到柳传志麾下，一如联想控股高级副总裁陈绍鹏。2011年，柳传志的子弟兵陈绍鹏离开联想集团，转投联想控股做农业，其后又出任佳沃集团、丰联集团董事长，主管联想控股的农业、酒业。如今，曾被柳传志钦点为“联想主人翁”的刘军在联想酒业与陈绍鹏再次相逢。</p><p>熟悉刘军的人称其“酒量极佳，千杯不醉”，联想酒业或许是一个可以把兴趣做成事业的地方。相比之下，更多的人却从此与联想无缘。刘军出山的半个月之前，联想移动最后一个VP，负责采购的王大勇离职，刘军旗下所有高管已经悉数离开联想。而联想移动新任总裁陈旭东麾下高管，则基本从PC部门空降而来。</p><p>千杯不醉的刘军已经摆脱联想集团的困扰投身酒业，但对于陈旭东而言，这些导致联想手机业务频频失利的困扰依旧存在，甚至比刘军时代更为严重。</p><p><strong>“主人翁”刘军</strong></p><p>这应该是刘军第二次离开联想，上一次发生在2006年。联想收购<a href=\"http://tech.163.com/company/ibm/\">IBM</a>的PC业务之后，请来当时戴尔高管阿梅里奥出任CEO。无论是企业管理理念、对公司文化的理解、对国际业务的观点，刘军都与阿梅里奥存在极大的冲突。这是当时刘军离开联想的直接原因。</p><p>“事实上，收购IBM之前，联想在集团内多次讨论借收购IBM进军国际化，很多人反对，但柳传志与杨元庆轮番做大家工作，大家基本都同意了这一战略。”最近刚刚从联想移动离职的麦兜（化名）向记者回忆：“最后，只剩下一个举手反对的人，刘军。”刘军的理由是，“我们的市场是中国本土，这块市场还没有好好开发；而我们对海外并不熟悉，现阶段我们的家底应该投入在中国市场，没必要去赌未知。”</p><p>即使今天，也很难判断联想的海外业务的功绩。联想经常被网友称为“美帝良心企业”，因为联想海外销售的同类产品都比国内便宜。虽然，杨元庆曾多次解释，“这是因为中国增值税高”，但不可否认，这也说明联想一直在用中国市场的收入补贴国际业务。</p><p>2005年，阿梅里奥执掌联想，杨元庆担任董事长，柳传志挂职董事，刘军与阿梅里奥在很多方面格格不入。刘军从长远角度考虑，制定了“拐大弯”长期转型策略，而阿梅里奥则期望在5年任期之内迅速搞定一切。</p><p>12.5亿美元收购IBM押宝国际化之后，联想很大程度上就与阿梅里奥绑定在一起，联想的价值观、管理层不断向阿梅里奥妥协。2006年，刘军卸任联想集团COO。“这也是一次妥协，刘军停职留薪，去哈佛大学、斯坦福进修EMBA了。”</p><p>毫无疑问，联想为妥协付出了代价。麦兜回忆：“2004年的联想拥有30亿美元的净现金储备，在一个做PC的人眼里，这真的是一笔花不完的钱。”阿梅里奥来到联想之后，陆续启动了多起海外收购，并期望以此打开国际市场，到2007年底，联想的现金流就只剩下10亿美元。</p><p>阿梅里奥确实在并购IBM之后起到了关键作用，无论是IBM的PC业务扭亏，还是对全球业务、供应链的整合。2007-2008财年，联想净利润达4.48亿美元，并首次进入世界500强。但其中很多决策都是为了任期5年内的表现，这些经营策略并不符合联想的长远需求，2008-2009财年，联想遭遇严重亏损，一季度亏损1亿美元，四季度亏损2.6亿美元，并跌出500强。</p><p>2009年2月，柳传志重新出山，阿梅里奥离职，杨元庆出任CEO。这一年的控股年会上，柳传志提出了“主人翁精神”。麦兜对这次会议记忆犹新，“几乎联想老一辈的人都在，包括已经跟联想没有关系的郭为。那次，柳传志回顾了收购IBM之后的痛苦、妥协、挣扎以及自己的复出，他说，‘联想不需要职业经理人，有些人注定不会成为联想的核心高管，我们需要一个有主人翁精神的人。有一个人，是主人翁精神的模范，谁呢，刘军。’”</p><p>当时胸怀战略的刘军重新被柳传志理解，柳传志称刘军是“我们错看的一员大将”。这或许也是中国企业家教父柳传志唯一一次变相认错。此时的刘军已经从美国回归联想，“主人翁”的称谓也让诸多的联想高管认定刘军是柳传志指定的联想接班人。</p><p><strong>联想移动困局</strong></p><p>不过，柳传志复出时，接任联想CEO的是杨元庆，柳传志力挽狂澜并功成身退之后，杨元庆兼任董事长、CEO，刘军并没能真正成为联想的主人翁。</p><p>2014年底联想移动人事变动时，业内开始有刘军离职的传言。2015年6月刘军正式离职，但具体原因目前并不为人所知。</p><p>“刘军6月1日离职，杨元庆6月2日发微博‘军哥嘹亮’感谢刘军。但6月3日，联想就给媒体发了一封‘你们拿榔头都敲不醒’的杨元庆内部邮件，这封邮件抹杀了刘军所有的功劳。”在一大波人事清洗之后，还顺便抨击一番，怎么看都不太地道，似乎所有的责任都在联想移动团队身上。</p><p>一个不容否认的事实是，联想的移动业务自成立以来从未盈利。2008年，联想陷入亏损困境时，联想集团剥离移动业务，以1亿美元出售给旗下的弘毅投资。当时，担任董事长的杨元庆希望“可以把精力集中到PC方面”，也希望“手机业务可以在外部环境中更灵活地运作”。</p><p>2008年，联想移动的原掌门人刘志军“因参加培训”离职，并于不久后离开联想，独立之后的联想移动业务也开始重组，吕岩成为新任掌门。麦兜回忆：“当时，联想移动一直是与夏新一起做手机，吕岩、陈文辉、曾国章等后来的领导团队也是在此期间组建完毕。”</p><p>2008、2009年仍是功能机的天下，联想也只做功能机。但智能机已经是市场趋势，联想移动找来当时PC的干将张晖来筹建智能机。“后来，张晖在内部会议上说，‘智能机我搞不了，跟PC的模式完全不同，差异太大了。’”麦兜回忆：“然后，智能机又从张晖转交给陈文辉，后来证明，陈文辉是联想最懂手机的人，没有之一。”</p><p>2008年时，刘军刚刚从美国回归联想，在成熟的PC部门完成过渡期。移动掌门人吕岩曾经是刘军最得力的助手，这也为刘军后来接管移动业务做好了铺垫。</p><p>其后，功能机、智能机合并成一个移动业务集团，还有智能电视以及邵涛主管的平板业务，2011年春节联想成立了MIDH，刘军正式将这几大业务收入麾下。“保住功能机，拓展智能机、电视、平板，那几年战略进展比较顺畅。”</p><p>2012年，联想智能手机出货量700万台，增长1070%，收入14.84亿美元。2013年，联想移动达到巅峰，手机销量2800万台，增长300%，收入30亿美元。</p><p>但是2013年之后，智能手机市场3G、4G换代，同时手机渠道从运营商渠道向互联网渠道、公开渠道迁移。“联想的高级副总裁其实谙熟市场，非常有PC经验，但2013年的时候，他们对移动互联网仍然不是十分了解，这是个致命伤，在这个时间点，联想没有敢把重力投入到移动4G上，也没有押宝互联网渠道。”麦兜告诉记者：“再加上联想对手机的运营管理一直沿用着PC的思路，到了2014年，小米、华为、OPPO、vivo这些公司爆发的时候，联想移动，雪崩！”</p><p>根据Gartner的报告，2013年全年，联想在国产手机始终排名第一，在国内仅次于三星，2014年被华为、小米迅速超越，2015年又被OPPO、vivo赶超，如今依旧在不断下滑仍未止跌。</p><p>真实的情况比外界报道的更为严重。“当时只要是能看到供应链数据的高管，都知道，联想移动崩盘在即。”麦兜告诉记者：“2014年有一次统计，按照当时的备货量，哪怕不下任何订单，最糟糕的销售预测是：库存要卖50周！”</p><p>挣扎无望的联想，最终不得不全面打折。“所有的产品，都降价处理，一部分当场打折，一部分囤货处理到3、4线城市，一部分处理到了海外市场。”麦兜分析，“这次打折，损失了好几个亿。”在此期间，吕岩、陈文辉等人先后离开移动部门，并离开联想。当然，还有更多的人跟随这些人离开联想。</p><p><strong>向财务妥协</strong></p><p>2014年，在联想最糟糕的那段时间，华为、OPPO，甚至同样处于?寰车目崤啥伎?挤牌?擞?淌谐〉幕?Ｕ铰裕???呋チ???馈⒕?菲旖⒒?穆废撸?庖彩枪??只?涓镒罴ち业囊荒辏???胧贾瞻幢?欢??/p><p>“整个管理团队确实错失机遇。但后来一段时间即使想做改变，也没有功夫了。”麦兜回忆：“联想移动逐步陷入危局期间，杨元庆开始亲自过问移动业务，从最开始的一季度review一次，到后来的一个月、然后是两周一次。每次review都要包括市场规划、产品规划、新品规划、销售等等，光整理这些材料，就需要一周多时间，包括刘军在内的高管基本是准备完这周的review，就得准备下一次的了，基本没有精力去讨论改变策略了。”</p><p><ins id=\"SinaAdsArtical\" class=\"sinaads sinaads-done\" pdps=\"PDPS000000056054\" status=\"done\" left=\"0\" top=\"0\" style=\"display: block; overflow: hidden; text-decoration: none;\"><ins style=\"text-decoration: none; margin: 0px auto; width: 200px; display: block; position: relative;\"></ins></ins></p><p>而在杨元庆参与的会议上，似乎一切以财务为导向。麦兜介绍：“杨元庆开会身后都跟着一个庞大的秘书团队，为其提供数据、分析、决策，而人员基本都是由财务部门组成，秘书团队负责人也是原来的CFO周庆彤，他是最受杨元庆器重的人，很多VP都要跟他搞好关系。”多位联想人士证实，在联想内部，周庆彤类似于“杨元庆的管家”，在联想内部，财务团队也自称“CEO是刘备，财务就是诸葛亮”。</p><p>在财务报表面前，拥有大量订单的运营商市场依然拥有最高的权重。国产手机风云变幻的这一年，很多联想移动高管提出变革方案，但向财务妥协之后，要么不被采纳，要么无法执行。</p><p><div class=\"gg200x300\">  </div><p>“如果你问联想里谁最懂手机，至少80%的人会说是陈文辉，市场、产品、技术，无一不精。”麦兜介绍，“高通、联发科的所有芯片，每一个芯片的详细技术参数，陈文辉都能倒背如流，往往开产品规划会的时候，陈文辉讲完，产品经理去翻技术资料求证，分毫不差。”陈文辉经常在高级副总裁、执行副总裁们之前发现一些问题，并提出改革的想法，但鲜有落地的，陈文辉或许也是因此离职，投入更符合自己兴趣的无人机行业。</p><p><font face=\"楷体,楷体_GB2312\">（编辑：黄锴，邮箱：huangk@@21jingji.com）</font></p>                                                                                                              ', '', '', '');
INSERT INTO `y_post_content` VALUES ('7', '昨天，记者从腾讯方面获悉，微信团队根据近期接到的举报，对部分第三方应用发布违规第三方页面“红包”进行恶意营销等行为进行整顿。微信团队称，将根据严重程度，对这些公众号进行封号甚至注销。微信打击“红包”营销春节临近，红包越来越多。近日，有用户向微信举报，反映部分第三方应用发布违规第三方页面“红包”进行恶意营销。记者调查后发现，近期微信朋友圈内的确存在个别公众号滥...', '                 <p>昨天，记者从<a href=\"http://tech.163.com/company/tencent/\">腾讯</a>方面获悉，<a href=\"http://tech.163.com/company/weixin/\">微信</a>团队根据近期接到的举报，对部分第三方应用发布违规第三方页面“红包”进行恶意营销等行为进行整顿。微信团队称，将根据严重程度，对这些公众号进行封号甚至注销。</p><p><b>微信打击“红包”营销</b></p><p>春节临近，红包越来越多。近日，有用户向微信举报，反映部分第三方应用发布违规第三方页面“红包”进行恶意营销。</p><p>记者调查后发现，近期微信朋友圈内的确存在个别公众号滥用企业付款功能仿造微信红包的信息。记者的朋友圈内就有“先转发后领红包”的链接，而点击进去后，又被要求先关注再领红包，而领取的红包往往是极小金额。</p><p>微信方面认为，此类行为不仅可能存在一定的安全风险，也极大地损害了用户体验。因此，微信公众平台将对相关行为进行整顿。</p><p><b>三类行为将被整顿</b></p><p>微信打击的第一类行为是发布虚假，含木马链接的违规类“红包”。这类行为利用送“红包”吸引用户转发，用户点击后跳转到产品促销、打折广告等页面，甚至部分假“红包”页面中暗藏木马病毒，窃取用户个人隐私信息，存在盗号风险。</p><p>此外，打击发布含诱导行为的“红包”或微信红包。部分公众号通过（包括但不限于）“合体抢红包”的方式对“红包”实施诱导分享、诱导关注等违规行为。还有部分公众号利用企业付款功能，仿造微信红包消息，用户点开链接后必须先关注其公众账号才能领取小额现金红包，实施《微信公众平台运营规范》所禁止的诱导行为。</p><p>整顿的第三类行为是抢红包外挂类软件、应用。部分外挂类软件、应用声称能帮助用户抢到更多红包，诱导用户安装包括但不限于“红包外挂”等抢红包外挂类软件、应用。微信团队表示，该类软件对用户信息安全、财产安全等造成了极大安全隐患。</p><p><div class=\"gg200x300\">  </div><p><b>违规者或被封号注销</b></p><p>微信方面表示，微信公众平台对发布违规“红包”及违规使用企业付款功能等相关违规行为，以及对任何影响用户体验的行为将坚决依照法律规定、协议规则的规定进行处理，采取（包括但不限于）警告、删除部分或全部关注用户、限制或禁止使用部分或全部功能、账号封禁直至注销的处罚，对情节严重者还将拒绝再向该主体提供服务。同时，微信团队保留追究此类服务方法律责任的权利。</p><p><font face=\"楷体,楷体_GB2312\">京华时报记者&nbsp;孟凡泽</font></p>                                                                                                              ', '', '', '');
INSERT INTO `y_post_content` VALUES ('8', '部分支付公司已响应 不能用农行卡为P2P账户充值浙江贝付科技有限公司近日发布《关于P2P行业农行通道关闭通知》称，应农业银行总行要求，对第三方支付机构进行排查，禁止将农行的任何网络支付接口提供给P2P等各类网贷平台。贝付支付于1月26日前关闭P2P等行业的农行支付渠道。此事迅速发酵，有消息称，包括汇付天下、易宝支付、通联支付在内的多家第三方支付公司已响应要求关闭了农行的P2P...', '                 <p>部分支付公司已响应 不能用农行卡为P2P账户充值</p><p>浙江贝付科技有限公司近日发布《关于P2P行业农行通道关闭通知》称，应农业银行总行要求，对第三方支付机构进行排查，禁止将农行的任何网络支付接口提供给P2P等各类网贷平台。贝付支付于1月26日前关闭P2P等行业的农行支付渠道。此事迅速发酵，有消息称，包括汇付天下、易宝支付、通联支付在内的多家第三方支付公司已响应要求关闭了农行的P2P交易接口。</p><p><b>传农行关闭P2P交易接口</b></p><p>本月22日，浙江贝付科技有限公司发布通知称：近期由于P2P网贷平台风险事件频发，应中国农业银行总行要求，对第三方支付机构进行排查，要求我司禁止将农行的任何网络支付接口提供给P2P等各类网贷平台。为此我司将于1月26日前关闭P2P等行业的农行支付渠道。</p><p>贝付官网显示有合作的P2P企业有658金融网、鑫合汇、投融社、黄河金融、钱多多等数家。包括鑫合汇、黄河金融、钱多多等在内的P2P企业告诉记者，有的已经取消与贝付合作，有的目前不能使用农行卡充值、可以提现。</p><p><b>农行总行尚未证实</b></p><p>此前有媒体报道称,目前包括易宝支付、汇付天下、宝付支付、通联支付在内的多家第三方支付公司，已响应农行要求。对此,易宝支付负责人表示，前日内部已收到农行下发的通知。只有P2P平台的对私账户的交易接口被暂停（以个人名义开立的账户的交易接口被暂停），对公账户则因需要不受影响（部分关联农行账户的企业主体作为借款方需要按时划拨资金还款）。汇付天下则表示对此事不予置评。记者随后致电其官方客服获悉：“目前由于系统升级，农行卡不能充值。从21日开始停止农行卡充值业务，无法使用。后续是否还能继续使用还需要进一步核实。”</p><p>另外，深圳P2P平台小牛在线表示，目前只有贝付支付关闭了通道,小牛在线接入的第三方平台是易宝、快钱、财付通。对接的支付公司没有收到通知要关闭农业银行的接口，“目前暂时对我们没有影响。”</p><p>而农行总行给记者的回复则是“在向相关部门核实情况”，至于其他信息则未透露。但是记者从多个渠道证实，农行已经着手整理第三方支付公司P2P通道业务。</p><p><b>对行业影响不会很大</b></p><p>农行为何暂停第三方支付P2P通道业务？小牛在线相关负责人指出，近期，P2P网贷平台风险事件频发，涉及客户群体及资金损失金额较大，农行为了控制风险，因此要彻底排查。该负责人也表示，只此一家银行关闭交易接口的行为不会对行业造成很大影响。</p><p>同时，有不愿具名的支付行业风控人士指出，“可能是因为一些小的支付平台踩到监管底线、没有做好合规方面工作，导致农行进而停止合作。”</p><p>业内多位人士指出，农行情况如果属实的话，会影响部分客户的使用体验，客户需要重新绑卡进行充值。因一般平台会和多家支付公司合作，因此对于网贷平台而言影响不大。此外，据了解，其他银行并没有发出类似通知，这意味着对于整个行业的影响并不是太大。</p><p><div class=\"gg200x300\">  </div><p>业内人士表示，“虽然市场传闻有部分大银行开始对P2P行业做出一些限制，但目前其他银行并未实施农行这样的举措。P2P平台监管力度在不断加大，各银行对于第三方支付机构的排查力度也将加大，而第三方支付公司对于向P2P平台开放接口的态度，预计会越发谨慎。”某平台负责人则称，风险事件的爆发将有利于规范行业整体运营，P2P网贷行业正处于监管逐步落实的过程中。“行业门槛越来越高，不合规的平台将面临更大的压力，正规的互联网金融平台则如鱼得水，行业洗牌后将朝着良性方向发展。”</p><p><font face=\"楷体,楷体_GB2312\">京华时报记者&nbsp;余雪菲</font></p>                                                                                                              ', '', '', '');
INSERT INTO `y_post_content` VALUES ('9', '京华时报讯（记者牛颖惠）昨天，京北智库联合IT桔子发布《2015年中国互联网金融投融资分析报告》，去年互联网金融投融资年增长600%以上，其中，网贷类投融资占全年投融资案例数的近四成。 分析报告显示，2015年中国互联网金融市场发生的投融资案例共计402起，获得融资的企业数为370家，融资金额约为944亿元人民币，其中32家企业获得多轮融资，31家获得两轮融资，1家获得三轮融资。京北投...', '                 <p><font face=\"楷体,楷体_GB2312\">京华时报讯（记者牛颖惠）</font>昨天，京北智库联合IT桔子发布《2015年中国互联网金融投融资分析报告》，去年互联网金融投融资年增长600%以上，其中，网贷类投融资占全年投融资案例数的近四成。</p><p><div class=\"gg200x300\">  </div><p>分析报告显示，2015年中国互联网金融市场发生的投融资案例共计402起，获得融资的企业数为370家，融资金额约为944亿元人民币，其中32家企业获得多轮融资，31家获得两轮融资，1家获得三轮融资。</p><p>京北投资总裁、上海交通大学互联网金融研究所所长罗明雄表示，作为一个新兴行业，互联网金融获得融资的轮次以种子轮和A轮居多，两者总和占全年融资案例数的76.43%。</p><p>分析报告显示，就投融资案例数来看，获得投资最多的细分领域为网络贷款类，共149起，占全年投融资案例数的近四成；就投融资金额来看，获得投资最多的细分领域为综合金融服务，剔除邮政银行的451亿战略融资后，仍获得投资1719590万元人民币，占全年投融资总额的18.72%。</p>                                                                                                              ', '', '', '');
INSERT INTO `y_post_content` VALUES ('10', '督促航企以协议条款规范机票平台行为京华时报讯（记者郝少颖）昨天，记者从中国航协了解到，针对目前网络机票平台在机票交易过程中出现影响旅客正常出行和擅自修改航空公司机票退改签条件等问题，中国航协分别约谈了携程旅行网、去哪儿网等机票交易平台。中国航协明确要求，机票交易平台首先要维护好旅客权益，严禁侵害旅客的事件发生。要严格审核，在平台交易的代理企业要具备中国航协销...', '                 <p>督促航企以协议条款规范机票平台行为</p><p><font face=\"楷体,楷体_GB2312\">京华时报讯（记者郝少颖）</font>昨天，记者从中国航协了解到，针对目前网络机票平台在机票交易过程中出现影响旅客正常出行和擅自修改航空公司机票退改签条件等问题，中国航协分别约谈了<a href=\"http://tech.163.com/company/ctrip/\">携程</a>旅行网、<a href=\"http://tech.163.com/company/qunar/\">去哪儿</a>网等机票交易平台。</p><p>中国航协明确要求，机票交易平台首先要维护好旅客权益，严禁侵害旅客的事件发生。要严格审核，在平台交易的代理企业要具备中国航协销售代理资质，其销售行为要符合航空公司票价和客票使用条件，发现问题首先要保证旅客正常出行，做好善后工作，并对违规企业做出处理。</p><p><div class=\"gg200x300\">  </div><p>中国航协称，已对个别违规销售机票，损害旅客权益的销售代理企业，依据中国航协《航空运输销售代理企业监督管理办法》（试行）分别做出警告或暂停资质的处罚，并将向社会公布。此外也将积极与航空运输企业沟通，督促航空运输企业与网络机票交易平台签订协议，以协议条款规范机票交易平台的机票交易行为。</p><p>此前，携程爆出“积分换票”风波，让代理商买卖里程积分的灰色产业链浮出水面。在中国航协之前，中消协也约谈了携程网、去哪儿网、途牛、<a href=\"http://tech.163.com/company/elong/\">艺龙</a>网、阿里旅游、同程旅游6家在线旅行社，要求其重点核查“积分机票”，对违规者追责。</p>                                                                                                              ', '', '', '');
INSERT INTO `y_post_content` VALUES ('11', '京华时报讯（记者郝少颖）一年一度的春运大战全面打响，在线旅游商机票预订量井喷。去哪儿网相关负责人昨天表示，春运期间，为了防止问题机票产生，公司采取四大措施对在线预订各个环节进行把关。 该负责人称，春运期间，去哪儿网上千名客服人员休假制度由“做5休2”调整为“6+1”；此外，超千人的外包客服团队基本已经停休，实行两个星期休一天的休假制，以此保证24小时待命。该负责人还...', '                 <p><font face=\"楷体,楷体_GB2312\">京华时报讯（记者郝少颖）</font>一年一度的春运大战全面打响，在线旅游商机票预订量井喷。<a href=\"http://tech.163.com/company/qunar/\">去哪儿</a>网相关负责人昨天表示，春运期间，为了防止问题机票产生，公司采取四大措施对在线预订各个环节进行把关。</p><p><div class=\"gg200x300\">  </div><p>该负责人称，春运期间，去哪儿网上千名客服人员休假制度由“做5休2”调整为“6+1”；此外，超千人的外包客服团队基本已经停休，实行两个星期休一天的休假制，以此保证24小时待命。</p><p>该负责人还表示，原来去哪儿网对机票的监管是提前两个小时扫描风险票，春运期间提前24小时进行风险票扫描。对代理商的风险金的押款比例也有所提高，可以及时有效排查和监控，避免积分票、虚假票产生。</p><p>记者还了解到，为应对春运，去哪儿网将赔付储备金的预算增加了40%。即消费者一旦遇到问题比如风险票，去哪儿网第一时间帮消费者出票，保证消费者顺利出行，然后再找代理商进行结算。</p>                                                                                                              ', '', '', '');
INSERT INTO `y_post_content` VALUES ('12', '京华时报讯（记者古晓宇）刚刚公布今年第一财季报告后，苹果就遭遇了股价大跌。周三，苹果的股价下跌了6.57%，创下两年来最大单日跌幅。周二苹果发布的第一财季报告显示，虽然单季度的营收、净利润和iPhone销量都创下了历史新高，但投资者最关心的却是苹果在这一季度iPhone出货量增速创历史最低纪录，而且苹果预计今年第二财季营收将出现十三年来的首次下滑。这份财报也造成了苹果股价的...', '                 <p><font face=\"楷体,楷体_GB2312\">京华时报讯（记者古晓宇）</font>刚刚公布今年第一财季报告后，<a href=\"http://tech.163.com/company/apple/\">苹果</a>就遭遇了股价大跌。周三，苹果的股价下跌了6.57%，创下两年来最大单日跌幅。</p><p>周二苹果发布的第一财季报告显示，虽然单季度的营收、净利润和<a href=\"http://tech.163.com/company/iphone/\">iPhone</a>销量都创下了历史新高，但投资者最关心的却是苹果在这一季度iPhone出货量增速创历史最低纪录，而且苹果预计今年第二财季营收将出现十三年来的首次下滑。这份财报也造成了苹果股价的大跌，周三单日跌幅达6.57%，股价收于93.42美元。</p><p><div class=\"gg200x300\">  </div><p>这一大跌使得苹果公司的市值一天就蒸发了超过<a href=\"http://tech.163.com/company/360/\">360</a>亿美元，降至5479亿美元，虽然仍是市值最高的美国上市科技公司，但与<a href=\"http://tech.163.com/company/google/\">谷歌</a>母公司Alphabet的差距却进一步缩小。不过，分析师们也表示，长期价值投资者应该将此次股价下跌视作一次买入良机。高盛的研报表示：“我们预计iPhone销量增长将在3月经历同比下滑，这为该股创造一个有吸引力的介入点。”</p><p>按照苹果公司的惯例，一般是在9月份发布新的iPhone，并在当年的年底实现最大的销量。今年是苹果产品的大年，将发布iPhone7，可以预计的是，当这款新的iPhone上市后，苹果的销量还是会出现增长。</p>                                                                                                              ', '', '', '');
INSERT INTO `y_post_content` VALUES ('13', '本报记者 何晓晴 广州报道1月28日，针对农行关闭全部涉P2P交易接口的消息，网贷之家高级研究员张叶霞对21世纪经济报道记者表示，“此举应是农行的单一行为。截至目前，我们尚没有听到有其他行跟进的消息。”此前，浙江贝付科技有限公司（贝付支付）1月22日在公司官网发布通知称，“近期，P2P网贷平台风险事件频发，应中国农业银行总行要求，对第三方支付机构进行排查，要求我司禁止对农...', '                 <p><font face=\"楷体,楷体_GB2312\">本报记者&nbsp;何晓晴&nbsp;广州报道</font></p><p>1月28日，针对农行关闭全部涉P2P交易接口的消息，网贷之家高级研究员张叶霞对21世纪经济报道记者表示，“此举应是农行的单一行为。截至目前，我们尚没有听到有其他行跟进的消息。”</p><p>此前，浙江贝付科技有限公司（贝付支付）1月22日在公司官网发布通知称，“近期，P2P网贷平台风险事件频发，应中国农业银行总行要求，对第三方支付机构进行排查，要求我司禁止对农行的任何网络支付接口提供给P2P等各类网络贷平台。为此我司将于1月26日前关闭P2P等行业的农行支付渠道。”</p><p>张叶霞认为，“目前，对于一切有可能的风险源都要求切断，P2P平台就被认为是风险源头，而采取的‘一刀切’行为。不过，此举应只是一个阶段性的行为，待风险排查过后，将来应该还是会重新开放的。”</p><p>广州互金协会会长方颂也表示，支付公司通过银行与P2P合作，本身并不会对银行产生风险。</p><p>北京一家P2P平台负责人表示，“投资人可以转其他银行，我们估计（关闭接口）不会形成风潮。”</p><p><b>第三方支付波及面广</b></p><p>张叶霞表示，“据我们了解，农行并不是只针对一家第三方支付公司发出通知，而是对有业务往来的第三方支付公司均发布了通知，只不过贝付支付反应比较积极而已。而且，从托管平台数量来看，贝付支付还算不上是第一梯队的第三方支付机构。截至目前，托管P2P平台数量最多的第三方支付机构为汇付天下，居行业第一梯队。”</p><p>据汇付天下今年1月18日发布的2015年度《汇付天下P2P网贷行业报告》显示，截至2015年12月31日，汇付天下账户系统托管超过900家平台，分别包括石投金融、生菜金融、喜迎财、中秋普惠、<a href=\"http://tech.163.com/company/lg/\">乐金</a>所、幸福华安网、爱达投资、金开贷、财大狮等。</p><p>当天，网贷之家称，目前包括易宝支付、汇付天下、宝付支付、通联支付在内的多家第三方支付公司，已响应农行要求。不过，这些公司都没有在官方渠道明确表示“关闭P2P行业的农行支付渠道”。</p><p>21世纪经济报道记者先后联系了易宝支付、汇付天下相关人士，但未能就此事作出公开回应。汇付天下则表示对此不予置评。</p><p>“目前，投资人对接P2P平台银行网络支付接口的程序是，投资人先在P2P平台开户账户或在第三方支付平台开户，然后，在第三方支付平台对接众多银行通道。作为托管P2P平台数量最多的第三方支付机构，相关平台通过农行进行支付的账户无疑会受到影响。”&nbsp;张叶霞表示。</p><p><b>银行会否跟进</b></p><p>不过，张叶霞称，接下来要密切关注其他行会不会相继跟进。“在当前的敏感时点，如果其他大行也跟进的话，对P2P行业是很大的伤害。”</p><p>壹宝贷CEO罗浩杰则表示，“我认为其他银行跟风的可能性不大。但在用户体验上会有一定的影响。部分用农行卡充值的用户不方便了，必须转到其他银行再充值”。</p><p>截至目前，银行向第三方支付开放的接口包括了网银接口、快捷支付接口和代扣接口等。也就是说，从农行充值到P2P被叫停之后，投资者得把银行的卡转账到其他银行再进行充值才能投资P2P产品。</p><p>对此，北京一家P2P公司人士称，根据平台资质和签的不同支付公司，有些受影响，有些不会受影响。“目前，我们合作的支付公司暂时没接到这个通知，但如果是真的，可能会有滞后影响。”该人士有些担心。</p><p>当天，小牛在线一位内部人士告诉21世纪经济报道记者，“小牛在线没有接入贝付支付，我们接入的第三方平台是易宝、快钱、财付通。我们的运营商已经打电话问过他们，他们没有关闭。因此，对我们暂时还没有影响。”</p><p>融金所首席信息官陈敏对21世纪经济报道记者表示，随着监管细则征求意见稿等逐渐清晰落地，P2P平台对接银行做资金存管的规定也基本明确。</p><p><div class=\"gg200x300\">  </div><p>目前，从银行方面的态度体现出，国有四大行对于P2P平台的存管业务表现不积极，相反蛮多商业股份制银行在意见稿出台后，积极筛选平台名单，邀请较有规模实力的平台洽谈合作。</p><p>“像农行做这样的安排，或许银行业已在内部明确了P2P平台的资金存管业务对接由更为灵活的商业股份制银行机构来承担，其机制灵活，对于互联网金融创新企业机构也容易接受。”&nbsp;陈敏认为。</p><p><font face=\"楷体,楷体_GB2312\">（编辑：巫燕玲&nbsp;邮箱wuyl@21jingji.com）</font></p>                                                                                                              ', '', '', '');
INSERT INTO `y_post_content` VALUES ('14', '本报记者 陶力 上海报道继陆金所、蚂蚁金服和京东金融融资之后，腾讯旗下微众银行也加入了军备赛。1月28日，《华尔街日报》报道称，微众银行接近达成4.5亿美元融资协议，投资人包括美国私募基金华平投资以及新加坡淡马锡，估值达55亿美元。融资协议预计将于本周完成，华兴资本和美银美林为本轮融资提供咨询服务。微众银行官方人士在接受21世纪经济报道记者采访时证实，该公司确实有补充...', '                 <table class=\"f_table\"><tbody><tr><td><img alt=\"微众银行拟融资4.5亿美元 估值达55亿美元\" src=\"http://img1.cache.netease.com/catchpic/4/47/47051FFCD535BB33AAA8E69EB65AEDF6.jpg\" /></td></tr><tr><td></td></tr></tbody></table><p><font face=\"楷体,楷体_GB2312\">本报记者&nbsp;陶力&nbsp;上海报道</font></p><p>继陆金所、蚂蚁金服和京东金融融资之后，<a href=\"http://tech.163.com/company/tencent/\">腾讯</a>旗下微众银行也加入了军备赛。</p><p>1月28日，《华尔街日报》报道称，微众银行接近达成4.5亿美元融资协议，投资人包括美国私募基金华平投资以及新加坡淡马锡，估值达55亿美元。融资协议预计将于本周完成，华兴资本和美银美林为本轮融资提供咨询服务。</p><p>微众银行官方人士在接受21世纪经济报道记者采访时证实，该公司确实有补充资本的计划以支持业务发展，具体方案还在与各方沟通和磋商。不过，对于融资的详细细节，该人士并未透露更多。</p><p>公开资料显示，微众银行2014年年底获批开业，去年1月18日开始试营业，为民营银行试点的第一家。腾讯作为最大股东，持有30%的股权。深圳市立业集团和深圳百业源是微众银行另外两家大股东。</p><p>与当初获批时的万众瞩目相比，互联网银行的运行似乎并未能获得长足的发展。包括微众银行、网上银行在内，仍然只能从事简单的理财和小贷服务，覆盖人群十分有限。在此背景下，成立不到一年，微众银行便相继有高管离开，该行行长曹彤去年9月宣布辞职，两个月后副行长郑新林也宣布辞职。</p><p>分析人士称，在拿到新的融资后，微众银行可能会利用新资金扩大现有业务，但是还需要获得更多来自监管层面的政策支持。</p><p><b>低调试水</b></p><p>在低调谨慎运行近一年后，互联网银行的发展受到政策限制的弊端正逐步显现。此番，微众银行传出融资的消息可谓十分及时。</p><p>由于远程开户这一服务尚未获得政策许可，微众银行目前的服务仅包括货币市场基金等理财产品和“微粒贷”个人贷款服务。信誉良好的用户可以在微众银行中无需提供任何担保或抵押的情况下贷款，额度可达人民币20万元。</p><p>不过，这与成立之初的备受期待相比，仍然存在较大差距。记者了解到，对于外界的猜测和关注，微众银行和网上银行对外几乎不做回应，对于互联网银行的现状、发展和规划，官方也甚少有主动提及的意图。</p><p>事实上，去年9月，微众银行进行了架构调整，确定了基本的发展战略。前述官方人士透露，该行还是会坚持以消费金融、财富管理和平台金融三个板块为主的业务。</p><p>深圳银监局公开披露，截至2015年12月末，微粒贷贷款余额74.95亿元，共开通白名单客户2034万人，授信客户352万人，授信金额757亿元，累计66万人在线贷款128.17亿元。</p><p>而财富管理板块的主要载体则是“微众银行”APP，目前主要从事代销业务，产品涵盖货币基金、保险、股票基金等。截至2015年12月末，微众银行APP客户数累计逾32万人，产品代销规模接近150亿元。</p><p>一名银行业内人士向记者表示，微众银行的这份成绩单很难找到参照物去评估，与传统银行相比这个数字肯定很小，但是二者的运营模式完全不一样，不具备可比性。“比如一个用户在工行柜台购买几十万的基金或理财产品，都是很正常的事情，在互联网上就不一定会放心去投入，目前看来，互联网银行对传统机构还构不成很大的影响。”</p><p><b>巨头效应</b></p><p>不过，在融<a href=\"http://tech.163.com/company/360/\">360</a>&nbsp;CEO叶大清看来，互联网金融的发展有其天然的优势，他们可以用自己的平台收集数据，利用数据开发出更有效的方法来评估用户的信用水平，从而大大提升业务处理的效率，并据此为用户提供更加精准的产品。“现在制约它发展的还是政策没有放开，安全当然也是一个因素。”</p><p>尽管发展还会遭遇各种掣肘，背靠腾讯的微众银行还是被资本寄予了厚望。一旦此次融资敲定，微众银行也将是继京东金融、陆金所、蚂蚁金服之后，国内又一家互联网金融巨头获得融资。</p><p>此前，陆金所刚刚对外宣布近期完成12.16亿美元融资，融资完成后，陆金所估值达到185亿美元。京东金融近期也宣布融资66.5亿元人民币，估值为466.5亿元人民币。蚂蚁金服近期筹划的B轮融资金额也高达100亿元。</p><p>同时，这三家公司已经分别传出了筹备上市的消息，预计不会晚于2017年，巨头之间的军备竞赛颇有愈演愈烈之势。</p><p>而刚刚成立一年的微众银行此番估值已达55亿美元，起点不可谓不高。之所以能够获得认可，很大程度在于互联网金融平台具备的风控能力和技术整合能力，是传统金融所不具备的。腾讯最大优势在于坐拥上亿的用户技术以及丰富的社交数据，只是，目前看来数据之间并没有被有效打通和利用。</p><p><div class=\"gg200x300\">  </div><p>前述银行业内人士认为，微众银行推出的代销业务与很多银行的功能类似，没有很大的突破。“像<a href=\"http://tech.163.com/company/alibaba/\">阿里巴巴</a>做小贷，就是结合了电商数据，并贷款给自己平台的商家。这也是数据有效利用的一个方式。”</p><p>因此，如何玩转平台用户，将社交属性与金融属性成功结合，将是留给微众银行的重要挑战。也有分析认为，互联网银行是新生事物，也是创新的探索者，对于其发展前景应该留给时间去检验。</p><p><font face=\"楷体,楷体_GB2312\">（编辑：贾红辉，邮箱：jiahh@21jingji.com）</font></p>                                                                                                              ', '', '', '');
INSERT INTO `y_post_content` VALUES ('15', '网易科技讯1月29日消息，据国外媒体CNBC报道，Facebook CEO扎克伯格的财富近年来持续增长。本周四，在华尔街对Facebook的发展给出乐观评估之后，Facebook股价飙升15%。近期扎克伯格的持股价值增长超过60亿美元。 经过此次股价增长，31岁的扎克伯格净资产已经超过470亿美元，成为世界上第6富有的人。超过了甲骨文公司创始人拉里艾莉森的440亿美元。从去年至今，Facebook', '                 <p class=\"f_center\"><img alt=\"FB股价暴涨 小札能捐的财富又多了60亿美元\" src=\"http://img5.cache.netease.com/tech/2016/1/29/20160129052313460f2.jpg\" /><br  />  </p>  <p><a href=\"http://tech.163.com/company/netease/\" title=\"网易\" target=\"_blank\">网易</a>科技讯1月29日消息，据国外媒体CNBC报道，<a href=\"http://tech.163.com/company/facebook/\">Facebook</a> CEO扎克伯格的财富近年来持续增长。本周四，在华尔街对Facebook的发展给出乐观评估之后，Facebook股价飙升15%。近期扎克伯格的持股价值增长超过60亿美元。</p>  <p>经过此次股价增长，31岁的扎克伯格净资产已经超过470亿美元，成为世界上第6富有的人。超过了<a href=\"http://tech.163.com/company/oracle/\">甲骨文</a>公司创始人拉里艾莉森的440亿美元。从去年至今，Facebook股价已经增长了43%以上，市值近3100亿美元。</p>  <br><div class=\"gg200x300\">  </div><p>扎克伯格本人对这些巨额财富并不会有过多惊喜，去年他和他的妻子将他们Facebook 99%的股份获利捐赠给Chan Zuckerberg基金，这些资金将投入到教育和医疗以及解决其他问题当中。扎克伯格曾公开表示要求教育和移民政策改革。</p>  <p>本周三，Facebook发布了第四季度财报，公布其每股收益为79美分，总收益58.4亿美元。月度活跃用户增长到15.9亿人。同时公司还获得了大量广告收入。（<font face=\"楷体,楷体_GB2312\">持文</font>）</p>  <a href=\"http://www.163.com/newsapp/\">更多有态度内容请下载网易新闻</a>                                                                                                              ', '', '', '');
INSERT INTO `y_post_content` VALUES ('16', '网易科技讯 1月29日消息，美股周四收高。油价跳升与Facebook、运动衣制造商Under Armour等公司超预期财报提振信心。这两只股票分别录得15.5%和23%的涨幅。 截至收盘，道琼斯工业平均指数报16,069.64点，上涨125.18点，涨幅为0.79%。标准普尔500指数报1,893.36点，上涨10.41点，涨幅为0.55%。纳斯达克综合指数报4,506.68点，上涨38.51点，', '                 <p class=\"f_center\"><img alt=\"中国概念股周四多数下跌 阿里巴巴跌近4%\" src=\"http://img6.cache.netease.com/tech/2016/1/29/20160129053955b614a.png\" /><br  />  </p>  <p><a href=\"http://tech.163.com/company/netease/\" title=\"网易\" target=\"_blank\">网易</a>科技讯 1月29日消息，美股周四收高。油价跳升与<a href=\"http://tech.163.com/company/facebook/\">Facebook</a>、运动衣制造商Under Armour等公司超预期财报提振信心。这两只股票分别录得15.5%和23%的涨幅。</p>  <p>截至收盘，道琼斯工业平均指数报16,069.64点，上涨125.18点，涨幅为0.79%。标准普尔500指数报1,893.36点，上涨10.41点，涨幅为0.55%。纳斯达克综合指数报4,506.68点，上涨38.51点，涨幅为0.86%。</p>  <p>中国概念股周四多数下跌。六只股票跌逾3%，其中两只跌幅破5%。乐居（NYSE:LEJU）跌6.22%，500彩票网（NYSE:WBAI）跌6.66%。五只股票涨超3%，其中两只涨幅过5%。好未来（NYSE:XRS）上涨6.09%，<a href=\"http://tech.163.com/company/utstar/\">UT斯达康</a>（NASDAQ:UTSI）上涨6.33%。</p>  <br><div class=\"gg200x300\">  </div><p><a href=\"http://tech.163.com/company/alibaba/\">阿里巴巴</a>（NYSE:BABA）今日高开低走，最终以近4%的跌幅报收，盘中振幅接近9%。韦德布什证券的分析师称，尽管阿里表示用户消费水平健康且在增长，但放缓的商品交易总量（GMV）却证明，“中国消费者的开支正在放缓，这并非什么好兆头”。</p>  <p>阿里高管在电话会议上称，财报季节内冬天温度较高，因此导致GMV增长承压，但Atlantic资本的分析师表示，考虑到宏观环境和对中国经济放缓的担忧，“我认为投资者没有心情听任何借口”。阿里巴巴今日收报66.85美元，下跌2.69美元，跌幅为3.87%。（<font face=\"楷体,楷体_GB2312\">亚比</font>）</p>  <a href=\"http://www.163.com/newsapp/\">更多有态度内容请下载网易新闻</a>                                                                                                              ', '', '', '');
INSERT INTO `y_post_content` VALUES ('17', '网易科技讯 1月29日消息，微软（NASDAQ: MSFT）今天发布了截至12月31日的2016财年第二财季财报。报告显示，按美国通用会计准则计（GAAP），公司该季度营收为238亿美元，去年同期为265亿美元，同比下滑10%；运营利润为60亿美元，去年同期为78亿美元，同比下滑23%；净利润为50亿美元，去年同期为59亿美元，同比下滑15%；合摊薄后每股利润0.62美元，去年同期为每股利润0.7', '                 <p><a href=\"http://tech.163.com/company/netease/\" title=\"网易\" target=\"_blank\">网易</a>科技讯 1月29日消息，<a href=\"http://tech.163.com/company/microsoft/\">微软</a>（NASDAQ: MSFT）今天发布了截至12月31日的2016财年第二财季财报。报告显示，按美国通用会计准则计（GAAP），公司该季度营收为238亿美元，去年同期为265亿美元，同比下滑10%；运营利润为60亿美元，去年同期为78亿美元，同比下滑23%；净利润为50亿美元，去年同期为59亿美元，同比下滑15%；合摊薄后每股利润0.62美元，去年同期为每股利润0.71美元，同比下滑13%。</p>  <p>按非美国通用会计准则计（Non-GAAP），公司该季度营收为257亿美元，去年同期为261亿美元，同比下滑2%，不计入汇率变动影响，同比增长3%；运营利润为79亿美元，去年同期为77亿美元，同比增长3%，不计入汇率变动影响，同比增长13%；净利润为63亿美元，去年同期为58亿美元，同比增长8%，不计入汇率变动影响，同比增长20%；合摊薄后每股利润0.78美元，去年同期为每股利润0.70美元，同比增长11%，不计入汇率变动影响，同比增长23%。</p>  <p>在第二财季，微软通过股票回购和股票分红共向股东返还资本65亿美元。</p>  <p>“任何地方的企业都在使用微软云服务，以作为他们驱动转型的数字平台。”微软CEO萨蒂亚·纳德拉（Satya Nadella）表示，“企业同时也在尝试Windows 10，该系统将会迎来超过2亿部激活设备的部署。”</p>  <p>  <b>生产力和商务处理业务营收同比下滑2%（不计入汇率变动影响，同比增长5%），至67亿美元，其中：</b>  </p>  <p>·<a href=\"http://tech.163.com/company/office/\">Office</a>商业产品和云服务营收同比增长5%（不计入汇率变动影响）</p>  <p>·Office 365消费者订阅数量增长至2060万人</p>  <p>·Dynamics产品业务营收同比增长11%（不计入汇率变动影响）</p>  <p>  <b>智能云端服务营收同比增长5%（不计入汇率变动影响，同比增长11%），至63亿美元，其中：</b>  </p>  <p>·服务器产品和云服务营收同比增长10%（不计入汇率变动影响）</p>  <p>·Azure营收同比增长140%（不计入汇率变动影响）</p>  <p>·全球500强企业超过三分之一选择了微软的企业移动解决方案，同比增长近三倍。</p>  <p>  <b>个人计算部门营收同比下滑5%（不计入汇率变动影响，同比下滑2%），至127亿美元，其中：</b>  </p>  <p>·Windows OEM业务营收同比下滑5%（不计入汇率变动影响）</p>  <p>·<a href=\"http://tech.163.com/company/surface/\">Surface</a>业务营收同比增长29%（不计入汇率变动影响）</p>  <p>·手机业务营收同比下滑49%（不计入汇率变动影响）</p>  <p>·搜索广告业务营收在未扣除流量成本前同比增长21%（不计入汇率变动影响）</p>  <p>·Xbox Live月均活跃用户数同比增长30%，达到创纪录的4800万人。</p>  <p>“对于微软Surface和Xbox来说，这是一个强劲的假日销售表现。”微软首席运营官凯文·特纳（Kevin Turner）表示，“我们的商业部门执行得非常好，我们的销售团队和合作伙伴都成功帮助我们的客户认识到微软云技术，包括Azure、Office 365以及CRM Online等的价值。”</p>  <br><div class=\"gg200x300\">  </div><p>  <b>业绩展望</b>  </p>  <p>微软业绩展望将于财报电话会议上披露。（<font face=\"楷体,楷体_GB2312\">卢鑫</font>）</p>  <a href=\"http://www.163.com/newsapp/\">更多有态度内容请下载网易新闻</a>                                                                                                              ', '', '', '');
INSERT INTO `y_post_content` VALUES ('18', '网易科技讯 1月29日消息，亚马逊（NASDAQ:AMZN）今天公布了截至12月31日的2015年第四季度及全年财报。报告显示，公司该季度净销售额为357亿美元，去年同期为293亿美元，同比增长22%；净利润为4.82亿美元，去年同期为2.14亿美元，同比增长125%；合摊薄后每股利润1.00美元，去年同期为每股利润0.45美元。 截至第四季度末，亚马逊连续12个月内的运营现金流为119亿美元，去', '                 <p class=\"f_center\"><img alt=\"亚马逊第四季度净利润4.82亿美元 同比增长125%\" src=\"http://img5.cache.netease.com/tech/2016/1/29/20160129055245dbb92_550.png\" /><br  />  </p>  <p>  <font face=\"楷体,楷体_GB2312\"><a href=\"http://tech.163.com/company/netease/\" title=\"网易\" target=\"_blank\">网易</a>科技</font>讯 1月29日消息，<a href=\"http://tech.163.com/company/amazon/\">亚马逊</a>（NASDAQ:AMZN）今天公布了截至12月31日的2015年第四季度及全年财报。报告显示，公司该季度净销售额为357亿美元，去年同期为293亿美元，同比增长22%；净利润为4.82亿美元，去年同期为2.14亿美元，同比增长125%；合摊薄后每股利润1.00美元，去年同期为每股利润0.45美元。</p>  <p>截至第四季度末，亚马逊连续12个月内的运营现金流为119亿美元，去年同期为68亿美元，同比增长74%。截至第四季度末，12个月的自由现金流为73亿美元，去年同期为19亿美元。</p>  <p>截止2015年12月31日，亚马逊普通股加基于股票奖励的发行股总计4.90亿股，去年同期为4.83亿股。</p>  <p>  <b>第四季度业绩</b>  </p>  <p>亚马逊第四季度净销售额同比增长22%，至357亿美元，去年同期为293亿美元。不计入汇率变动所产生的12亿美元不利影响，净销售额同比增幅为26%。</p>  <p>亚马逊第四季度运营利润同比增长88%，至11亿美元，去年同期为5.91亿美元。</p>  <p>亚马逊第四季度净利润为4.82亿美元，合摊薄后每股利润1.00美元，去年同期为2.14亿美元，合摊薄后每股利润0.45美元。</p>  <p>  <b>2015全年业绩</b>  </p>  <p>亚马逊全年净销售额同比增长20%，至1070亿美元，上年为890亿美元。不计入汇率变动所产生的52亿美元不利影响，净销售额同比增幅为26%。</p>  <p>亚马逊全年运营利润为22亿美元，上年为1.78亿美元。</p>  <p>亚马逊全年净利润为5.96亿美元，合摊薄后每股利润1.25美元，上年为净亏损2.41亿美元，合摊薄后每股亏损0.52美元。</p>  <p>“20年前，我曾需要亲自驾车前往邮局去寄送包裹，并希望有一天我们能够买的起升降机。今年，我们迈过了1000亿美元的年销售额大关，并为超过3亿的客户服务。”亚马逊创始人兼CEO杰夫·贝索斯（Jeff Bezos）表示，“然而如果用我们在交易市场上看到的活力，以及站在客户角度看到的未来扩张潜力来衡量，我仍然觉得现在是第一天。”</p>  <p>  <b>2016年第一季度展望</b>  </p>  <p>·净销售额预计将在265亿至290亿美元之间，或同比增长17%至28%。</p>  <br><div class=\"gg200x300\">  </div><p>·运营利润预计将在1.00亿至7.00亿美元之间，上年同期运营利润为2.55亿美元。</p>  <p>·该预期包括了大约6.00亿美元的股票补偿和无形资产摊销，并且假定，在其他方面，公司没有额外的业务收购、投资，或者法律和解，以及没有进一步修正股票补偿的预期等。（<font face=\"楷体,楷体_GB2312\">卢鑫</font>）</p>  <a href=\"http://www.163.com/newsapp/\">更多有态度内容请下载网易新闻</a>                                                                                                              ', '', '', '');
INSERT INTO `y_post_content` VALUES ('19', '据外媒AppleInsider报道，在Facebook公布财报后的电话会议上，该公司CEO马克·扎克伯格表示，Facebook不会涉足支付领域，并且愿意与苹果进行合作。 扎克伯格称：“对于支付，我们基本的策略是为用户清除交易中的障碍，尤其是在Messenger等产品中。”Facebook提供了多种电商服务，例如企业网页上的“购物”按钮、购物频道，目的是延长用户访问其各种服务的时间。扎克伯格认为，向', '                 <p>据外媒AppleInsider报道，在<a href=\"http://tech.163.com/company/facebook/\">Facebook</a>公布财报后的电话会议上，该公司CEO马克·扎克伯格表示，Facebook不会涉足支付领域，并且愿意与<a href=\"http://tech.163.com/company/apple/\">苹果</a>进行合作。</p><p class=\"f_center\"><img id=\"content-first-img\" src=\"http://img1.cache.netease.com/catchpic/B/B6/B611DD97E56FBE41ADDD23A9A50D6337.jpg\" alt=\"扎克伯格：Facebook无意涉足移动支付 \" style=\"border: 1px solid rgb(229, 229, 229); vertical-align: middle; cursor: pointer;\" align=\"no\" height=\"395\" width=\"640\" /><br  /></p><p><div class=\"gg200x300\">  </div><p>扎克伯格称：“对于支付，我们基本的策略是为用户清除交易中的障碍，尤其是在Messenger等产品中。”Facebook提供了多种电商服务，例如企业网页上的“购物”按钮、购物频道，目的是延长用户访问其各种服务的时间。</p><p>扎克伯格认为，向用户提供流畅的支付体验能带来更多流量，有助于推动网络广告业务增长。Facebook的目标是打造一个方便用户与企业沟通的系统，从而提振广告价格。</p><p>对于支付领域的合作，扎克伯格说：“我们愿意与任何支付公司合作。我们认为Apple&nbsp;Pay是支付领域真正的创新，能消除交易中的许多障碍。”</p><p>如今，Apple&nbsp;Pay已经被整合至很多应用内，与Facebook的合作对苹果也会很有利。</p>                                                                                                              ', '', '', '');
INSERT INTO `y_post_content` VALUES ('20', '网易科技讯 1月29日消息，艺电（EA）今天公布了截至12月31日的2016财年第三财季财报。报告显示，按美国通用会计准则计（GAAP），公司该季度总营收为10.70亿美元，去年同期为11.26亿美元，同比下滑5%；净亏损为4500万美元，去年同期为净利润1.42亿美元；合摊薄后每股亏损0.14美元，去年同期为每股利润0.44美元。  第三财季主要财务数据  ·GAAP净营收为10.70亿美元，去', '                 <p><a href=\"http://tech.163.com/company/netease/\" title=\"网易\" target=\"_blank\">网易</a>科技讯 1月29日消息，<a href=\"http://tech.163.com/company/ea/\">艺电</a>（<a href=\"http://tech.163.com/company/ea/\">EA</a>）今天公布了截至12月31日的2016财年第三财季财报。报告显示，按美国通用会计准则计（GAAP），公司该季度总营收为10.70亿美元，去年同期为11.26亿美元，同比下滑5%；净亏损为4500万美元，去年同期为净利润1.42亿美元；合摊薄后每股亏损0.14美元，去年同期为每股利润0.44美元。</p>  <p>  <b>第三财季主要财务数据</b>  </p>  <p>·GAAP净营收为10.70亿美元，去年同期为11.26亿美元；Non-GAAP净营收为18.03亿美元，去年同期为14.28亿美元。</p>  <p>·GAAP净亏损4500万美元，去年同期为净利润1.42亿美元；Non-GAAP净利润为5.96亿美元，去年同期为净利润3.88亿美元。</p>  <p>·GAAP摊薄后每股亏损0.14美元，去年同期为每股利润0.44美元；Non-GAAP摊薄后每股利润为1.83美元，去年同期为每股利润1.22美元。</p>  <p>·运营现金流为8.89亿美元，去年同期为6.82亿美元。</p>  <p>  <b>业务预期</b>  </p>  <p>  <b>对截止3月31日的2016财年全年预期如下：</b>  </p>  <p>·GAAP净营收约为43.63亿美元；</p>  <p>·Non-GAAP净营收约为45.17亿美元；</p>  <p>·GAAP摊薄后每股利润约为2.23美元；</p>  <p>·Non-GAAP摊薄后每股利润约为3.04美元；</p>  <p>·2016财年用于计算GAAP摊薄后每股利润的预期发行股票总数为3.32亿股，用于计算Non-GAAP摊薄后每股利润的预期发行股票总数为3.25亿股。</p>  <p>  <b>对截止3月31日的2016财年第四财季预期如下：</b>  </p>  <p>·GAAP净营收约为12.75亿美元；</p>  <p>·Non-GAAP净营收约为8.75亿美元；</p>  <p>·GAAP摊薄后每股亏损约为14.6美元；</p>  <br><div class=\"gg200x300\">  </div><p>·Non-GAAP摊薄后每股收益约为0.40美元；</p>  <p>·第三季度用于计算GAAP摊薄后每股利润的预期发行股票总数为3.30亿股，用于计算Non-GAAP摊薄后每股利润的预期发行股票总数为3.25亿股。（<font face=\"楷体,楷体_GB2312\">卢鑫</font>）</p>  <a href=\"http://www.163.com/newsapp/\">更多有态度内容请下载网易新闻</a>                                                                                                              ', '', '', '');
INSERT INTO `y_post_content` VALUES ('21', '@北京海淀法院：【播放影片《观音山》，乐视网诉优酷网侵权】因认为优酷手机端未经允许提供其权属影片《观音山》的在线播放服务，原告乐视网信息技术（北京）股份有限公司以侵害信息网络传播权纠纷为由诉至法院，请求判令被告合一信息技术（北京）有限公司停止侵害、赔偿损失。目前，海淀法院受理了此案。   原告乐视网称，被告侵犯了其信息网络传播权，给原告造成了巨大经济损失。请求法...', '<p>\r\n	@北京海淀法院：【播放影片《观音山》，<a href=\"http://tech.163.com/company/letv/\">乐视网</a>诉<a href=\"http://tech.163.com/company/youku/\">优酷</a>网侵权】因认为优酷手机端未经允许提供其权属影片《观音山》的在线播放服务，原告乐视网信息技术（北京）股份有限公司以侵害信息网络传播权纠纷为由诉至法院，请求判令被告合一信息技术（北京）有限公司停止侵害、赔偿损失。目前，海淀法院受理了此案。\r\n</p>\r\n<p>\r\n	原告乐视网称，被告侵犯了其信息网络传播权，给原告造成了巨大经济损失。请求法院判令其立刻停止在优酷手机端上传播《观音山》，并立即删除；赔偿乐视网9.5万元，并承担因本案而支出的合理费用共计5000元。\r\n</p>\r\n<p>\r\n	目前此案正在进一步审理中。\r\n</p>\r\n<p class=\"f_center\">\r\n	<img alt=\"乐视网诉优酷网侵权播影片：索赔10万元\" src=\"http://img6.cache.netease.com/tech/2016/5/30/20160530172611e7c57.jpg\" />\r\n</p>\r\n<p>\r\n	<br />\r\n</p>\r\n<div class=\"gg200x300\">\r\n	<div>\r\n		<a href=\"http://gb.corp.163.com/gb/legal.html\" class=\"ad_hover_href\"></a> \r\n	</div>\r\n</div>', '', '', '');

-- ----------------------------
-- Table structure for `y_question`
-- ----------------------------
DROP TABLE IF EXISTS `y_question`;
CREATE TABLE `y_question` (
  `id` int(10) unsigned NOT NULL AUTO_INCREMENT,
  `user_id` int(10) unsigned NOT NULL DEFAULT '0' COMMENT '用户',
  `realname` varchar(50) NOT NULL DEFAULT '' COMMENT '真实姓名',
  `email` varchar(60) NOT NULL DEFAULT '' COMMENT '邮箱',
  `telephone` varchar(20) NOT NULL DEFAULT '' COMMENT '电话',
  `qq` varchar(12) DEFAULT NULL COMMENT 'qq',
  `question` text NOT NULL COMMENT '内容',
  `client_ip` varchar(15) DEFAULT NULL COMMENT 'ip',
  `create_time` int(10) unsigned NOT NULL DEFAULT '0' COMMENT '发送时间',
  PRIMARY KEY (`id`)
) ENGINE=InnoDB AUTO_INCREMENT=3 DEFAULT CHARSET=utf8 COMMENT='留言反馈表';

-- ----------------------------
-- Records of y_question
-- ----------------------------
INSERT INTO `y_question` VALUES ('2', '66', '喜之狼_qq', '373106292@qq.com', '', '123212', '上传组件在谷歌下报错，视频上传报错无法选择文件', '124.73.101.106', '1411488269');

-- ----------------------------
-- Table structure for `y_recommend`
-- ----------------------------
DROP TABLE IF EXISTS `y_recommend`;
CREATE TABLE `y_recommend` (
  `id` int(10) unsigned NOT NULL AUTO_INCREMENT,
  `position_id` int(10) unsigned NOT NULL DEFAULT '0' COMMENT '推荐位id',
  `content_id` int(10) unsigned NOT NULL DEFAULT '0' COMMENT '推荐内容id',
  `type` tinyint(2) unsigned NOT NULL DEFAULT '1' COMMENT '内容类型 ',
  `title` varchar(100) NOT NULL DEFAULT '' COMMENT '内容标题',
  `sort_order` int(10) unsigned NOT NULL DEFAULT '0' COMMENT '排序(默认从小到大排序)',
  `create_time` int(10) unsigned NOT NULL DEFAULT '0' COMMENT '推荐时间',
  PRIMARY KEY (`id`)
) ENGINE=InnoDB AUTO_INCREMENT=8 DEFAULT CHARSET=utf8 COMMENT='推荐内容表';

-- ----------------------------
-- Records of y_recommend
-- ----------------------------
INSERT INTO `y_recommend` VALUES ('3', '1', '30', '1', '阅读jQuery源代码带给我们的18个惊喜', '0', '1444719938');
INSERT INTO `y_recommend` VALUES ('4', '1', '29', '1', 'Yii 框架创建自己的 web 应用', '0', '1444719938');
INSERT INTO `y_recommend` VALUES ('6', '2', '7', '2', '靓丽女孩', '0', '1444721620');
INSERT INTO `y_recommend` VALUES ('7', '2', '8', '2', '漂亮女神', '0', '1444721620');

-- ----------------------------
-- Table structure for `y_recommend_position`
-- ----------------------------
DROP TABLE IF EXISTS `y_recommend_position`;
CREATE TABLE `y_recommend_position` (
  `id` int(10) unsigned NOT NULL AUTO_INCREMENT COMMENT '推荐位id',
  `title` varchar(100) NOT NULL DEFAULT '' COMMENT '推荐位名称',
  PRIMARY KEY (`id`)
) ENGINE=InnoDB AUTO_INCREMENT=3 DEFAULT CHARSET=utf8 COMMENT='推荐位表';

-- ----------------------------
-- Records of y_recommend_position
-- ----------------------------
INSERT INTO `y_recommend_position` VALUES ('1', '首页资讯推荐');
INSERT INTO `y_recommend_position` VALUES ('2', '首页图集推荐');

-- ----------------------------
-- Table structure for `y_reply`
-- ----------------------------
DROP TABLE IF EXISTS `y_reply`;
CREATE TABLE `y_reply` (
  `id` int(10) unsigned NOT NULL AUTO_INCREMENT COMMENT '回复id',
  `user_id` int(10) unsigned NOT NULL DEFAULT '0' COMMENT '用户id',
  `cid` int(10) unsigned NOT NULL DEFAULT '0' COMMENT '评论id',
  `reply_id` int(10) unsigned NOT NULL DEFAULT '0' COMMENT '上级回复的id',
  `content` varchar(500) NOT NULL DEFAULT '' COMMENT '回复内容',
  `status` enum('Y','N') NOT NULL DEFAULT 'Y' COMMENT '显示状态',
  `create_time` int(10) unsigned NOT NULL DEFAULT '0' COMMENT '添加时间',
  PRIMARY KEY (`id`)
) ENGINE=InnoDB AUTO_INCREMENT=11 DEFAULT CHARSET=utf8 COMMENT='评论回复表';

-- ----------------------------
-- Records of y_reply
-- ----------------------------
INSERT INTO `y_reply` VALUES ('2', '1', '33', '0', '正好五个字', 'Y', '1402993685');
INSERT INTO `y_reply` VALUES ('3', '31', '33', '2', '太没营养了吧 <img src=\"/public/emoticons/images/13.gif\" alt=\"\" border=\"0\" width=\"20\" height=\"20\" title=\"\" align=\"\" /><br />', 'Y', '1402997219');
INSERT INTO `y_reply` VALUES ('4', '31', '33', '2', '<pre class=\"prettyprint lang-php\">  phpinfo();</pre>', 'Y', '1402998048');
INSERT INTO `y_reply` VALUES ('5', '31', '33', '2', '<pre class=\"prettyprint lang-html\">&lt;link type=\"text/css\" rel=\"stylesheet\" href=\"./kindeditor/plugins/code/prettify.css\"/&gt;</pre>', 'Y', '1402998870');
INSERT INTO `y_reply` VALUES ('6', '1', '33', '5', '<pre class=\"prettyprint lang-php\">echo \"&lt;pre&gt;\";\r\n\r\necho \"谁说代码不能换行！！\";\r\n\r\n</pre>', 'Y', '1403184353');
INSERT INTO `y_reply` VALUES ('7', '1', '41', '0', '嗯 谢谢 支持！&nbsp; 如果您有任何疑问 欢迎在<a target=\"_blank\" href=\"http://bbs.yiifcms.com/\">讨论区</a> 留贴发言！<br />', 'Y', '1411434782');
INSERT INTO `y_reply` VALUES ('8', '1', '42', '0', '嗯 之前发现过了 已在1.4版本中修复&nbsp; 可以下载1.4使用 <img src=\"http://www.yiifcms.com/assets/f012efd8/plugins/emoticons/images/0.gif\" alt=\"\" border=\"0\" />&nbsp; 如果还有其他疑问 可以详细说明错误的代码 和 错误信息 以便解决问题~~<br />', 'Y', '1411520062');
INSERT INTO `y_reply` VALUES ('9', '1', '44', '0', '好像是1.1.4 &nbsp;记不清了 &nbsp;<img src=\"http://www.yiifcms.com/assets/f012efd8/plugins/emoticons/images/0.gif\" border=\"0\" alt=\"\" />', 'Y', '1414142268');
INSERT INTO `y_reply` VALUES ('10', '1', '45', '0', '嗯 &nbsp;好的 &nbsp;下个版本 会加上 &nbsp;谢谢！<img src=\"http://www.yiifcms.com/assets/f012efd8/plugins/emoticons/images/81.gif\" border=\"0\" alt=\"\" />', 'Y', '1415513166');

-- ----------------------------
-- Table structure for `y_setting`
-- ----------------------------
DROP TABLE IF EXISTS `y_setting`;
CREATE TABLE `y_setting` (
  `scope` varchar(30) NOT NULL DEFAULT '' COMMENT '范围',
  `variable` varchar(50) NOT NULL COMMENT '变量',
  `value` text COMMENT '值',
  PRIMARY KEY (`variable`,`scope`)
) ENGINE=InnoDB DEFAULT CHARSET=utf8 COMMENT='系统配置';

-- ----------------------------
-- Records of y_setting
-- ----------------------------
INSERT INTO `y_setting` VALUES ('base', 'admin_email', '');
INSERT INTO `y_setting` VALUES ('base', 'admin_logger', 'open');
INSERT INTO `y_setting` VALUES ('base', 'admin_telephone', '180000000');
INSERT INTO `y_setting` VALUES ('cache', 'cache_status', 'open');
INSERT INTO `y_setting` VALUES ('cache', 'cache_type', 'filecache');
INSERT INTO `y_setting` VALUES ('access', 'deny_access_ip', '');
INSERT INTO `y_setting` VALUES ('base', 'deny_access_ip', '');
INSERT INTO `y_setting` VALUES ('access', 'deny_register_ip', '193.201.224.*\r\n42.121.43.*');
INSERT INTO `y_setting` VALUES ('base', 'deny_register_ip', '193.201.224.*\r\n42.121.43.*');
INSERT INTO `y_setting` VALUES ('email', 'email_active', 'open');
INSERT INTO `y_setting` VALUES ('email', 'email_fromname', 'yiifcms官网');
INSERT INTO `y_setting` VALUES ('email', 'email_host', 'smtp.mxhichina.com');
INSERT INTO `y_setting` VALUES ('email', 'email_password', '');
INSERT INTO `y_setting` VALUES ('email', 'email_port', '25');
INSERT INTO `y_setting` VALUES ('email', 'email_timeout', '2');
INSERT INTO `y_setting` VALUES ('email', 'email_totest', '326196998@qq.com');
INSERT INTO `y_setting` VALUES ('email', 'email_username', 'postmaster@yiifcms.com');
INSERT INTO `y_setting` VALUES ('base', 'encrypt', 'md5');
INSERT INTO `y_setting` VALUES ('base', 'safe_str', '!(*&%$$&%%');
INSERT INTO `y_setting` VALUES ('seo', 'seo_description', 'yiifcms是基于yii框架开发的内容管理系统(CMS)，功能强大，运行高效，稳定安全，是学习php和建站的良好选择。');
INSERT INTO `y_setting` VALUES ('seo', 'seo_keywords', 'yii,cms,php,mysql,nginx,web,开源,下载,手册,系统');
INSERT INTO `y_setting` VALUES ('seo', 'seo_title', 'yiifcms打造顶级内容管理系统');
INSERT INTO `y_setting` VALUES ('cache', 'setting_filecache', 'a:2:{s:5:\"class\";s:10:\"CFileCache\";s:14:\"directoryLevel\";s:1:\"2\";}');
INSERT INTO `y_setting` VALUES ('cache', 'setting_memcache', 'a:3:{s:5:\"class\";s:9:\"CMemCache\";s:4:\"host\";s:9:\"127.0.0.1\";s:4:\"port\";s:5:\"11211\";}');
INSERT INTO `y_setting` VALUES ('cache', 'setting_rediscache', 'a:4:{s:5:\"class\";s:21:\"ext.redis.CRedisCache\";s:4:\"host\";s:9:\"localhost\";s:4:\"port\";s:4:\"6379\";s:8:\"database\";i:0;}');
INSERT INTO `y_setting` VALUES ('base', 'site_closed_summary', '系统维护中，请稍候......');
INSERT INTO `y_setting` VALUES ('base', 'site_copyright', 'Copyright @ 2014-2015');
INSERT INTO `y_setting` VALUES ('base', 'site_domain', '/');
INSERT INTO `y_setting` VALUES ('base', 'site_icp', '京ICP备14037201号-1');
INSERT INTO `y_setting` VALUES ('base', 'site_name', 'yiifcms打造顶级内容管理系统');
INSERT INTO `y_setting` VALUES ('base', 'site_stats', '');
INSERT INTO `y_setting` VALUES ('base', 'site_status', 'open');
INSERT INTO `y_setting` VALUES ('base', 'site_status_intro', '网站目前正在维护，请稍后访问，谢谢....');
INSERT INTO `y_setting` VALUES ('template', 'theme', 'default');
INSERT INTO `y_setting` VALUES ('base', 'user_mail_verify', 'open');
INSERT INTO `y_setting` VALUES ('base', 'user_status', 'open');
INSERT INTO `y_setting` VALUES ('custom', '_address', '北京市朝阳区1');
INSERT INTO `y_setting` VALUES ('custom', '_fax', '传真:XXXXXX');
INSERT INTO `y_setting` VALUES ('custom', '_mobile', '180000000');
INSERT INTO `y_setting` VALUES ('custom', '_telephone', 'XXXXXXXXXXX');

-- ----------------------------
-- Table structure for `y_soft`
-- ----------------------------
DROP TABLE IF EXISTS `y_soft`;
CREATE TABLE `y_soft` (
  `id` mediumint(8) unsigned NOT NULL AUTO_INCREMENT,
  `title` varchar(100) NOT NULL DEFAULT '' COMMENT '软件标题',
  `catalog_id` smallint(5) unsigned NOT NULL DEFAULT '0' COMMENT '分类id ',
  `soft_icon` varchar(100) NOT NULL DEFAULT '' COMMENT '软件图标',
  `cover_image` varchar(100) NOT NULL DEFAULT '' COMMENT '封面图片',
  `language` varchar(10) NOT NULL DEFAULT '' COMMENT '软件语言',
  `softtype` varchar(10) NOT NULL DEFAULT '' COMMENT '软件类型',
  `os` varchar(100) NOT NULL DEFAULT '' COMMENT '操作系统',
  `softrank` enum('5','4','3','2','1') NOT NULL DEFAULT '5' COMMENT '软件等级',
  `softsize` varchar(10) NOT NULL DEFAULT '' COMMENT '软件大小',
  `softlink` varchar(100) NOT NULL DEFAULT '' COMMENT '软件外部下载链接',
  `update_time` int(10) unsigned NOT NULL DEFAULT '0' COMMENT '最近更新时间',
  `create_time` int(10) unsigned NOT NULL COMMENT '发布时间',
  `view_count` int(10) unsigned NOT NULL DEFAULT '0' COMMENT '浏览次数',
  `down_count` smallint(8) unsigned NOT NULL DEFAULT '0' COMMENT '下载次数',
  `reply_count` int(10) unsigned NOT NULL DEFAULT '0' COMMENT '评论次数',
  `status` enum('Y','N') NOT NULL DEFAULT 'Y' COMMENT '是否显示',
  `tags` varchar(100) NOT NULL DEFAULT '' COMMENT '标签',
  PRIMARY KEY (`id`)
) ENGINE=InnoDB AUTO_INCREMENT=21 DEFAULT CHARSET=utf8 COMMENT='软件管理表';

-- ----------------------------
-- Records of y_soft
-- ----------------------------
INSERT INTO `y_soft` VALUES ('1', '鼠标连点精灵 v1.2.0', '15', 'upload/spider/201601/ce365f5b113.jpg', '', '', '', '', '5', '', 'http://www.crsky.com/soft/97047.html', '1454063205', '1454063205', '0', '0', '0', 'Y', '');
INSERT INTO `y_soft` VALUES ('2', '爱思助手 v5.70 官方最新版', '15', 'upload/spider/201601/f6cb708c72b.jpg', '', '', '', '', '5', '', 'http://www.crsky.com/soft/42215.html', '1454063205', '1454063205', '0', '0', '0', 'Y', '');
INSERT INTO `y_soft` VALUES ('3', '原木锯材材积计算器 v6.2', '15', 'upload/spider/201601/7fa452d5dcf.jpg', '', '', '', '', '5', '', 'http://www.crsky.com/soft/68673.html', '1454063205', '1454063205', '0', '0', '0', 'Y', '');
INSERT INTO `y_soft` VALUES ('4', '靠谱助手 v3.8.2359', '15', 'upload/spider/201601/e476e5ab9df.jpg', '', '', '', '', '5', '', 'http://www.crsky.com/soft/45018.html', '1454063205', '1454063205', '0', '0', '0', 'Y', '');
INSERT INTO `y_soft` VALUES ('5', '微压压缩 v1.0.1.7', '15', 'upload/spider/201601/9a66ad3e356.jpg', '', '', '', '', '5', '', 'http://www.crsky.com/soft/63137.html', '1454063205', '1454063205', '0', '0', '0', 'Y', '');
INSERT INTO `y_soft` VALUES ('6', 'UpdateSite v1.0', '15', 'upload/spider/201601/b2f1c0cfc5a.gif', '', '', '', '', '5', '', 'http://www.crsky.com/soft/99266.html', '1454063205', '1454063205', '2', '0', '0', 'Y', '');
INSERT INTO `y_soft` VALUES ('7', 'HtmlOrder v1.10', '15', 'upload/spider/201601/4fe0e19ad64.gif', '', '', '', '', '5', '', 'http://www.crsky.com/soft/99267.html', '1454063205', '1454063205', '0', '0', '0', 'Y', '');
INSERT INTO `y_soft` VALUES ('8', 'FileUpdate v1.0', '15', 'upload/spider/201601/3e704c956e5.gif', '', '', '', '', '5', '', 'http://www.crsky.com/soft/99268.html', '1454063205', '1454063205', '1', '0', '0', 'Y', '');
INSERT INTO `y_soft` VALUES ('9', '表达式计算器(语音型) v5.2.0.158', '15', 'upload/spider/201601/33ca347f76a.jpg', '', '', '', '', '5', '', 'http://www.crsky.com/soft/41470.html', '1454063206', '1454063206', '1', '0', '0', 'Y', '');
INSERT INTO `y_soft` VALUES ('10', 'GoodSync(文件同步软件) v5.3.0 for mac', '15', 'upload/spider/201601/5f05aa8faf2.jpg', '', '', '', '', '5', '', 'http://www.crsky.com/soft/85274.html', '1454063206', '1454063206', '0', '0', '0', 'Y', '');
INSERT INTO `y_soft` VALUES ('11', 'xy刷机助手 v1.1.0.3598', '15', 'upload/spider/201601/15de7c3876d.jpg', '', '', '', '', '5', '', 'http://www.crsky.com/soft/76065.html', '1454063206', '1454063206', '0', '0', '0', 'Y', '');
INSERT INTO `y_soft` VALUES ('12', 'WinHex v18.7 多国语言版', '15', 'upload/spider/201601/cfe758093b2.jpg', '', '', '', '', '5', '', 'http://www.crsky.com/soft/1155.html', '1454063206', '1454063206', '0', '0', '0', 'Y', '');
INSERT INTO `y_soft` VALUES ('13', 'PDF24 Creator v7.6.0', '15', 'upload/spider/201601/687a81eedb9.png', '', '', '', '', '5', '', 'http://www.crsky.com/soft/23689.html', '1454063206', '1454063206', '0', '0', '0', 'Y', '');
INSERT INTO `y_soft` VALUES ('14', 'bandizip v5.11', '15', 'upload/spider/201601/2248dcf284f.jpg', '', '', '', '', '5', '', 'http://www.crsky.com/soft/75217.html', '1454063206', '1454063206', '0', '0', '0', 'Y', '');
INSERT INTO `y_soft` VALUES ('15', '完美root v1.3.3', '15', 'upload/spider/201601/c1a83c42b42.png', '', '', '', '', '5', '', 'http://www.crsky.com/soft/46974.html', '1454063206', '1454063206', '0', '0', '0', 'Y', '');
INSERT INTO `y_soft` VALUES ('16', '完美刷机 v2.5.3', '15', 'upload/spider/201601/d646852486b.jpg', '', '', '', '', '5', '', 'http://www.crsky.com/soft/37168.html', '1454063206', '1454063206', '0', '0', '0', 'Y', '');
INSERT INTO `y_soft` VALUES ('17', 'GoodSync(文件同步软件) v9.9.40.0 多国语言版', '15', 'upload/spider/201601/daea6556166.png', '', '', '', '', '5', '', 'http://www.crsky.com/soft/10266.html', '1454063206', '1454063206', '0', '0', '0', 'Y', '');
INSERT INTO `y_soft` VALUES ('18', '冰点还原精灵(Deep Freeze) v8.30.220.4890 中文版', '15', 'upload/spider/201601/cac48f80f42.png', '', '', '', '', '5', '', 'http://www.crsky.com/soft/14347.html', '1454063206', '1454063206', '0', '0', '0', 'Y', '');
INSERT INTO `y_soft` VALUES ('19', 'DBStruc_ADO v1.2', '15', 'upload/spider/201601/5ef1d8aad51.gif', '', '', '', '', '5', '', 'http://www.crsky.com/soft/99300.html', '1454063206', '1454063206', '6', '0', '0', 'Y', '');
INSERT INTO `y_soft` VALUES ('20', 'DBStruc v1.1', '15', 'upload/spider/201601/74fbb31f30f.gif', '', '', '', '', '5', '', 'http://www.crsky.com/soft/99302.html', '1454063206', '1454063206', '6', '0', '0', 'Y', '');

-- ----------------------------
-- Table structure for `y_soft_content`
-- ----------------------------
DROP TABLE IF EXISTS `y_soft_content`;
CREATE TABLE `y_soft_content` (
  `soft_id` mediumint(8) unsigned NOT NULL DEFAULT '0' COMMENT '软件id',
  `soft_file` varchar(100) NOT NULL DEFAULT '' COMMENT '文件路径',
  `introduce` varchar(200) NOT NULL DEFAULT '' COMMENT '摘要',
  `content` text NOT NULL COMMENT '内容',
  `seo_title` varchar(100) NOT NULL DEFAULT '' COMMENT 'SEO标题',
  `seo_keywords` varchar(100) NOT NULL DEFAULT '' COMMENT 'SEO关键字',
  `seo_description` varchar(200) NOT NULL DEFAULT '' COMMENT 'SEO描述',
  PRIMARY KEY (`soft_id`)
) ENGINE=InnoDB DEFAULT CHARSET=utf8 COMMENT='软件内容表';

-- ----------------------------
-- Records of y_soft_content
-- ----------------------------
INSERT INTO `y_soft_content` VALUES ('1', '', '鼠标连点精灵鼠标连点器是利用鼠标驱动编辑的宏进行点击，连点操作是驱动程序的运行，与鼠标本身的点击无关，不管设置多长时间的点击间隔也不会对鼠标造成损害。1.2.0升级日志1、将窗体置为最前端，修复鼠标连点器停止时不显示窗体的问题。2、修复在“自定义模”式下鼠标连点器启动后，滚动鼠标滚轮可调节显示的点击速度的问题3、调整消息提示框显示尺寸', '  鼠标连点精灵鼠标连点器是利用鼠标驱动编辑的宏进行点击，连点操作是驱动程序的运行，与鼠标本身的点击无关，不管设置多长时间的点击间隔也不会对鼠标造成损害。<br /><br />1.2.0升级日志<br />1、将窗体置为最前端，修复鼠标连点器停止时不显示窗体的问题。<br />2、修复在“自定义模”式下鼠标连点器启动后，滚动鼠标滚轮可调节显示的点击速度的问题<br />3、调整消息提示框显示尺寸   ', '', '', '');
INSERT INTO `y_soft_content` VALUES ('2', '', '爱思助手(原苹果刷机助手)是全球首款集一键查询shsh、一键备份shsh、一键刷机功能于一身的强大利器，你只需轻轻地按下一个按钮便可以完成查询shsh、备份shsh、和刷机，真正做到全自动一键式刷机，绝对是傻瓜式操作，简单易用，当你深陷在繁琐复杂刷机解锁教程中时，爱思助手或许就是你的救星，时髦的你一定不会错过的。爱思助手集诸多功能于一身：刷机、越狱、下载固件、升级基带、降级基...', '  爱思助手(原苹果刷机助手)是全球首款集一键查询shsh、一键备份shsh、一键刷机功能于一身的强大利器，你只需轻轻地按下一个按钮便可以完成查询shsh、备份shsh、和刷机，真正做到全自动一键式刷机，绝对是傻瓜式操作，简单易用，当你深陷在繁琐复杂刷机解锁教程中时，爱思助手或许就是你的救星，时髦的你一定不会错过的。<br /><br />爱思助手集诸多功能于一身：刷机、越狱、下载固件、升级基带、降级基带、备份SHSH、读开机密码、解除iPhone已停用、查看SIM锁状态、查看保修期、玩游戏、装软件、文件管理、通讯录备份还原等。<br /><br />爱思助手软件功能：<br />1. 支持iPhone4、3GS刷任意版本的固件(前提是有对应版本的SHSH备份)<br />2. 支持iPhone4、3GS读取开机密码<br />3. 支持iPhone4、3G、3GS解除设备停用<br />4. 支持所有设备退出恢复模式<br />5. 支持一键查询SHSH、一键备份SHSH、一键刷机、一键越狱<br />6. 自动保基带、保证基带版本不变，免去解锁烦恼<br />7. 云技术：SHSH不用保存于硬盘，存取SHSH全部在云端<br />8.无需开发者账户可以直接升级iOS8系统！方便快捷<br /><br />爱思助手 v5.70更新<br />增加 iOS 9.2.1 刷机、激活、查询SHSH等。<br />   ', '', '', '');
INSERT INTO `y_soft_content` VALUES ('3', '', '原木锯材材积计算器软件集原木计算和锯材计算于一体，本软件适用于检尺长2~10米，检尺径4CM以上和单支/元的计算；锯材计算；软件计算价格最适合做生意者使用。本软件用于计算原木、锯材的材积和价格计算，提高计算效率。锯材计算使用说明：1、 锯材材积计算价格最适合做生意者使用；(因为本软件计算的价值全部是只保留整数即小数点后的数全部去掉)；2、 精确计算：当鼠标点击精确计算后，...', '  原木锯材材积计算器软件集原木计算和锯材计算于一体，本软件适用于检尺长2~10米，检尺径4CM以上和单支/元的计算；锯材计算；软件计算价格最适合做生意者使用。本软件用于计算原木、锯材的材积和价格计算，提高计算效率。<br /><br />锯材计算使用说明：<br />1、 锯材材积计算价格最适合做生意者使用；(因为本软件计算的价值全部是只保留整数即小数点后的数全部去掉)；<br />2、 精确计算：当鼠标点击精确计算后，会出现框圈，精确计算价值保留2位小数点(注：小数点第2位数四舍五入)；<br />3、 运费可自行输入，回车计算结果；(如输入-1000元，软件自动识别减掉)；<br />4、 快捷键：回车键切换下一列，TAB键切换下一行；<br />5、长(M)：锯材的长度，比如：4米长输入4；<br />6、宽(mm)：锯材的宽度，比如：20毫米宽输入20；<br />7、厚(mm)：锯材的厚度，比如：20毫米厚输入20；<br />8、支/捆：每捆打多少支，比如：一捆有10支输入10；<br />9、捆(把)：要计算捆的数量，比如：有2000捆输入2000；<br />10、打开：打开保存过的数据，查看记录；<br />11、保存：保存当前下表框里的数据，便于以后查看；<br />12、打印：打印下表框里的内容，请配备打印机使用；<br />13、当数字被遮挡看不见时，请将鼠标移动到表顶头，鼠标变为左右箭头时，可以改变列的大小；<br />例如：用4米的木料锯成17毫米宽、27毫米厚的锯材，每捆打10支，一共锯了1688捆，锯材每立方的价格为1888元。<br />依次输入 4》回车键》17》回车键》27》回车键》10》回车键》1688》回车键》1888》回车键；即可自动计算出材积和对应的金额。<br />14、列表表格的每一列都可以被隐藏，只要把表格头的列向左拖拉到最小即可，再次调出请点击“设置表格”中的默认列宽或者把鼠标移动到隐藏的列向右拖拉。<br /><br />报表使用说明:<br />首先说明，报表功能只能做同一目录下的所有后缀为Xy的文件，请把您需要制作的报表放在一个目录下。比如做2013年10月份的报表，那么前提是10月份的所有收货单必须在同一个文件夹里，所以您收货的时候保存的单子最好是每个月的收货单都分开放，10月建一个文件夹、11月也建一个文件夹，这样方便以后做报表用。制作调货的报表也如此。<br />1、 点击对应“制作报表”按钮<br />2、 在弹出的对话框中选择您要制作报表所在的文件夹目录；<br />3、 点击“确定”，即可；<br /><br />当数字被遮挡看不见时，请将鼠标移动到表顶头，鼠标变为左右箭头时，可以改变列的大小；<br />列表表格的每一列都可以被隐藏，只要把表格头的列向左拖拉到最小即可，再次调出请点击“设置表格”中的默认列宽或者把鼠标移动到隐藏的列向右拖拉。<br /><br />原木锯材材积计算器V6.2版本更新说明：<br />1、修复某些用户无法启动的问题！<br />   ', '', '', '');
INSERT INTO `y_soft_content` VALUES ('4', '', '靠谱助手是靠谱社区推出的第三方智安卓模拟器管理软件，它支持安卓的APP资源搜索、下载、APP应用管理、APP升级、安卓模拟器辅助检测、安装、性能优化等功能。靠谱助手功能介绍：1、海量APP应用下载与管理；2、安卓模拟器设置包括：修改分辨率、内存修改、一键完美root、一键修改IMEI、支持低配电脑安装、可添加共享文件夹；3、1秒安装检测，一键在线安装；4、有奖活动，周周有好礼。5????...', '  靠谱助手是靠谱社区推出的第三方智安卓模拟器管理软件，它支持安卓的APP资源搜索、下载、APP应用管理、APP升级、安卓模拟器辅助检测、安装、性能优化等功能。<br /><br />靠谱助手功能介绍：<br />1、海量APP应用下载与管理；<br />2、安卓模拟器设置包括：修改分辨率、内存修改、一键完美root、一键修改IMEI、支持低配电脑安装、可添加共享文件夹；<br />3、1秒安装检测，一键在线安装；<br />4、有奖活动，周周有好礼。<br /><div>5????????绉?搴??ㄤ?杞?????甯﹁?????????????????濡?寰?俊??涓???锛??剁┖??浜烘??????灏?)</div><div>6??瀹?瑁?妫?娴???娆′???(???ㄤ?杞?a href=\"http://www.crsky.com/soft/4818.html\" target=\"_blank\">net framework2.0</a> sp2锛????ㄥ????luestacks娈?????浠?<br /><br />?存?版?ュ?锛?<br />1.淇????????娉?浣跨?ㄧ?????<br /></div><div></div><div></div>   ', '', '', '');
INSERT INTO `y_soft_content` VALUES ('5', '', '微压是新一代的压缩软件，永久免费。微压相比传统压缩软件更快更轻巧，支持解压主流的rar、zip、7z、iso等多达42种压缩文件。微压内置云安全引擎，可以检测木马，更安全。大幅简化了传统软件的繁琐操作，还改进了超过20项的使用细节，拥有全新的界面。微压的主要特点是快速轻巧、兼容性好、更安全、更漂亮，而且是永久免费的。微压软件是一种完全免费的解压缩压缩软件，完美支持包括Win8...', '  微压是新一代的压缩软件，永久免费。微压相比传统压缩软件更快更轻巧，支持解压主流的rar、zip、7z、iso等多达42种压缩文件。微压内置云安全引擎，可以检测木马，更安全。大幅简化了传统软件的繁琐操作，还改进了超过20项的使用细节，拥有全新的界面。微压的主要特点是快速轻巧、兼容性好、更安全、更漂亮，而且是永久免费的。<br /><br />微压软件是一种完全免费的解压缩压缩软件，完美支持包括Win8、Win7、Vista、WinXP和Win2003在内的所有Windows系统。比传统压缩软件支持更多的压缩格式，之需要安装一款压缩软件，即可轻松解决多达42种压缩格式！<br /><br /><span style=\"color:#ff0000;\">???℃??绀?/span>：本站还提供付费版的压缩软件：<a href=\"http://admin.crsky.com/soft/23143.html\" target=\"_blank\">winrar</a> ，若需要的用户可以点击下载。   ', '', '', '');
INSERT INTO `y_soft_content` VALUES ('6', '', 'UpdateSite将指定目录下在指定时间后更新过的文件拷贝到另一个目录下。', '  UpdateSite将指定目录下在指定时间后更新过的文件拷贝到另一个目录下。   ', '', '', '');
INSERT INTO `y_soft_content` VALUES ('7', '', 'Offline Explore、FlashGet辅助工具：根据文件名前缀、后缀及中间的数字范围，自动产生HTML，包含所需的全部链接(前缀+数字+后缀)。与FlashGet的“添加成批任务”差不多，不过FlashGet只有一个参数，这个允许同时使用两个参数，适应URL按卷号＋页号组合的情况。', '  Offline Explore、FlashGet辅助工具：根据文件名前缀、后缀及中间的数字范围，自动产生HTML，包含所需的全部链接(前缀+数字+后缀)。与FlashGet的“添加成批任务”差不多，不过FlashGet只有一个参数，这个允许同时使用两个参数，适应URL按卷号＋页号组合的情况。   ', '', '', '');
INSERT INTO `y_soft_content` VALUES ('8', '', 'FileUpdate两个目录下文件的比较、更新程序。', '  FileUpdate两个目录下文件的比较、更新程序。   ', '', '', '');
INSERT INTO `y_soft_content` VALUES ('9', '', '语音表达式计算器支持表达式计算、发音功能、自定义变量、表达式存储、自定义函数、进制运算、托盘显示等1、表达式计算例：-3.6E3/5+sum(9,6.3,-3.3,3.66,9)+sqrt(sin(3)^6)输入表达式按回车即可计算，支持键盘输入和按钮输入，也可以从系统剪切板中粘贴表达式，使表达式的输入更加方便快捷2、发音功能通过键盘或按钮输入表达式时发出读音，防止输入错误。按等于键或回车键后读出', '  语音表达式计算器支持表达式计算、发音功能、自定义变量、表达式存储、自定义函数、进制运算、托盘显示等<br /><br />1、表达式计算<br />例：-3.6E3/5+sum(9,6.3,-3.3,3.66,9)+sqrt(sin(3)^6)<br />输入表达式按回车即可计算，支持键盘输入和按钮输入，也可以从系统剪切板中粘贴表达式，使表达式的输入更加方便快捷<br />2、发音功能<br />通过键盘或按钮输入表达式时发出读音，防止输入错误。按等于键或回车键后读出计算结果。<br />3、自定义变量<br />支持存储和使用自定义变量<br />4、存储表达式<br />支持表达式的存储，可以方便地存储和删除表达式；还可以存储带有注释的表达式，以便以后可以看懂自己存储的表达式，便于再利用<br />5、进制转换及运算<br />例：十六进制数计算：EF78HEX9FFHEX<br />例：二进制数计算：11011BIN1110110BIN<br />6、托盘显示<br />支持托盘显示，随时可以隐藏和显示该计算器，不必每次起动。<br />7、自定义函数<br />用户可以利用已有的运算符及函数定义更多的函数，形成自己的函数库。支持自定义函数库导入导出功能。用户可以在函数表达式及参数列表的任意位置添加注释，以便以后看懂自已定义的函数。支持中文函数名称及参数变量<br /><br />说明：如果您电脑的操作系统是WindowsXP，并且无法运行该软件，请下载并安装<a href=\"http://www.crsky.com/soft/21819.html\">Microsoft .NET Framework 3.5</a>和<a href=\"http://www.crsky.com/soft/4818.html\">Microsoft .NET Framework 2.0<br /></a>   ', '', '', '');
INSERT INTO `y_soft_content` VALUES ('10', '', 'GoodSync(??浠跺??姝ヨ蒋浠????涓??????浠跺??姝ュ伐?凤?GoodSync(??浠跺??姝ヨ蒋浠???互瀹??颁袱?扮?佃???????佃??涓?U??涔??寸???版??????浠剁????姝ヨ浆?€????杩?姝ゅ伐?凤???互澶?浠???涓?腑???版???????朵???浠跺?颁釜浜虹?佃????纭???涓???????绠?浣?涓??????€??GoodSync(?', '  <p>GoodSync(??浠跺??姝ヨ蒋浠????涓??????浠跺??姝ュ伐?凤?GoodSync(??浠跺??姝ヨ蒋浠???互瀹??颁袱?扮?佃???????佃??涓?U??涔??寸???版??????浠剁????姝ヨ浆?€????杩?姝ゅ伐?凤???互澶?浠???涓?腑???版???????朵???浠跺?颁釜浜虹?佃????纭???涓???????绠?浣?涓??????€??</p><p>GoodSync(??浠跺??姝ヨ蒋浠????娆句娇?ㄥ???板??姝ョ?娉?杩?琛?妗???C锛???涓??佃??锛???U?????朵?瀛??ㄨ?澶?涔??村??姝ョ??杞?欢宸ュ?枫??</p><p>GoodSync(??浠跺??姝ヨ蒋浠???寮哄ぇ???????т互????绔??????ㄦ?т?涓?浣???</p><p>璁稿???姝ヨ蒋浠跺０绉拌?藉???姝ユ?ㄧ????浠讹?浣????澶????典?浠?浠?????舵??浠惰??宸层??浣???oodSync(??浠跺??姝ヨ蒋浠?涓???锛?瀹??藉???渚???姝ｆ??涔?涓?????????姝ワ?浠????垮????浠跺???ゆ???版??涪澶便??</p>   ', '', '', '');
INSERT INTO `y_soft_content` VALUES ('11', '', 'xy刷机助手是xy苹果助手发布的一款苹果刷机助手，主要功能包括一键刷机、修复白苹果、一键备份还原等，支持iPhone/iPad/iTouch所有机型。', '  xy刷机助手是xy苹果助手发布的一款苹果刷机助手，主要功能包括一键刷机、修复白苹果、一键备份还原等，支持iPhone/iPad/iTouch所有机型。   ', '', '', '');
INSERT INTO `y_soft_content` VALUES ('12', '', 'WinHex???涓?涓??涓?????16杩??舵??浠剁?杈?涓?纾???缂?杈?杞?欢??WinHex浠ユ??浠跺?????搴﹀揩锛????戒?杈??跺???Hex?????浣?缂?杈??ㄥ伐?峰??颁?ZDNet Software Library浜?棰?????楂?璇?浠凤?????Hex涓?ASCII??缂?杈?淇??癸?澶???浠跺??挎?㈠???斤?涓????绠????昏?杩?绠?锛', '  <p>WinHex???涓?涓??涓?????16杩??舵??浠剁?杈?涓?纾???缂?杈?杞?欢??WinHex浠ユ??浠跺?????搴﹀揩锛????戒?杈??跺???Hex?????浣?缂?杈??ㄥ伐?峰??颁?ZDNet Software Library浜?棰?????楂?璇?浠凤?????Hex涓?ASCII??缂?杈?淇??癸?澶???浠跺??挎?㈠???斤?涓????绠????昏?杩?绠?锛?纾???纾??虹?杈?(????FAT16??FAT32??NTFS)???ㄦ??瀵荤?杈?锛???浠舵?瀵瑰??????绛????姐??<br /><br /><span style=\"color:#ff0000;\">瀹?瑁?杩?琛???锛?榛?璁や负?辫?,?????峰?璁稿????????瑁?涓???璇??锛?瀹?瑁??瑰?璇峰??瑙?涓??圭??锛????㈤?瑙?</span></p>   ', '', '', '');
INSERT INTO `y_soft_content` VALUES ('13', '', 'PDF24 Creator可将大部分文件转成pdf格式的免费软件，安装好后会在你的打印机里看到一个叫PDF24的虚拟打印机，你可将要转成pdf格式的文件打印时选虚拟打印机PDF24，也可以直接将文件以拖拉方式拉进这软件的主视窗编辑区里，它会自动转成pdf格式，它也支持抓取屏幕或图片直接转成pdf格式。', '  PDF24 Creator可将大部分文件转成pdf格式的免费软件，安装好后会在你的打印机里看到一个叫PDF24的虚拟打印机，你可将要转成pdf格式的文件打印时选虚拟打印机PDF24，也可以直接将文件以拖拉方式拉进这软件的主视窗编辑区里，它会自动转成pdf格式，它也支持抓取屏幕或图片直接转成pdf格式。   ', '', '', '');
INSERT INTO `y_soft_content` VALUES ('14', '', 'bandizip是一款轻量级、快速且整合程度较高的解压缩软件。bandzip具备非常快速的压缩与解压缩算法，支持鼠标拖拽操作以及多线程操作。而且bandzip还支持目前主流的解压缩文件格式，包括ZIP、7Z、RAR等。功能介绍支持压缩和解压缩 :Zip(z01), ZipX(zx01), TAR, TGZ, 7Z(7z.001), and EXE(e01).仅支持解压缩 :RAR (part1.r', '  bandizip是一款轻量级、快速且整合程度较高的解压缩软件。bandzip具备非常快速的压缩与解压缩算法，支持鼠标拖拽操作以及多线程操作。而且bandzip还支持目前主流的解压缩文件格式，包括ZIP、7Z、RAR等。<br /><br />功能介绍<br />支持压缩和解压缩 :<br />Zip(z01), ZipX(zx01), TAR, TGZ, 7Z(7z.001), and EXE(e01).<br />仅支持解压缩 :<br />RAR (part1.rar、r01)、ACE、ALZ、APK、ARJ、BH、BZ、BZ2、CAB、EGG、GZ、J2J、JAR、IMG、IPA、ISO、LHA、LZH、LZMA、PMA、TBZ、TBZ2、TGZ、TLZ、TXZ、UDF、WAR、WIM、XZ 和 Z<br />支持Unicode字符文件名显示；<br />支持“自动绕过损坏压缩文档”功能；<br />支持创建*.exe格式自解压文件和多分卷文件；<br />右键菜单中提供“文件预览”功能；<br />从Windows资源管理器中创建或提取多个zip文件；<br />支持Windows2003、XP、Vista、Win7、Win8、Win8.1以及Win10系统，包括32位和64位。<br />   ', '', '', '');
INSERT INTO `y_soft_content` VALUES ('15', '', '完美ROOT是完美刷机旗下一款万能型安卓手机ROOT工具，独创双引擎ROOT方案。并且支持三星，HTC，索尼，谷歌几大品牌千余款机型一键ROOT，并带有移除ROOT以及自动安装驱动功能。完美ROOT自主研发的双引擎技术极大的提高了刷机成功率，是广大安卓机友获取ROOT权限的首选工具。瀹?缇?root v1.3.2?????存?帮?1.澧???ROOT?规?锛?2.?????村??哄??锛?', '  完美ROOT是完美刷机旗下一款万能型安卓手机ROOT工具，独创双引擎ROOT方案。并且支持三星，HTC，索尼，谷歌几大品牌千余款机型一键ROOT，并带有移除ROOT以及自动安装驱动功能。完美ROOT自主研发的双引擎技术极大的提高了刷机成功率，是广大安卓机友获取ROOT权限的首选工具。<br /><div><br />瀹?缇?root v1.3.2?????存?帮?<br />1.澧???ROOT?规?锛?<br />2.?????村??哄??锛?</div>   ', '', '', '');
INSERT INTO `y_soft_content` VALUES ('16', '', '瀹?缇??锋?烘???娆惧?ㄦ?扮??绗??浠ｅ??????哄?锋?鸿蒋浠讹???姝ｅ???颁?涓????锋?猴?????浠讳??锋?哄??澶?锛?????瀛︿?浠讳???绋???涓???浜??朵?????绫讳骇??锛?瀹?缇??锋?烘?ユ??????淇??锛??鸿?借???OM锛????ㄩ???锋????ROM??锛??婚?ゅ?锋?鸿??板??榛?涓?瑙?璀︾ず?????姐??2.5.2??1.', '  <p>瀹?缇??锋?烘???娆惧?ㄦ?扮??绗??浠ｅ??????哄?锋?鸿蒋浠讹???姝ｅ???颁?涓????锋?猴?????浠讳??锋?哄??澶?锛?????瀛︿?浠讳???绋???涓???浜??朵?????绫讳骇??锛?瀹?缇??锋?烘?ユ??????淇??锛??鸿?借???OM锛????ㄩ???锋????ROM??锛??婚?ゅ?锋?鸿??板??榛?涓?瑙?璀︾ず?????姐??<br /><br />2.5.2??<br />1.淇??瑰?绫充??戒????????????斤?<br />2.澧????锋?哄け璐ュ??锛??剧ず???哄???风?????斤?<br />3.澧???HASH?￠?锛?涓???澶?ROM??涓?杞斤?<br />4.澧????哄??锛?MI4 锛?I9500 锛?N9008 锛?N9006 锛?G3812 锛?N7108 N9100 锛? N7102 锛?N7105 锛? N7100 锛?I9220 锛?I9100 MI4 锛? MI3 锛?HM2A 锛?I9508 锛?I9300<br /></p><div></div><p></p>   ', '', '', '');
INSERT INTO `y_soft_content` VALUES ('17', '', 'GoodSync(??浠跺??姝ヨ蒋浠????涓??????浠跺??姝ュ伐?凤?GoodSync(??浠跺??姝ヨ蒋浠???互瀹??颁袱?扮?佃???????佃??涓?U??涔??寸???版??????浠剁????姝ヨ浆?€????杩?姝ゅ伐?凤???互澶?浠???涓?腑???版???????朵???浠跺?颁釜浜虹?佃????纭???涓???????绠?浣?涓??????€??GoodSync(?', '  <p>GoodSync(??浠跺??姝ヨ蒋浠????涓??????浠跺??姝ュ伐?凤?GoodSync(??浠跺??姝ヨ蒋浠???互瀹??颁袱?扮?佃???????佃??涓?U??涔??寸???版??????浠剁????姝ヨ浆?€????杩?姝ゅ伐?凤???互澶?浠???涓?腑???版???????朵???浠跺?颁釜浜虹?佃????纭???涓???????绠?浣?涓??????€??</p><p>GoodSync(??浠跺??姝ヨ蒋浠????娆句娇?ㄥ???板??姝ョ?娉?杩?琛?妗???C锛???涓??佃??锛???U?????朵?瀛??ㄨ?澶?涔??村??姝ョ??杞?欢宸ュ?枫?? </p><p>GoodSync(??浠跺??姝ヨ蒋浠???寮哄ぇ???????т互????绔??????ㄦ?т?涓?浣??? </p><p>璁稿???姝ヨ蒋浠跺０绉拌?藉???姝ユ?ㄧ????浠讹?浣????澶????典?浠?浠?????舵??浠惰??宸层??浣???oodSync(??浠跺??姝ヨ蒋浠?涓???锛?瀹??藉???渚???姝ｆ??涔?涓?????????姝ワ?浠????垮????浠跺???ゆ???版??涪澶便?? </p>   ', '', '', '');
INSERT INTO `y_soft_content` VALUES ('18', '', '?扮?硅???(?扮?硅???绮剧?? ??娇璁＄??洪??缃??????村??锛?浠???灏? IT甯??╁?版?跺?扮??姹??╂?伴??????璐圭????????浣? 75%???扮?硅???绮剧?靛??互纭??姣?涓??板??恒??绗?璁版???????″?ㄥ?缁?澶?浜??ㄧ讲璇ヨ蒋浠朵???????浣宠?琛??舵???????革?缁?缁???璁＄??虹???????у?浠ユ?捐???', '  <p>?扮?硅???(?扮?硅???绮剧?? ??娇璁＄??洪??缃??????村??锛?浠???灏? IT甯??╁?版?跺?扮??姹??╂?伴??????璐圭????????浣? 75%???扮?硅???绮剧?靛??互纭??姣?涓??板??恒??绗?璁版???????″?ㄥ?缁?澶?浜??ㄧ讲璇ヨ蒋浠朵???????浣宠?琛??舵???????革?缁?缁???璁＄??虹???????у?浠ユ?捐????楂?锛????跺????浣?浜???????????? IT 浜哄??涔???互浠?澶???甯??╁?版??╄?姹???绻???宸ヤ?涓?В?卞?烘?ャ??瀹???涓?锛????革?缁?缁??ㄩ?ㄧ讲Deep Freeze ??锛??借?芥?????板?舵?浣? IT ????汉????互???????ㄦ?峰??宸ヤ?绔??伴???归?㈢??澶у?澧?????Deep Freeze 纾???淇??ゅ???借??ㄦ?蜂??藉???妗ｃ???靛?琛ㄦ?煎???朵??版???瀛??板?浜???瑙ｅ?烩??锛?涓???淇??わ??舵????椹卞?ㄥ?ㄥ?????恒??</p><p>???℃??绀猴?<br />1??瀹?瑁?瀹??????垮???ゅ?瑁?绋?搴?锛???涓烘?ュ??瑕??ㄥ??ュ?歌浇锛?<br />2??璋???eep freeze?㈡?匡?璇锋??浣?Shift?????绘???????????炬??锛?<br />3??绗??娆℃??寮???互璁剧疆瀵???锛??叉???汉?村??淇??わ?<br />4???歌浇deep freeze锛?璇峰??璁剧疆?????ㄥ??瑙ｅ?烩??锛??????????歌浇锛?<br />5??<span style=\"color:#ff0000;\">?扮?硅???</span><span style=\"color:#ff0000;\">?歌浇?规?</span>锛???寮??扮?硅???瀹?瑁?绋?搴?锛????ф??绀鸿?琛??歌浇锛??歌浇瀹?????浼????ㄩ?????璇蜂?瀛?濂藉伐浣???杩?琛??歌浇锛?<br />6???ュ父浣跨?ㄦ敞??浜?椤癸????⑩???荤???????瑙ｅ?烩????????????????锛??筹????┾???荤?????锛?????虫?烘?剁???舵??灏?琚??瀛?锛?浠ュ??姣?娆″??虹郴缁??藉???澶?姝ょ函???舵??锛?浣??㈠????瑙ｅ?烩????锛??虫?哄??渚??舵???荤??舵??锛???瑕??????????藉?绯荤?浣??存?广??</p>   ', '', '', '');
INSERT INTO `y_soft_content` VALUES ('19', '', '?剧ず?版???缁???锛?????〃??瀛?娈点???版??被?????崇郴锛??剧ず缁?????????????帮?????MDB??ODBC?版?????????ODBC??', '  <p>?剧ず?版???缁???锛?????〃??瀛?娈点???版??被?????崇郴锛??剧ず缁?????????????帮?????MDB??ODBC?版?????????ODBC??</p>   ', '', '', '');
INSERT INTO `y_soft_content` VALUES ('20', '', '?剧ず?版???缁???锛?????〃??瀛?娈点???版??被?????崇郴锛??剧ず缁?????????????帮?????MDB??ODBC?版?????浣跨?ㄥ??璇风‘璁ゆ?ㄥ凡缁?瀹?瑁?浜?Access??', '  <p>?剧ず?版???缁???锛?????〃??瀛?娈点???版??被?????崇郴锛??剧ず缁?????????????帮?????MDB??ODBC?版?????浣跨?ㄥ??璇风‘璁ゆ?ㄥ凡缁?瀹?瑁?浜?Access??</p>   ', '', '', '');

-- ----------------------------
-- Table structure for `y_special`
-- ----------------------------
DROP TABLE IF EXISTS `y_special`;
CREATE TABLE `y_special` (
  `id` int(10) unsigned NOT NULL AUTO_INCREMENT,
  `title` varchar(100) NOT NULL DEFAULT '' COMMENT '标题',
  `introduce` varchar(200) NOT NULL DEFAULT '' COMMENT '专题简介',
  `img_cover` varchar(100) NOT NULL DEFAULT '' COMMENT '专题封面',
  `img_banner` varchar(100) NOT NULL DEFAULT '' COMMENT '专题banner',
  `seo_title` varchar(100) NOT NULL DEFAULT '' COMMENT 'seo标题',
  `seo_keywords` varchar(100) NOT NULL DEFAULT '' COMMENT 'seo关键字',
  `seo_description` varchar(200) NOT NULL DEFAULT '' COMMENT 'seo描述',
  `status` enum('Y','N') NOT NULL DEFAULT 'Y' COMMENT '状态',
  `sort_order` int(10) unsigned NOT NULL DEFAULT '0' COMMENT '排序',
  `create_time` int(10) unsigned NOT NULL DEFAULT '0' COMMENT '入库时间',
  `update_time` int(10) unsigned NOT NULL DEFAULT '0' COMMENT '更新时间',
  PRIMARY KEY (`id`)
) ENGINE=InnoDB AUTO_INCREMENT=3 DEFAULT CHARSET=utf8 COMMENT='专题';

-- ----------------------------
-- Records of y_special
-- ----------------------------
INSERT INTO `y_special` VALUES ('1', '专题二', '美国特斯拉电动汽车公司（Tesla Motors）首席执行官艾伦•马斯克（Elon Musk）周二表示，该公司力争在未来三年里推出能够“自动驾驶”的汽车，从而正式加入到拥有谷歌(微博)和多家汽车厂商的无人驾驶汽车市场的争夺之中', 'uploads/thumbs/201403/small_8e9e89a2e6a.png', 'uploads/images/201403/8e9e89a2e6a.png', '', '', '', 'Y', '0', '1379547110', '0');
INSERT INTO `y_special` VALUES ('2', '专题一', '是的发送到', '/upload/special/201509/37714fd37ff.png', '/upload/special/201509/59d311bb8a7.jpg', '', '', '', 'Y', '0', '1379547152', '0');

-- ----------------------------
-- Table structure for `y_spider_image_content`
-- ----------------------------
DROP TABLE IF EXISTS `y_spider_image_content`;
CREATE TABLE `y_spider_image_content` (
  `list_id` int(10) unsigned NOT NULL COMMENT '列表id',
  `cover_img` varchar(100) NOT NULL DEFAULT '' COMMENT '封面图片',
  `cover_img_thumb` varchar(100) NOT NULL DEFAULT '' COMMENT '封面图片缩略图',
  `image_list` text NOT NULL COMMENT '图集列表',
  `content` text NOT NULL COMMENT '详细内容',
  PRIMARY KEY (`list_id`)
) ENGINE=InnoDB DEFAULT CHARSET=utf8 COMMENT='采集图集内容数据表';

-- ----------------------------
-- Records of y_spider_image_content
-- ----------------------------
INSERT INTO `y_spider_image_content` VALUES ('1', '', '', '', '  <center><p><img alt=\"美好的校园教室唯美意境图片\" src=\"http://p1.wmpic.me/article/2017/11/06/1509948177_EAvxtAez.jpg\" width=\"500\" height=\"334\" _cke_saved_src=\"http://p1.wmpic.me/article/2017/11/06/1509948177_EAvxtAez.jpg\"/></p></center><p>　　遇上你清纯的目光，心便纯净起来。那天真无邪的笑脸，分明在告诉我快乐的秘诀，是爱。风起的日子有你相伴，雪舞的时节有你相随，叫我怎能不爱你！</p><center><img alt=\"美好的校园教室唯美意境图片\" src=\"http://p1.wmpic.me/article/2017/11/06/1509948177_MehGTnVH.jpg\" width=\"500\" height=\"335\" _cke_saved_src=\"http://p1.wmpic.me/article/2017/11/06/1509948177_MehGTnVH.jpg\"/></center><p>　　不畏险，不怕难，陪你攀高山；不怕苦，不怕累，陪着你来遭罪；不着急，不上火，你困难我解决；不灰心，不丧气，追求你不松懈！</p><center><img alt=\"美好的校园教室唯美意境图片\" src=\"http://p1.wmpic.me/article/2017/11/06/1509948177_RYEZHBdD.jpg\" width=\"500\" height=\"331\" _cke_saved_src=\"http://p1.wmpic.me/article/2017/11/06/1509948177_RYEZHBdD.jpg\"/></center><p>　　在我们友谊的旅途上，有时你看不到我在你身旁，不是我把你遗忘，更不是我选择走在你前面，而是我们的友谊一直在燃烧，天长地久！</p><center><img alt=\"美好的校园教室唯美意境图片\" src=\"http://p1.wmpic.me/article/2017/11/06/1509948177_HoJrviry.jpg\" width=\"500\" height=\"335\" _cke_saved_src=\"http://p1.wmpic.me/article/2017/11/06/1509948177_HoJrviry.jpg\"/></center><p>　　最难忘的是你的微笑，当它绽开在你的脸上时，我仿佛感到拂过一阵春风，暖融融的，把我的心都溶化了。</p><center><img alt=\"美好的校园教室唯美意境图片\" src=\"http://p1.wmpic.me/article/2017/11/06/1509948177_UANGQYFm.jpg\" width=\"500\" height=\"333\" _cke_saved_src=\"http://p1.wmpic.me/article/2017/11/06/1509948177_UANGQYFm.jpg\"/></center><p>　　当清风吹起你的发稍，那是我的思念在你的身边围绕；当雨滴在你的窗前轻跳，那是我在为你的幸福祈祷。</p><p><br/></p>            ');
INSERT INTO `y_spider_image_content` VALUES ('2', '', '', '', '  <center><p><img alt=\"抢眼绿色背景唯美意境图片大全\" src=\"http://p2.wmpic.me/article/2017/11/06/1509946789_TkYAfWTz.jpg\" width=\"500\" height=\"335\" _cke_saved_src=\"http://p2.wmpic.me/article/2017/11/06/1509946789_TkYAfWTz.jpg\"/></p></center><p>　　你是天底下最美丽的蝴蝶，让我惊艳的七彩，是一个难得的神奇，带着我的关切，带着我的倔强，从容的飞。你是天底下最痴情的蝴蝶，在柔柔的春风中，轻轻的低吟，带上我对你的挚爱，飞越迷雾，最后总有一片光彩。</p><center><img alt=\"抢眼绿色背景唯美意境图片大全\" src=\"http://p2.wmpic.me/article/2017/11/06/1509946789_guVIkTDf.jpg\" width=\"500\" height=\"335\" _cke_saved_src=\"http://p2.wmpic.me/article/2017/11/06/1509946789_guVIkTDf.jpg\"/></center><p>　　有时候我真想忘了你，只记得这个世界，然而，我常常忘了整个世界，只记得你。当你难过的时候，我希望能陪在你身边，尽全力让你笑起来。我不知道遇见你是对是错，但我知道遇见你我开心过。</p><center><img alt=\"抢眼绿色背景唯美意境图片大全\" src=\"http://p2.wmpic.me/article/2017/11/06/1509946789_BPLsPFFk.jpg\" width=\"500\" height=\"334\" _cke_saved_src=\"http://p2.wmpic.me/article/2017/11/06/1509946789_BPLsPFFk.jpg\"/></center><p>　　凡世的喧嚣和明亮，世俗的快乐和幸福，如同清亮的溪涧，在风里，在我眼前，汨汨而过，温暖如同泉水一样涌出来，我没有奢望，我只要你快乐，不要哀伤。</p><center><img alt=\"抢眼绿色背景唯美意境图片大全\" src=\"http://p2.wmpic.me/article/2017/11/06/1509946789_IleoDGQM.jpg\" width=\"500\" height=\"334\" _cke_saved_src=\"http://p2.wmpic.me/article/2017/11/06/1509946789_IleoDGQM.jpg\"/></center><p>　　时间说再见，思念不会变，不管多遥远，我能看见你的脸，时间说再见，爱恋不会变，不管多艰难，我要望到你的眼，亲爱的，时间改变不了我们心手相依，爱你。</p><center><img alt=\"抢眼绿色背景唯美意境图片大全\" src=\"http://p2.wmpic.me/article/2017/11/06/1509946789_egOGzXdM.jpg\" width=\"500\" height=\"333\" _cke_saved_src=\"http://p2.wmpic.me/article/2017/11/06/1509946789_egOGzXdM.jpg\"/></center><p>　　我爱你我愿意和你在一起，我离开你因为我不再爱你，而无论你是否还爱我，我起誓我已忠诚于我的誓言，对于责任以及有婚姻带来的附产品我会用金钱来填补，如果我是个穷光蛋请允许我一毛不拔的离开，从此你伤你的心我走我的阳关道。</p><center><img alt=\"抢眼绿色背景唯美意境图片大全\" src=\"http://p2.wmpic.me/article/2017/11/06/1509946789_umiBTnNH.jpg\" width=\"500\" height=\"337\" _cke_saved_src=\"http://p2.wmpic.me/article/2017/11/06/1509946789_umiBTnNH.jpg\"/></center><p>　　我以我的方式爱你，你却说我不了解你，可是我想告诉你，我也许给你的不是你想要的，但是我给你的都是我认为最好的。或许，你要的是完美；但我唯一能给你的，是最真的。</p><p><br/></p>            ');
INSERT INTO `y_spider_image_content` VALUES ('3', '', '', '', '  <center><p><img alt=\"青春时光唯美意境精美图片网\" src=\"http://p1.wmpic.me/article/2017/11/04/1509775827_ARExfodB.jpg\" width=\"500\" height=\"330\" _cke_saved_src=\"http://p1.wmpic.me/article/2017/11/04/1509775827_ARExfodB.jpg\"/></p></center><p>　　总有这样两种人：吊儿郎当说着真心话。正儿八经说着违心话。通常大家都信了那些表面文章。谁都以为“演技”标志着成熟，可成人世界里太多的不快乐，只因演技太好。</p><center><img alt=\"青春时光唯美意境精美图片网\" src=\"http://p1.wmpic.me/article/2017/11/04/1509775827_jARRtYbQ.jpg\" width=\"500\" height=\"336\" _cke_saved_src=\"http://p1.wmpic.me/article/2017/11/04/1509775827_jARRtYbQ.jpg\"/></center><p>　　看到一句话：如果你想造一艘船，不要鼓励人们去伐木、去分配工作、去发号施令。你应该做的是，教会人们去渴望大海的宽广无边和高深莫测。</p><center><img alt=\"青春时光唯美意境精美图片网\" src=\"http://p2.wmpic.me/article/2017/11/04/1509775828_zsEpsALa.jpg\" width=\"500\" height=\"330\" _cke_saved_src=\"http://p2.wmpic.me/article/2017/11/04/1509775828_zsEpsALa.jpg\"/></center><p>　　生命中总有那么一段时光，充满恐惧，可是除了勇敢面对，我们别无选择，前面的路还很远，你可能会哭，人之所以会哭，是因为坚强太久了，但路还是一定要坚持走下去，一定不能停。</p><center><img alt=\"青春时光唯美意境精美图片网\" src=\"http://p2.wmpic.me/article/2017/11/04/1509775828_GTiBqmJA.jpg\" width=\"500\" height=\"340\" _cke_saved_src=\"http://p2.wmpic.me/article/2017/11/04/1509775828_GTiBqmJA.jpg\"/></center><p>　　女人不一定要花男人的钱，但一定要让男人愿意为你花钱。因为男人为你花多少钱，代表有多喜欢你。你赚的钱是你的，男人愿为你花的钱也是你的。这不是贪钱，而是男人表达爱的方式。所以男人爱你的方式有千变万化，但真爱只有一种，那就是大方。小气的男人，只是不够爱你。</p><center><img alt=\"青春时光唯美意境精美图片网\" src=\"http://p2.wmpic.me/article/2017/11/04/1509775828_YtVNPRXM.jpg\" width=\"500\" height=\"336\" _cke_saved_src=\"http://p2.wmpic.me/article/2017/11/04/1509775828_YtVNPRXM.jpg\"/></center><p>　　人生的路，靠自己一步步走去，真正能保护你的，是你自己的人格选择和文化选择。那么反过来，真正能伤害你的，也是一样，自己的选择。</p><center><img alt=\"青春时光唯美意境精美图片网\" src=\"http://p2.wmpic.me/article/2017/11/04/1509775828_ivFTjbxY.jpg\" width=\"500\" height=\"332\" _cke_saved_src=\"http://p2.wmpic.me/article/2017/11/04/1509775828_ivFTjbxY.jpg\"/></center><p>　　人生最可悲的事情，莫过于胸怀大志，却又虚度光阴。觉得自己不够聪明，但干事总爱拖延；觉得自己学历不漂亮，可又没利用业余继续充电；对自己不满意，但自我安慰今天好好玩明天再努力。既然知道路远，那就该早点出发。</p><p><br/></p>            ');
INSERT INTO `y_spider_image_content` VALUES ('4', '', '', '', '  <center><p><img alt=\"精选高清静物唯美意境图片大全\" src=\"http://p2.wmpic.me/article/2017/11/04/1509775333_UfLGeyee.jpg\" width=\"468\" height=\"378\" _cke_saved_src=\"http://p2.wmpic.me/article/2017/11/04/1509775333_UfLGeyee.jpg\"/></p></center><p>　　生活是一种动态的向前，它是一种活泼和丰富，不管是伤得流泪还是恨得咬牙，人生总要在奔波忙碌中向前看，求诸内心，叩问心地，从烦恼当中超越，活出内心的温和平衡，而和生活能够统一的客观与知足，打破内心的僵局，改善生命品质，把生活的幸福活成一种人生的责任。</p><center><img alt=\"精选高清静物唯美意境图片大全\" src=\"http://p3.wmpic.me/article/2017/11/04/1509775334_iSRvuEjD.jpg\" width=\"468\" height=\"378\" _cke_saved_src=\"http://p3.wmpic.me/article/2017/11/04/1509775334_iSRvuEjD.jpg\"/></center><p>　　人与人的差距，表面上看是财富的差距，实际上是福报的差距；表面上看是人脉的差距，实际上是人品的差距；表面上看是气质的差距，实际上是涵养的差距；表面上看是容貌的差距，实际上是心地的差距；表面上看是人与人都差不多，内心境界却大不相同，后者决定命运。</p><center><img alt=\"精选高清静物唯美意境图片大全\" src=\"http://p1.wmpic.me/article/2017/11/04/1509775335_aLoBtwVI.jpg\" width=\"468\" height=\"367\" _cke_saved_src=\"http://p1.wmpic.me/article/2017/11/04/1509775335_aLoBtwVI.jpg\"/></center><p>　　糊涂的智慧表面上似乎什么都不知道，其实内心里比谁都清楚。糊涂的人一般呐于言，不是不会说，防祸从口出。闲聊80%的话都是废话。即便这样，不知不觉中，加进了感情色彩，不如不去说，那样别人就不知你的深浅，也就不敢对你轻举妄动，糊涂呐于言的智慧由此可见了。</p><center><img alt=\"精选高清静物唯美意境图片大全\" src=\"http://p1.wmpic.me/article/2017/11/04/1509775335_aikSAYiJ.jpg\" width=\"468\" height=\"332\" _cke_saved_src=\"http://p1.wmpic.me/article/2017/11/04/1509775335_aikSAYiJ.jpg\"/></center><p>　　天下没有永远的黑夜呀！黎明必在黑夜之后，那时就会气清景明、繁花盛开了。人生的黑夜也没什么不好，愈是黑暗的晚上，月亮与星星就愈是美丽了。</p><center><img alt=\"精选高清静物唯美意境图片大全\" src=\"http://p1.wmpic.me/article/2017/11/04/1509775335_RAacJRyZ.jpg\" width=\"468\" height=\"389\" _cke_saved_src=\"http://p1.wmpic.me/article/2017/11/04/1509775335_RAacJRyZ.jpg\"/></center><p>　　无论我们贫穷还是富有，无论我们走到哪里，有5样东西不能丢失：扬在脸上的自信、长在心底的善良、融进血里的骨气、两侧外泄的霸气、刻进命里的坚强！</p><center><img alt=\"精选高清静物唯美意境图片大全\" src=\"http://p1.wmpic.me/article/2017/11/04/1509775335_vKezAQQw.jpg\" width=\"468\" height=\"378\" _cke_saved_src=\"http://p1.wmpic.me/article/2017/11/04/1509775335_vKezAQQw.jpg\"/></center><p>　　生命的美丽，永远展现在她的进取之中；就像大树的美丽，是展现在它负势向上高耸入云的蓬勃生机中；像雄鹰的美丽，是展现在它搏风击雨如苍天之魂的翱翔中；像江河的美丽，是展现在它波涛汹涌一泻千里的奔流中。</p><p><br/></p>            ');
INSERT INTO `y_spider_image_content` VALUES ('5', '', '', '', '  <center><p><img alt=\"伤感女生背影唯美意境图片\" src=\"http://p1.wmpic.me/article/2017/11/04/1509775053_sKaXUYXg.jpg\" width=\"600\" height=\"402\" _cke_saved_src=\"http://p1.wmpic.me/article/2017/11/04/1509775053_sKaXUYXg.jpg\"/></p></center><p>　　沧桑世事，负累几许，告诉自己：快乐人生是一半清醒，一半醉，心分两半，一半清醒做事，另一半包容理解。</p><center><img alt=\"伤感女生背影唯美意境图片\" src=\"http://p1.wmpic.me/article/2017/11/04/1509775053_MevESRRx.jpg\" width=\"600\" height=\"402\" _cke_saved_src=\"http://p1.wmpic.me/article/2017/11/04/1509775053_MevESRRx.jpg\"/></center><p>　　原来岁月并不是真的逝去，它只是从我们的眼前消失，却转过来躲在我们的心里，然后再慢慢地来改变我们的容貌。</p><center><img alt=\"伤感女生背影唯美意境图片\" src=\"http://p1.wmpic.me/article/2017/11/04/1509775053_pOUmxmoe.jpg\" width=\"600\" height=\"400\" _cke_saved_src=\"http://p1.wmpic.me/article/2017/11/04/1509775053_pOUmxmoe.jpg\"/></center><p>　　牢记不快只能使自己痛苦，牢记不幸只能使自己悲伤。遗忘失去的，欣赏拥有的，才使自己快乐幸福。不要期望所有人都喜欢你，那是不可能的，让大多数人喜欢就是成功的表现。</p><center><img alt=\"伤感女生背影唯美意境图片\" src=\"http://p1.wmpic.me/article/2017/11/04/1509775053_iiPzJJJm.jpg\" width=\"600\" height=\"399\" _cke_saved_src=\"http://p1.wmpic.me/article/2017/11/04/1509775053_iiPzJJJm.jpg\"/></center><p>　　水，本清澈，无念；人，本善良，无为；心，本质洁，无心。做一个清澈的人，一个善良的人，一个坦坦荡荡的人。</p><center><img alt=\"伤感女生背影唯美意境图片\" src=\"http://p2.wmpic.me/article/2017/11/04/1509775054_bPQoDtnV.jpg\" width=\"600\" height=\"399\" _cke_saved_src=\"http://p2.wmpic.me/article/2017/11/04/1509775054_bPQoDtnV.jpg\"/></center><p>　　保留一份尊严给自己得不到就不要，没有依靠还有骄傲。敢于放弃一段感情，不但需要勇气更需要底气。动了真感情的人，往往最能容。错与对没有了绝对，只要爱的人不再伤悲；是与否都了无所谓，只要心中的她笑得最美。</p><p><br/></p>            ');
INSERT INTO `y_spider_image_content` VALUES ('6', '', '', '', '  <center><p><img alt=\"2017好看的空间静物意境图片\" src=\"http://p2.wmpic.me/article/2017/11/03/1509688876_TPrALeRS.jpg\" width=\"468\" height=\"378\" _cke_saved_src=\"http://p2.wmpic.me/article/2017/11/03/1509688876_TPrALeRS.jpg\"/></p></center><p>　　我们总是喜欢不停地揣测对方的心情，不停地猜忌对方的想法，然后开始惶恐不安，开始患得患失，开始责怪自己哪里不够好。经历告诉你，太过在乎就是失去的开始。</p><center><img alt=\"2017好看的空间静物意境图片\" src=\"http://p2.wmpic.me/article/2017/11/03/1509688876_dvLDsEGX.jpg\" width=\"468\" height=\"378\" _cke_saved_src=\"http://p2.wmpic.me/article/2017/11/03/1509688876_dvLDsEGX.jpg\"/></center><p>　　不后悔，莫过于做好三件事：一是知道如何选择；二是明白如何坚持；三是懂得如何珍惜。</p><center><img alt=\"2017好看的空间静物意境图片\" src=\"http://p2.wmpic.me/article/2017/11/03/1509688876_sLYrBuHv.jpg\" width=\"468\" height=\"378\" _cke_saved_src=\"http://p2.wmpic.me/article/2017/11/03/1509688876_sLYrBuHv.jpg\"/></center><p>　　不要束缚，不要缠绕，不要占有，不要渴望从对方的身上挖掘到意义，那是注定要落空的东西。——安妮宝贝</p><center><img alt=\"2017好看的空间静物意境图片\" src=\"http://p2.wmpic.me/article/2017/11/03/1509688876_lIaJPsXx.jpg\" width=\"468\" height=\"378\" _cke_saved_src=\"http://p2.wmpic.me/article/2017/11/03/1509688876_lIaJPsXx.jpg\"/></center><p>　　大智慧者必谦和，大善者必宽容，大骄傲者往往谦逊平和。有巨大成就感的人，必定也有包容万物，宽待众生的胸怀。小智者咄咄逼人，小善者斤斤计较，小骄傲才露出不可一世的傲慢脸相。</p><center><img alt=\"2017好看的空间静物意境图片\" src=\"http://p2.wmpic.me/article/2017/11/03/1509688876_lICNwZvL.jpg\" width=\"468\" height=\"378\" _cke_saved_src=\"http://p2.wmpic.me/article/2017/11/03/1509688876_lICNwZvL.jpg\"/></center><p>　　是那个人，不说他也懂；不是那个人，说了也没用。是那个人，不解释也没关系；不是那个人，解释也多余。是那个人，不留他也不走；不是那个人，留也留不住。是那个人，不等自然会遇到；不是那个人，原地也会走丢。</p><center><img alt=\"2017好看的空间静物意境图片\" src=\"http://p2.wmpic.me/article/2017/11/03/1509688876_cYaoUyak.jpg\" width=\"468\" height=\"355\" _cke_saved_src=\"http://p2.wmpic.me/article/2017/11/03/1509688876_cYaoUyak.jpg\"/></center><p>　　如果，不幸福，如果，不快乐，那就放手吧;如果，舍不得、放不下，那就痛苦吧。</p><center><img alt=\"2017好看的空间静物意境图片\" src=\"http://p2.wmpic.me/article/2017/11/03/1509688876_YEkqsxQt.jpg\" width=\"468\" height=\"378\" _cke_saved_src=\"http://p2.wmpic.me/article/2017/11/03/1509688876_YEkqsxQt.jpg\"/></center><p>　　你可以一直冷落我，去跟别人玩的很嗨。等到我跟别人好了，你就他妈的别后悔。</p><p><br/></p>            ');
INSERT INTO `y_spider_image_content` VALUES ('7', '', '', '', '  <center><p><img alt=\"高清养眼静物唯美意境图片\" src=\"http://p2.wmpic.me/article/2017/11/03/1509687982_aqYDynnE.jpg\" width=\"500\" height=\"368\" _cke_saved_src=\"http://p2.wmpic.me/article/2017/11/03/1509687982_aqYDynnE.jpg\"/></p></center><p>　　在放手之前，能抓多紧，就抓多紧。因为爱，一旦错过，不再回来。</p><center><img alt=\"高清养眼静物唯美意境图片\" src=\"http://p3.wmpic.me/article/2017/11/03/1509687983_lloYZLVI.jpg\" width=\"500\" height=\"333\" _cke_saved_src=\"http://p3.wmpic.me/article/2017/11/03/1509687983_lloYZLVI.jpg\"/></center><p>　　多读书养才气，能忍辱养志气，慎言行养清气，温处事养和气，讲责任养贤气，重情义养人气，系苍生养底气，淡名利养正气，不媚俗养骨气，敢作为养浩气，会宽容养大气。</p><center><img alt=\"高清养眼静物唯美意境图片\" src=\"http://p3.wmpic.me/article/2017/11/03/1509687983_rCpXXXLk.jpg\" width=\"500\" height=\"312\" _cke_saved_src=\"http://p3.wmpic.me/article/2017/11/03/1509687983_rCpXXXLk.jpg\"/></center><p>　　最美好的东西，最好是错过他。当我们不能拥有的时候，放弃也许是唯一不让自己痛苦的方式。</p><center><img alt=\"高清养眼静物唯美意境图片\" src=\"http://p3.wmpic.me/article/2017/11/03/1509687983_yfmzOizx.jpg\" width=\"500\" height=\"333\" _cke_saved_src=\"http://p3.wmpic.me/article/2017/11/03/1509687983_yfmzOizx.jpg\"/></center><p>　　当痛苦达到顶点，忍无可忍的最后关头，那就是他觉醒的时刻。</p><center><img alt=\"高清养眼静物唯美意境图片\" src=\"http://p3.wmpic.me/article/2017/11/03/1509687983_nqbEVKKK.jpg\" width=\"500\" height=\"430\" _cke_saved_src=\"http://p3.wmpic.me/article/2017/11/03/1509687983_nqbEVKKK.jpg\"/></center><p>　　人生充满了起起落落。关键在于，在顶端时好好享受；在低谷时不失勇气。</p><center><img alt=\"高清养眼静物唯美意境图片\" src=\"http://p3.wmpic.me/article/2017/11/03/1509687983_hzmeWrLa.jpg\" width=\"500\" height=\"350\" _cke_saved_src=\"http://p3.wmpic.me/article/2017/11/03/1509687983_hzmeWrLa.jpg\"/></center><p>　　判断一个人是否爱你，不是炫耀对方开始时对你能有多好，而是这个人愿意陪你走的路能有多长。</p><center><img alt=\"高清养眼静物唯美意境图片\" src=\"http://p3.wmpic.me/article/2017/11/03/1509687983_OAHGZexK.jpg\" width=\"500\" height=\"420\" _cke_saved_src=\"http://p3.wmpic.me/article/2017/11/03/1509687983_OAHGZexK.jpg\"/></center><p>　　人往往经历过不幸福，才知道什么是幸福；就像遇见过错的人，才会知道谁是对的人。</p><center><img alt=\"高清养眼静物唯美意境图片\" src=\"http://p3.wmpic.me/article/2017/11/03/1509687983_YpEzXMEo.jpg\" width=\"500\" height=\"312\" _cke_saved_src=\"http://p3.wmpic.me/article/2017/11/03/1509687983_YpEzXMEo.jpg\"/></center><p>　　请相信，每个少年都会远去，收起那些欢笑泪水，爱恨纠缠的心情，勇敢一点，再勇敢一点，最终走向属于自己的远方。</p><center><img alt=\"高清养眼静物唯美意境图片\" src=\"http://p3.wmpic.me/article/2017/11/03/1509687983_jTQqsFFS.jpg\" width=\"500\" height=\"362\" _cke_saved_src=\"http://p3.wmpic.me/article/2017/11/03/1509687983_jTQqsFFS.jpg\"/></center><p>　　倘若心中愿意，道路千千条。倘若心中不愿意，理由万万个。</p><center><img alt=\"高清养眼静物唯美意境图片\" src=\"http://p3.wmpic.me/article/2017/11/03/1509687983_tdSjrsnj.jpg\" width=\"500\" height=\"312\" _cke_saved_src=\"http://p3.wmpic.me/article/2017/11/03/1509687983_tdSjrsnj.jpg\"/></center><p>　　你有没有遇到这么一个人，只要你们在一起，就没有了时间的概念。</p><center><img alt=\"高清养眼静物唯美意境图片\" src=\"http://p3.wmpic.me/article/2017/11/03/1509687983_TvPiJBoi.jpg\" width=\"500\" height=\"312\" _cke_saved_src=\"http://p3.wmpic.me/article/2017/11/03/1509687983_TvPiJBoi.jpg\"/></center><p>　　“我很好”不是指你终于熬到有了钱，有了朋友，有了人照顾的日子。而是你终于可以习惯没有钱，没有朋友，没有人照顾的日子。“我很好”是告诉他们，你越来越能接受现实。</p><p><br/></p>            ');
INSERT INTO `y_spider_image_content` VALUES ('8', 'upload/spider/201711/b5ba553025a.jpg', 'upload/spider/201711/small_b5ba553025a.jpg', '', '  <p><a href=\"/92182/59fc01026499d_81\"><img src=\"http://p3.wmpic.me/article/2017/11/03/1509687554_iSvbJbNW.jpg\" alt=\"治愈系复古唯美意境图片大全\"/></a><a href=\"/92182/59fc01028482b_93\"><img src=\"http://p3.wmpic.me/article/2017/11/03/1509687554_LLmDpRKl.jpg\" alt=\"治愈系复古唯美意境图片大全\"/></a><a href=\"/92182/59fc01028c556_39\"><img src=\"http://p3.wmpic.me/article/2017/11/03/1509687554_RzCClOGa.jpg\" alt=\"治愈系复古唯美意境图片大全\"/></a><a href=\"/92182/59fc0102945a4_68\"><img src=\"http://p3.wmpic.me/article/2017/11/03/1509687554_pWPlFmJn.jpg\" alt=\"治愈系复古唯美意境图片大全\"/></a><a href=\"/92182/59fc01029ba61_98\"><img src=\"http://p3.wmpic.me/article/2017/11/03/1509687554_qvRRMpkF.jpg\" alt=\"治愈系复古唯美意境图片大全\"/></a><a href=\"/92182/59fc0102a35fb_24\"><img src=\"http://p3.wmpic.me/article/2017/11/03/1509687554_CcRcvGoZ.jpg\" alt=\"治愈系复古唯美意境图片大全\"/></a><a href=\"/92182/59fc0102ad4be_29\"><img src=\"http://p3.wmpic.me/article/2017/11/03/1509687554_YofDoqtQ.jpg\" alt=\"治愈系复古唯美意境图片大全\"/></a></p>            ');
INSERT INTO `y_spider_image_content` VALUES ('9', '', '', '', '  <center><p><img alt=\"校园系空间唯美意境图片大全\" src=\"http://p1.wmpic.me/article/2017/11/02/1509605613_dhSqvwDB.jpg\" width=\"500\" height=\"332\" _cke_saved_src=\"http://p1.wmpic.me/article/2017/11/02/1509605613_dhSqvwDB.jpg\"/></p></center><p>　　人为甚么要有感情，而感情又是那么的纠缠不清。在这无法开解的夹缠当中，每个人都不由自主。</p><center><img alt=\"校园系空间唯美意境图片大全\" src=\"http://p1.wmpic.me/article/2017/11/02/1509605613_YYhIRSrj.jpg\" width=\"500\" height=\"500\" _cke_saved_src=\"http://p1.wmpic.me/article/2017/11/02/1509605613_YYhIRSrj.jpg\"/></center><p>　　如果伸手碰一碰他，多么好。只是碰一碰，圣徒渴望吻一吻圣骨一样，亲近不可碰之物，碰了就会有火烧无花果树，有烈焰焚城，她还是要碰上一碰。</p><center><img alt=\"校园系空间唯美意境图片大全\" src=\"http://p1.wmpic.me/article/2017/11/02/1509605613_BDynOdWz.jpg\" width=\"500\" height=\"335\" _cke_saved_src=\"http://p1.wmpic.me/article/2017/11/02/1509605613_BDynOdWz.jpg\"/></center><p>　　你没想这么多吧。事情过后只有我一个人，冬蚕一样吐着细细的记忆，织成思念。</p><center><img alt=\"校园系空间唯美意境图片大全\" src=\"http://p1.wmpic.me/article/2017/11/02/1509605613_VHTdHDuv.jpg\" width=\"500\" height=\"340\" _cke_saved_src=\"http://p1.wmpic.me/article/2017/11/02/1509605613_VHTdHDuv.jpg\"/></center><p>　　有时我想，爱不过是小恩小惠。我以为我可以独自过一生，我还是被打动了。</p><center><img alt=\"校园系空间唯美意境图片大全\" src=\"http://p1.wmpic.me/article/2017/11/02/1509605613_QNaHKGiL.jpg\" width=\"500\" height=\"335\" _cke_saved_src=\"http://p1.wmpic.me/article/2017/11/02/1509605613_QNaHKGiL.jpg\"/></center><p>　　我爱你，如鲸向海，鸟投林。不可避免，退无可退。</p><center><img alt=\"校园系空间唯美意境图片大全\" src=\"http://p2.wmpic.me/article/2017/11/02/1509605614_pjcoZKWD.jpg\" width=\"500\" height=\"335\" _cke_saved_src=\"http://p2.wmpic.me/article/2017/11/02/1509605614_pjcoZKWD.jpg\"/></center><p>　　生命里面很多事情，沉重婉转至不可说。我想你明白。正如我想我明白你。</p><p><br/></p>            ');
INSERT INTO `y_spider_image_content` VALUES ('10', '', '', '', '  <center><p><img alt=\"高清微信背景唯美意境美图\" src=\"http://p1.wmpic.me/article/2017/11/02/1509605412_SEfgZvSo.png\" width=\"500\" height=\"331\" _cke_saved_src=\"http://p1.wmpic.me/article/2017/11/02/1509605412_SEfgZvSo.png\"/></p></center><p>　　也许，潜藏在真正的爱情背后的是深沉的忧伤，潜藏在现代式的寻欢作乐背后的是空虚。两相比较，前者无限高于后者。</p><center><img alt=\"高清微信背景唯美意境美图\" src=\"http://p2.wmpic.me/article/2017/11/02/1509605413_KKAYfrPq.png\" width=\"500\" height=\"333\" _cke_saved_src=\"http://p2.wmpic.me/article/2017/11/02/1509605413_KKAYfrPq.png\"/></center><p>　　我不知道什么叫爱情。我只知道，如果那张面庞没有使你感觉到一种甜蜜的惆怅，一种依恋的哀怨，那你肯定没有爱。</p><center><img alt=\"高清微信背景唯美意境美图\" src=\"http://p2.wmpic.me/article/2017/11/02/1509605413_fTnMVsCW.png\" width=\"500\" height=\"330\" _cke_saved_src=\"http://p2.wmpic.me/article/2017/11/02/1509605413_fTnMVsCW.png\"/></center><p>　　好的爱情有韧性，拉得开，但又扯不断。相爱者互不束缚对方，是他们对爱情有信心的表现。谁也不限制谁，到头来仍然是谁也离不开谁，这才是真爱。</p><center><img alt=\"高清微信背景唯美意境美图\" src=\"http://p2.wmpic.me/article/2017/11/02/1509605413_RMKVLzbP.png\" width=\"500\" height=\"346\" _cke_saved_src=\"http://p2.wmpic.me/article/2017/11/02/1509605413_RMKVLzbP.png\"/></center><p>　　爱就是做被爱者的保护人的冲动，尽管在旁人看来这种保护毫无必要。</p><center><img alt=\"高清微信背景唯美意境美图\" src=\"http://p2.wmpic.me/article/2017/11/02/1509605413_DEJmbWGo.png\" width=\"500\" height=\"333\" _cke_saved_src=\"http://p2.wmpic.me/article/2017/11/02/1509605413_DEJmbWGo.png\"/></center><p>　　爱就是心疼。你可以喜欢很多人，但心疼的只有一个。</p><center><img alt=\"高清微信背景唯美意境美图\" src=\"http://p2.wmpic.me/article/2017/11/02/1509605413_rkToRynl.png\" width=\"500\" height=\"335\" _cke_saved_src=\"http://p2.wmpic.me/article/2017/11/02/1509605413_rkToRynl.png\"/></center><p>　　爱情常常把人抽空，留下一具空躯壳，然后扬长而去。所以，聪明人始终对爱情有戒心，三思而后行，甚至于干脆不行。</p><p><br/></p>            ');
INSERT INTO `y_spider_image_content` VALUES ('11', '', '', '', '  <center><p><img alt=\"伤感哭泣女生唯美意境图片\" src=\"http://p1.wmpic.me/article/2017/11/02/1509605073_kMfKfCST.jpg\" width=\"600\" height=\"376\" _cke_saved_src=\"http://p1.wmpic.me/article/2017/11/02/1509605073_kMfKfCST.jpg\"/></p></center><p>　　放手也是一种美，爱到痛了，痛到哭了，于是选择了放手。放手是一种无奈的绝望，痛彻心扉。当曾经珍爱如生命的人即将相逢陌路时，才恍然大悟：原来，曾经以为的天长地久，其实不过是萍水相逢。</p><center><img alt=\"伤感哭泣女生唯美意境图片\" src=\"http://p1.wmpic.me/article/2017/11/02/1509605073_pnMvrgaX.jpg\" width=\"600\" height=\"368\" _cke_saved_src=\"http://p1.wmpic.me/article/2017/11/02/1509605073_pnMvrgaX.jpg\"/></center><p>　　恋爱，人生中美丽的时刻。如同黎明和黄昏，沐浴在柔和金光中的一切景物都变美了，包括那个美人儿。恋爱中的人以为那个美人儿是光源，其实她也是被照的景物。</p><center><img alt=\"伤感哭泣女生唯美意境图片\" src=\"http://p1.wmpic.me/article/2017/11/02/1509605073_VQtclVEz.jpg\" width=\"600\" height=\"372\" _cke_saved_src=\"http://p1.wmpic.me/article/2017/11/02/1509605073_VQtclVEz.jpg\"/></center><p>　　多情和专一未必互相排斥。一个善于欣赏女人的男人，如果他真正爱上了一个女人，那爱是更加饱满而且投入的。</p><center><img alt=\"伤感哭泣女生唯美意境图片\" src=\"http://p1.wmpic.me/article/2017/11/02/1509605073_uAfKGttX.jpg\" width=\"600\" height=\"471\" _cke_saved_src=\"http://p1.wmpic.me/article/2017/11/02/1509605073_uAfKGttX.jpg\"/></center><p>　　女人对于男人，男人对于女人，都不要轻言看透。你所看透的，至多是某几个男人或某几个女人，他们的缺点别有来源，不该加罪于性别。</p><p><br/></p>            ');
INSERT INTO `y_spider_image_content` VALUES ('12', '', '', '', '  <center><p><img alt=\"一段美好的旧时光唯美意境图片\" src=\"http://p1.wmpic.me/article/2017/11/01/1509519615_feYXPxHw.jpg\" width=\"500\" height=\"332\" _cke_saved_src=\"http://p1.wmpic.me/article/2017/11/01/1509519615_feYXPxHw.jpg\"/></p></center><p>　　让我站在心碎的地方，轻轻打一个结，一种缝补，阻止伤痛再流出。</p><center><img alt=\"一段美好的旧时光唯美意境图片\" src=\"http://p1.wmpic.me/article/2017/11/01/1509519615_pHZXIkSW.jpg\" width=\"501\" height=\"334\" _cke_saved_src=\"http://p1.wmpic.me/article/2017/11/01/1509519615_pHZXIkSW.jpg\"/></center><p>　　就算伤透了心、心里还是有着那个人。这就是死心塌地的爱情吧。</p><center><img alt=\"一段美好的旧时光唯美意境图片\" src=\"http://p1.wmpic.me/article/2017/11/01/1509519615_FjNzWJPU.jpg\" width=\"510\" height=\"440\" _cke_saved_src=\"http://p1.wmpic.me/article/2017/11/01/1509519615_FjNzWJPU.jpg\"/></center><p>　　不论一个人多坚强，内心总有一块柔软的地方，不能触碰。</p><center><img alt=\"一段美好的旧时光唯美意境图片\" src=\"http://p1.wmpic.me/article/2017/11/01/1509519615_snWuYrKd.jpg\" width=\"500\" height=\"377\" _cke_saved_src=\"http://p1.wmpic.me/article/2017/11/01/1509519615_snWuYrKd.jpg\"/></center><p>　　我把心门锁了起来，然后用尽全身力气丢了钥匙。</p><center><img alt=\"一段美好的旧时光唯美意境图片\" src=\"http://p1.wmpic.me/article/2017/11/01/1509519615_TzWSrHZD.jpg\" width=\"500\" height=\"403\" _cke_saved_src=\"http://p1.wmpic.me/article/2017/11/01/1509519615_TzWSrHZD.jpg\"/></center><p>　　藏在心底的话并不是故意要去隐瞒，只是并不是所有的疼痛都可以呐喊。</p><center><img alt=\"一段美好的旧时光唯美意境图片\" src=\"http://p2.wmpic.me/article/2017/11/01/1509519616_gXiaNLpb.jpg\" width=\"500\" height=\"400\" _cke_saved_src=\"http://p2.wmpic.me/article/2017/11/01/1509519616_gXiaNLpb.jpg\"/></center><p>　　哭过，放弃过，但别忘记你曾经拥有过。</p><center><img alt=\"一段美好的旧时光唯美意境图片\" src=\"http://p2.wmpic.me/article/2017/11/01/1509519616_DfXIcFXD.jpg\" width=\"500\" height=\"333\" _cke_saved_src=\"http://p2.wmpic.me/article/2017/11/01/1509519616_DfXIcFXD.jpg\"/></center><p>　　假如你想要一件东西，就放它走。它若能回来找你，就永远属于你;它若不回来，那根本就不是你的。</p><center><img alt=\"一段美好的旧时光唯美意境图片\" src=\"http://p2.wmpic.me/article/2017/11/01/1509519616_qjnumlQs.jpg\" width=\"500\" height=\"334\" _cke_saved_src=\"http://p2.wmpic.me/article/2017/11/01/1509519616_qjnumlQs.jpg\"/></center><p>　　伤就伤吧，伤过后，最少我还知道怎么去留恋。</p><center><img alt=\"一段美好的旧时光唯美意境图片\" src=\"http://p2.wmpic.me/article/2017/11/01/1509519616_RsKCEZJW.jpg\" width=\"510\" height=\"338\" _cke_saved_src=\"http://p2.wmpic.me/article/2017/11/01/1509519616_RsKCEZJW.jpg\"/></center><p>　　多年以后我才知道，不是你没来，而是你去了另一个路口。</p><center><img alt=\"一段美好的旧时光唯美意境图片\" src=\"http://p2.wmpic.me/article/2017/11/01/1509519616_zKKdpZzt.jpg\" width=\"500\" height=\"430\" _cke_saved_src=\"http://p2.wmpic.me/article/2017/11/01/1509519616_zKKdpZzt.jpg\"/></center><p>　　被生活所折磨是一种享受、是一种快乐，但更多的是一种无奈。</p><center><img alt=\"一段美好的旧时光唯美意境图片\" src=\"http://p2.wmpic.me/article/2017/11/01/1509519616_yIBxWQca.jpg\" width=\"500\" height=\"332\" _cke_saved_src=\"http://p2.wmpic.me/article/2017/11/01/1509519616_yIBxWQca.jpg\"/></center><p>　　歌声形成的空间，任凭年华来去自由，所以依然保护着的人的容颜不曾改和一场庞大而没有落幕的恨。</p><p><br/></p>            ');
INSERT INTO `y_spider_image_content` VALUES ('13', '', '', '', '  <center><p><img alt=\"精致彩色气球唯美意境图片\" src=\"http://p1.wmpic.me/article/2017/11/01/1509518826_KJTMUEuE.jpg\" width=\"500\" height=\"718\" _cke_saved_src=\"http://p1.wmpic.me/article/2017/11/01/1509518826_KJTMUEuE.jpg\"/></p></center><p>　　故事写在纸上总有一个结局，故事写在心里是无人知道的结局。</p><center><img alt=\"精致彩色气球唯美意境图片\" src=\"http://p1.wmpic.me/article/2017/11/01/1509518826_IIUalLqK.jpg\" width=\"500\" height=\"500\" _cke_saved_src=\"http://p1.wmpic.me/article/2017/11/01/1509518826_IIUalLqK.jpg\"/></center><p>　　最了解自己的人是自己，最不了解自己的人也是自己。</p><center><img alt=\"精致彩色气球唯美意境图片\" src=\"http://p1.wmpic.me/article/2017/11/01/1509518826_zXkDZhoL.jpg\" width=\"500\" height=\"750\" _cke_saved_src=\"http://p1.wmpic.me/article/2017/11/01/1509518826_zXkDZhoL.jpg\"/></center><p>　　安静的等待现实的浮与沉，我的世界并不缺少谁，我从不需要谁来踏进我的人生。</p><center><img alt=\"精致彩色气球唯美意境图片\" src=\"http://p1.wmpic.me/article/2017/11/01/1509518826_bhoOqdSX.jpg\" width=\"500\" height=\"762\" _cke_saved_src=\"http://p1.wmpic.me/article/2017/11/01/1509518826_bhoOqdSX.jpg\"/></center><p>　　回忆像只贴身鬼魅，说不恨你那是自己口是心非。</p><p><br/></p>            ');
INSERT INTO `y_spider_image_content` VALUES ('14', '', '', '', '  <center><p><img alt=\"美丽清新的意境草原图片大全\" src=\"http://p2.wmpic.me/article/2017/10/31/1509430225_AHqjtEqJ.jpg\" width=\"600\" height=\"600\" _cke_saved_src=\"http://p2.wmpic.me/article/2017/10/31/1509430225_AHqjtEqJ.jpg\"/></p></center><p>　　江上夕雨深，权当九泉信，灭灯暗坐共听雨，一夜淅沥悲未尽。</p><center><img alt=\"美丽清新的意境草原图片大全\" src=\"http://p3.wmpic.me/article/2017/10/31/1509430226_GGpFLSQs.jpg\" width=\"600\" height=\"600\" _cke_saved_src=\"http://p3.wmpic.me/article/2017/10/31/1509430226_GGpFLSQs.jpg\"/></center><p>　　长云渺茫，拈来素馨告青天，黄土一抔，斟来熟酒祭九泉，名树繁华，哪堪人世一聚散。</p><center><img alt=\"美丽清新的意境草原图片大全\" src=\"http://p3.wmpic.me/article/2017/10/31/1509430226_WkUoUBYS.jpg\" width=\"600\" height=\"600\" _cke_saved_src=\"http://p3.wmpic.me/article/2017/10/31/1509430226_WkUoUBYS.jpg\"/></center><p>　　这一杯无意的有缘酒，敬不在江湖的江湖人。</p><center><img alt=\"美丽清新的意境草原图片大全\" src=\"http://p3.wmpic.me/article/2017/10/31/1509430226_fWetvsJW.jpg\" width=\"600\" height=\"600\" _cke_saved_src=\"http://p3.wmpic.me/article/2017/10/31/1509430226_fWetvsJW.jpg\"/></center><p>　　人世的风雪，不是说停就停，如同命运的选择，并非尽由人意。</p><center><img alt=\"美丽清新的意境草原图片大全\" src=\"http://p3.wmpic.me/article/2017/10/31/1509430226_WbsJvfzX.jpg\" width=\"600\" height=\"600\" _cke_saved_src=\"http://p3.wmpic.me/article/2017/10/31/1509430226_WbsJvfzX.jpg\"/></center><p>　　傲骨不逊帝王令，落得焦枝贬洛阳，时人不识殊别艳，魏紫姚黄绮罗香。</p><p><br/></p>            ');
INSERT INTO `y_spider_image_content` VALUES ('15', '', '', '', '  <center><p><img alt=\"空间个性唯美意境图片大全\" src=\"http://p1.wmpic.me/article/2017/10/30/1509345468_QveZwkpF.jpg\" width=\"500\" height=\"500\" _cke_saved_src=\"http://p1.wmpic.me/article/2017/10/30/1509345468_QveZwkpF.jpg\"/></p></center><p>　　往事再美好，都已经尘封，多少热闹，都熬不过一个时间：有一天。</p><center><img alt=\"空间个性唯美意境图片大全\" src=\"http://p1.wmpic.me/article/2017/10/30/1509345468_AKjZKcVG.jpg\" width=\"500\" height=\"500\" _cke_saved_src=\"http://p1.wmpic.me/article/2017/10/30/1509345468_AKjZKcVG.jpg\"/></center><p>　　总有一天你的棱角会被世界磨平，你会拔掉身上的刺，你会学着对讨厌的人微笑，你会变成一个不动声色的人。</p><center><img alt=\"空间个性唯美意境图片大全\" src=\"http://p1.wmpic.me/article/2017/10/30/1509345468_hCbbHhqH.jpg\" width=\"500\" height=\"500\" _cke_saved_src=\"http://p1.wmpic.me/article/2017/10/30/1509345468_hCbbHhqH.jpg\"/></center><p>　　低头是一种能力，它不是自卑，也不是怯弱，它是清醒中的嬗变。</p><center><img alt=\"空间个性唯美意境图片大全\" src=\"http://p1.wmpic.me/article/2017/10/30/1509345468_fBQjxmfF.jpg\" width=\"500\" height=\"500\" _cke_saved_src=\"http://p1.wmpic.me/article/2017/10/30/1509345468_fBQjxmfF.jpg\"/></center><p>　　我爱你，你爱我，不是爱情，我爱你，你不爱我，他爱我，这才是爱情。</p><p><br/></p>            ');
INSERT INTO `y_spider_image_content` VALUES ('16', '', '', '', '  <center><p><img alt=\"唯美个性意境图片网络美图\" src=\"http://p3.wmpic.me/article/2017/10/30/1509345308_jAMDqiWM.jpg\" width=\"500\" height=\"341\" _cke_saved_src=\"http://p3.wmpic.me/article/2017/10/30/1509345308_jAMDqiWM.jpg\"/></p></center><p>　　如果坦白是一种伤害，我选择谎言。如果谎言也是伤害，我选择沉默。</p><center><img alt=\"唯美个性意境图片网络美图\" src=\"http://p3.wmpic.me/article/2017/10/30/1509345308_zmxszxit.jpg\" width=\"500\" height=\"331\" _cke_saved_src=\"http://p3.wmpic.me/article/2017/10/30/1509345308_zmxszxit.jpg\"/></center><p>　　失去某人，最糟糕的莫过于，他近在身旁，却犹如远在天边。</p><center><img alt=\"唯美个性意境图片网络美图\" src=\"http://p3.wmpic.me/article/2017/10/30/1509345308_NVQESKeO.jpg\" width=\"500\" height=\"388\" _cke_saved_src=\"http://p3.wmpic.me/article/2017/10/30/1509345308_NVQESKeO.jpg\"/></center><p>　　我愿化作一个太阳，温暖地照耀着你；我愿化作一轮明月，黑暗中陪伴着你；我愿化作一缕春风，轻轻地抚摸着你；我愿化作一滴甘露，快乐地滋润着你。我想马上飞到你身边，然后告诉你：我想你！</p><center><img alt=\"唯美个性意境图片网络美图\" src=\"http://p3.wmpic.me/article/2017/10/30/1509345308_NVfjILyH.jpg\" width=\"500\" height=\"331\" _cke_saved_src=\"http://p3.wmpic.me/article/2017/10/30/1509345308_NVfjILyH.jpg\"/></center><p>　　人生总有很多无奈，这些无奈又是你不得不面对的。</p><center><img alt=\"唯美个性意境图片网络美图\" src=\"http://p3.wmpic.me/article/2017/10/30/1509345308_yiezjjCV.jpg\" width=\"500\" height=\"312\" _cke_saved_src=\"http://p3.wmpic.me/article/2017/10/30/1509345308_yiezjjCV.jpg\"/></center><p>　　一些事，看开了，却总是不能放下；一些情，明白了，却总是无法放弃；一些人，看清了，却总是不忍离弃。</p><center><img alt=\"唯美个性意境图片网络美图\" src=\"http://p3.wmpic.me/article/2017/10/30/1509345308_QDvmrMzn.jpg\" width=\"500\" height=\"375\" _cke_saved_src=\"http://p3.wmpic.me/article/2017/10/30/1509345308_QDvmrMzn.jpg\"/></center><p>　　你都不知道现在的我哼你最爱的歌会痛沉默也会痛。</p><p><br/></p>            ');
INSERT INTO `y_spider_image_content` VALUES ('17', '', '', '', '  <center><p><img alt=\"高清绿色桌面唯美意境图片\" src=\"http://p1.wmpic.me/article/2017/10/27/1509086841_nkGNSKcs.jpg\" width=\"500\" height=\"338\" _cke_saved_src=\"http://p1.wmpic.me/article/2017/10/27/1509086841_nkGNSKcs.jpg\"/></p></center><p>　　我不想让别人看见我的痛苦，只想让他们看到我的快乐，让他们去羡慕，去追寻。可是最后却明白了：自己不如别人，没有别人过的好。简单就是快乐。</p><center><img alt=\"高清绿色桌面唯美意境图片\" src=\"http://p1.wmpic.me/article/2017/10/27/1509086841_GXCMhNlS.jpg\" width=\"500\" height=\"337\" _cke_saved_src=\"http://p1.wmpic.me/article/2017/10/27/1509086841_GXCMhNlS.jpg\"/></center><p>　　在充满噪音的都市丛林里，你几乎快乐不起来。此时，你不妨抽空到乡间走一趟。吸口新鲜空气，闻闻泥土芳香，看看翠绿大地，听听大自然的奏鸣曲--蝉声、鸟声、溪水声……你将会有不一样的感觉。</p><center><img alt=\"高清绿色桌面唯美意境图片\" src=\"http://p1.wmpic.me/article/2017/10/27/1509086841_LWAqWNSg.jpg\" width=\"510\" height=\"333\" _cke_saved_src=\"http://p1.wmpic.me/article/2017/10/27/1509086841_LWAqWNSg.jpg\"/></center><p>　　快乐，你如同我的影子，伴随我走过多少个春夏秋冬。快乐，你无处不在，世界各地充满着你的气息。</p><center><img alt=\"高清绿色桌面唯美意境图片\" src=\"http://p1.wmpic.me/article/2017/10/27/1509086841_zQvsnlnd.jpg\" width=\"500\" height=\"335\" _cke_saved_src=\"http://p1.wmpic.me/article/2017/10/27/1509086841_zQvsnlnd.jpg\"/></center><p>　　感念以前我们满口的粗话土语，背后是满满的友情，简单而快乐，可现在我们都说着所谓文明的语言，心里却不知打着什么样的小算盘，复杂而劳累!</p><p><br/></p>            ');
INSERT INTO `y_spider_image_content` VALUES ('18', '', '', '', '  <center><p><img alt=\"海边伤感少女唯美意境图片\" src=\"http://p2.wmpic.me/article/2017/10/27/1509086119_PoCXGEGw.jpg\" width=\"500\" height=\"332\" _cke_saved_src=\"http://p2.wmpic.me/article/2017/10/27/1509086119_PoCXGEGw.jpg\"/></p></center><p>　　不要让需要你的人觉得你太过的好，而是要让他觉得这个世界很是美好。</p><center><img alt=\"海边伤感少女唯美意境图片\" src=\"http://p2.wmpic.me/article/2017/10/27/1509086119_JSmRMDdW.jpg\" width=\"500\" height=\"332\" _cke_saved_src=\"http://p2.wmpic.me/article/2017/10/27/1509086119_JSmRMDdW.jpg\"/></center><p>　　你以为，这个世界，只要有爱情就够了吗?可是，就算我们拥有了全世界，如果没有爱情，从此，再也不会体会快乐!</p><center><img alt=\"海边伤感少女唯美意境图片\" src=\"http://p2.wmpic.me/article/2017/10/27/1509086119_vQZAfqLI.jpg\" width=\"500\" height=\"332\" _cke_saved_src=\"http://p2.wmpic.me/article/2017/10/27/1509086119_vQZAfqLI.jpg\"/></center><p>　　快乐，你如同我的影子，伴随我走过多少个春夏秋冬。快乐，你无处不在，世界各地充满着你的气息。</p><center><img alt=\"海边伤感少女唯美意境图片\" src=\"http://p2.wmpic.me/article/2017/10/27/1509086119_pxBzbLIN.jpg\" width=\"500\" height=\"332\" _cke_saved_src=\"http://p2.wmpic.me/article/2017/10/27/1509086119_pxBzbLIN.jpg\"/></center><p>　　大家心里说不出有多高兴，脚下好像生了风，走得又快又有劲。</p><center><img alt=\"海边伤感少女唯美意境图片\" src=\"http://p2.wmpic.me/article/2017/10/27/1509086119_hsLdiSjs.jpg\" width=\"500\" height=\"332\" _cke_saved_src=\"http://p2.wmpic.me/article/2017/10/27/1509086119_hsLdiSjs.jpg\"/></center><p>　　生活处处有快乐，让我们一起寻找快乐、探索快乐、拥有快乐吧!</p><p><br/></p>            ');
INSERT INTO `y_spider_image_content` VALUES ('19', '', '', '', '  <center><p><img alt=\"好闺蜜好姐妹唯美意境图片\" src=\"http://p2.wmpic.me/article/2017/10/27/1509085111_gxAzWjxQ.jpg\" width=\"550\" height=\"352\" _cke_saved_src=\"http://p2.wmpic.me/article/2017/10/27/1509085111_gxAzWjxQ.jpg\"/></p></center><p>　　曾经想一人摆渡于桃花源，不想惊起一滩鸥鹭，却无奈于最后的争渡;曾经想捧一杯梅花酒，举杯邀月，却落幕于觥筹交错的宴会中;曾经想泡浸于一墨纸香，掬一坯净土小栖，却流连于繁世的喧嚣。</p><center><img alt=\"好闺蜜好姐妹唯美意境图片\" src=\"http://p3.wmpic.me/article/2017/10/27/1509085112_McTnayhn.jpg\" width=\"550\" height=\"366\" _cke_saved_src=\"http://p3.wmpic.me/article/2017/10/27/1509085112_McTnayhn.jpg\"/></center><p>　　你是沙漠里的绿洲，你是黑暗中的灯盏，你是酷暑中的浓荫，你是雾海上航标灯，你是严冬里的炭火，你是湍流中的踏脚石，你是看不见的空气，你是摸不着的阳光，啊，友情，你在哪里?</p><center><img alt=\"好闺蜜好姐妹唯美意境图片\" src=\"http://p3.wmpic.me/article/2017/10/27/1509085112_vhoIziCr.jpg\" width=\"550\" height=\"366\" _cke_saved_src=\"http://p3.wmpic.me/article/2017/10/27/1509085112_vhoIziCr.jpg\"/></center><p>　　错过，其实一点都不可惜。两个人就算再合适，可是没有在一起的强烈欲望，只说明不够爱。对于不够爱的人，就算错过，那也不过是路过了某个人而已。真正爱你的人，是不会错过你的，因为爱会让他疯狂。一切被动等待的人，只是没那么爱你。因为爱，就是主动。</p><center><img alt=\"好闺蜜好姐妹唯美意境图片\" src=\"http://p3.wmpic.me/article/2017/10/27/1509085112_MzlmTRKk.jpg\" width=\"550\" height=\"346\" _cke_saved_src=\"http://p3.wmpic.me/article/2017/10/27/1509085112_MzlmTRKk.jpg\"/></center><p>　　玉殿金阙，霓裳六幺，管弦中丝竹清平偏爱折柳。执笏应对，旨奉黄绸，那一笔盛世又算在谁的手。排长卷，弄扁舟，青史寥寥而过，怎么能概说那奢繁时候。词用尽，墨怎够，三千符采仍嫌简陋。</p><center><img alt=\"好闺蜜好姐妹唯美意境图片\" src=\"http://p3.wmpic.me/article/2017/10/27/1509085112_fIsZZwSW.jpg\" width=\"550\" height=\"366\" _cke_saved_src=\"http://p3.wmpic.me/article/2017/10/27/1509085112_fIsZZwSW.jpg\"/></center><p>　　淡月，清漪，飞花，流香，静坐梦的幽篁独享一份宁静的美。千千长发如绿柳袅娜，撩拨着红尘深处一湖水涟漪，愈近又远，俞远又近。岁月如此的静好，心似这般净了无尘。落红香阶风染绿，款款青纱入紫壶，银絮冰弦托绮霞，万种俗情弄闲愁。</p><center><img alt=\"好闺蜜好姐妹唯美意境图片\" src=\"http://p3.wmpic.me/article/2017/10/27/1509085112_INFsBIxO.jpg\" width=\"550\" height=\"366\" _cke_saved_src=\"http://p3.wmpic.me/article/2017/10/27/1509085112_INFsBIxO.jpg\"/></center><p>　　这个世界上，房子有价格，车子有价格，面子有价格，甚至连伴侣也有价格，然而，一切能用钱买到的东西，都不是最值钱的。唯有感情，始终只能物物交换，若你想得一颗真心，唯有用你自己的真心来换。</p><center><img alt=\"好闺蜜好姐妹唯美意境图片\" src=\"http://p3.wmpic.me/article/2017/10/27/1509085112_sjnPSaVL.jpg\" width=\"550\" height=\"366\" _cke_saved_src=\"http://p3.wmpic.me/article/2017/10/27/1509085112_sjnPSaVL.jpg\"/></center><p>　　有没有这么一个人，你无数次说着要放弃，但终究还是舍不得。</p><p><br/></p>            ');
INSERT INTO `y_spider_image_content` VALUES ('20', '', '', '', '  <center><p><img alt=\"小清新微信背景唯美意境图片\" src=\"http://p3.wmpic.me/article/2017/10/27/1509082613_bCespJcR.jpg\" width=\"500\" height=\"357\" _cke_saved_src=\"http://p3.wmpic.me/article/2017/10/27/1509082613_bCespJcR.jpg\"/></p></center><p>　　如果回忆能够像内存卡就好了，格式化后，就不再记得。</p><center><img alt=\"小清新微信背景唯美意境图片\" src=\"http://p3.wmpic.me/article/2017/10/27/1509082613_BUQUkaRr.jpg\" width=\"500\" height=\"333\" _cke_saved_src=\"http://p3.wmpic.me/article/2017/10/27/1509082613_BUQUkaRr.jpg\"/></center><p>　　异地恋真的好辛苦，可是为了我们的爱，我会坚持的。</p><center><img alt=\"小清新微信背景唯美意境图片\" src=\"http://p3.wmpic.me/article/2017/10/27/1509082613_EnBminfq.jpg\" width=\"500\" height=\"333\" _cke_saved_src=\"http://p3.wmpic.me/article/2017/10/27/1509082613_EnBminfq.jpg\"/></center><p>　　你的微笑，让我心跳，你的开心，让我分心，你的对我的爱，我从此不会变坏。</p><center><img alt=\"小清新微信背景唯美意境图片\" src=\"http://p3.wmpic.me/article/2017/10/27/1509082613_QUudzgHY.jpg\" width=\"500\" height=\"333\" _cke_saved_src=\"http://p3.wmpic.me/article/2017/10/27/1509082613_QUudzgHY.jpg\"/></center><p>　　和你分开后，这世界上有两个我：一个假装快乐，一个真心难过。</p><center><img alt=\"小清新微信背景唯美意境图片\" src=\"http://p3.wmpic.me/article/2017/10/27/1509082613_vTlbEyVu.jpg\" width=\"500\" height=\"333\" _cke_saved_src=\"http://p3.wmpic.me/article/2017/10/27/1509082613_vTlbEyVu.jpg\"/></center><p>　　在这一刻将自己松绑不再对你存有任何幻想。</p><p><br/></p>            ');
INSERT INTO `y_spider_image_content` VALUES ('21', 'upload/spider/201711/5ccc1e5b0b5.jpg', 'upload/spider/201711/small_5ccc1e5b0b5.jpg', '', '  <p><a href=\"/91868/59f18680f2765_14\"><img src=\"http://p2.wmpic.me/article/2017/10/26/1509000832_kCFakDDD.jpg\" alt=\"岁月变不老的闺蜜姐妹意境图片\"/></a><a href=\"/91868/59f186812d6e0_10\"><img src=\"http://p3.wmpic.me/article/2017/10/26/1509000833_cHJUKMJm.jpg\" alt=\"岁月变不老的闺蜜姐妹意境图片\"/></a><a href=\"/91868/59f186813490f_98\"><img src=\"http://p3.wmpic.me/article/2017/10/26/1509000833_ifomePUI.jpg\" alt=\"岁月变不老的闺蜜姐妹意境图片\"/></a><a href=\"/91868/59f186813cfaa_70\"><img src=\"http://p3.wmpic.me/article/2017/10/26/1509000833_keNzFLPT.jpg\" alt=\"岁月变不老的闺蜜姐妹意境图片\"/></a><a href=\"/91868/59f186814451c_56\"><img src=\"http://p3.wmpic.me/article/2017/10/26/1509000833_oFawPSTK.jpg\" alt=\"岁月变不老的闺蜜姐妹意境图片\"/></a><a href=\"/91868/59f186814b8a3_11\"><img src=\"http://p3.wmpic.me/article/2017/10/26/1509000833_ImKssPhL.jpg\" alt=\"岁月变不老的闺蜜姐妹意境图片\"/></a><a href=\"/91868/59f1868153f0d_32\"><img src=\"http://p3.wmpic.me/article/2017/10/26/1509000833_eNaXKcBS.jpg\" alt=\"岁月变不老的闺蜜姐妹意境图片\"/></a><a href=\"/91868/59f186815b787_81\"><img src=\"http://p3.wmpic.me/article/2017/10/26/1509000833_RiAjcufa.jpg\" alt=\"岁月变不老的闺蜜姐妹意境图片\"/></a><a href=\"/91868/59f1868163a12_84\"><img src=\"http://p3.wmpic.me/article/2017/10/26/1509000833_uaXhbmdD.jpg\" alt=\"岁月变不老的闺蜜姐妹意境图片\"/></a><a href=\"/91868/59f186816b2eb_28\"><img src=\"http://p3.wmpic.me/article/2017/10/26/1509000833_MtidCbFb.jpg\" alt=\"岁月变不老的闺蜜姐妹意境图片\"/></a><a href=\"/91868/59f1868172844_26\"><img src=\"http://p3.wmpic.me/article/2017/10/26/1509000833_xYAyDQPx.jpg\" alt=\"岁月变不老的闺蜜姐妹意境图片\"/></a></p>            ');
INSERT INTO `y_spider_image_content` VALUES ('22', '', '', '', '  <center><p><img alt=\"清新风景静物唯美意境图片\" src=\"http://p2.wmpic.me/article/2017/10/26/1509000184_kPQhmerg.jpg\" width=\"550\" height=\"343\" _cke_saved_src=\"http://p2.wmpic.me/article/2017/10/26/1509000184_kPQhmerg.jpg\"/></p></center><p>　　戏里戏外，必须要分清楚，要不然最先崩溃掉的就是自己。</p><center><img alt=\"清新风景静物唯美意境图片\" src=\"http://p2.wmpic.me/article/2017/10/26/1509000184_hINhVsoE.jpg\" width=\"550\" height=\"343\" _cke_saved_src=\"http://p2.wmpic.me/article/2017/10/26/1509000184_hINhVsoE.jpg\"/></center><p>　　别把无知当个性，嫉妒只会让你们更丑陋。</p><center><img alt=\"清新风景静物唯美意境图片\" src=\"http://p2.wmpic.me/article/2017/10/26/1509000184_OaXaGAMO.jpg\" width=\"550\" height=\"343\" _cke_saved_src=\"http://p2.wmpic.me/article/2017/10/26/1509000184_OaXaGAMO.jpg\"/></center><p>　　离家太远会忘记故乡，杀人太多会忘掉自己。</p><center><img alt=\"清新风景静物唯美意境图片\" src=\"http://p2.wmpic.me/article/2017/10/26/1509000184_NmKKNHvk.jpg\" width=\"550\" height=\"343\" _cke_saved_src=\"http://p2.wmpic.me/article/2017/10/26/1509000184_NmKKNHvk.jpg\"/></center><p>　　神最满意的杰作，叫做人。神最不满意的杰作，也叫做人。</p><center><img alt=\"清新风景静物唯美意境图片\" src=\"http://p2.wmpic.me/article/2017/10/26/1509000184_Ajyxhion.jpg\" width=\"550\" height=\"343\" _cke_saved_src=\"http://p2.wmpic.me/article/2017/10/26/1509000184_Ajyxhion.jpg\"/></center><p>　　因为我们看到了，看到了刹那的美景，就在那触手可及的前方。</p><center><img alt=\"清新风景静物唯美意境图片\" src=\"http://p2.wmpic.me/article/2017/10/26/1509000184_wEXAxPkL.jpg\" width=\"550\" height=\"343\" _cke_saved_src=\"http://p2.wmpic.me/article/2017/10/26/1509000184_wEXAxPkL.jpg\"/></center><p>　　你无法赶走我，你唯有猎杀我，因为我会比你更疯狂的爬上顶端。</p><p><br/></p>            ');
INSERT INTO `y_spider_image_content` VALUES ('23', '', '', '', '  <center><p><img alt=\"校园的风景唯美意境图片\" src=\"http://p3.wmpic.me/article/2017/10/26/1508987576_SUcBJdGy.jpg\" width=\"500\" height=\"332\" _cke_saved_src=\"http://p3.wmpic.me/article/2017/10/26/1508987576_SUcBJdGy.jpg\"/></p></center><p>　　不管风雨再不再来，让我的爱伴着你直到永远。无需言证的承诺，我的心早已给了你。今生今世只想和你在一齐。</p><center><img alt=\"校园的风景唯美意境图片\" src=\"http://p3.wmpic.me/article/2017/10/26/1508987576_mZmPtFco.jpg\" width=\"500\" height=\"332\" _cke_saved_src=\"http://p3.wmpic.me/article/2017/10/26/1508987576_mZmPtFco.jpg\"/></center><p>　　不删除你，不拉黑你，就是想看看你怎样为那个人写心情。爱情就像拉皮筋，受伤的总是不愿放手的那个人。</p><center><img alt=\"校园的风景唯美意境图片\" src=\"http://p1.wmpic.me/article/2017/10/26/1508987577_MYaUixvj.jpg\" width=\"500\" height=\"330\" _cke_saved_src=\"http://p1.wmpic.me/article/2017/10/26/1508987577_MYaUixvj.jpg\"/></center><p>　　爱情何尝不是贪婪与恐惧的平衡？愈想占有，愈容易失去。爱是尽量占有和尽量避免失去之间的平衡。</p><center><img alt=\"校园的风景唯美意境图片\" src=\"http://p1.wmpic.me/article/2017/10/26/1508987577_NcHWgZjT.jpg\" width=\"500\" height=\"332\" _cke_saved_src=\"http://p1.wmpic.me/article/2017/10/26/1508987577_NcHWgZjT.jpg\"/></center><p>　　在旅行中慢慢学习爱情。爱一个人，不仅仅需要妥协，更需要智慧地改造。我说，你听;你说，我听。</p><center><img alt=\"校园的风景唯美意境图片\" src=\"http://p1.wmpic.me/article/2017/10/26/1508987577_fEadUZIK.jpg\" width=\"500\" height=\"331\" _cke_saved_src=\"http://p1.wmpic.me/article/2017/10/26/1508987577_fEadUZIK.jpg\"/></center><p>　　既然遇见了就好好在一起，坚定当初的信念，即使再艰难，也一起走下去，这样才不辜负爱情。</p><center><img alt=\"校园的风景唯美意境图片\" src=\"http://p1.wmpic.me/article/2017/10/26/1508987577_KhBbPDyN.jpg\" width=\"500\" height=\"332\" _cke_saved_src=\"http://p1.wmpic.me/article/2017/10/26/1508987577_KhBbPDyN.jpg\"/></center><p>　　真正的爱情，是没有束缚和占有的，只是简单的两个人，不离不弃一辈子，慢慢地一起变老。</p><center><img alt=\"校园的风景唯美意境图片\" src=\"http://p1.wmpic.me/article/2017/10/26/1508987577_hdEPUFut.jpg\" width=\"500\" height=\"333\" _cke_saved_src=\"http://p1.wmpic.me/article/2017/10/26/1508987577_hdEPUFut.jpg\"/></center><p>　　恋情的终结就像它来的时候，是一瞬间的事。只是哼着旋律简单的歌，缠绕的音符就像是牵着的手，就这么，随随便便的在街上走走。然后，忽然间走出了对方的生活，不打算再经过。</p><p><br/></p>            ');
INSERT INTO `y_spider_image_content` VALUES ('24', '', '', '', '  <center><p><img alt=\"美丽的清晨唯美意境图片大全\" src=\"http://p1.wmpic.me/article/2017/10/25/1508916066_PZmffFVQ.jpg\" width=\"440\" height=\"440\" _cke_saved_src=\"http://p1.wmpic.me/article/2017/10/25/1508916066_PZmffFVQ.jpg\"/></p></center><p>　　遇见你是命运的安排，而爱上你是我情不自禁。</p><center><img alt=\"美丽的清晨唯美意境图片大全\" src=\"http://p1.wmpic.me/article/2017/10/25/1508916066_HwHRrqpK.jpg\" width=\"440\" height=\"440\" _cke_saved_src=\"http://p1.wmpic.me/article/2017/10/25/1508916066_HwHRrqpK.jpg\"/></center><p>　　在风吹干你的散发时，我简直着魔了：在闪闪发光的披肩柔发中，在淡淡入鬓的蛾眉问，在碧水淋漓的眼睛里……你竟是如此美丽可人！</p><center><img alt=\"美丽的清晨唯美意境图片大全\" src=\"http://p1.wmpic.me/article/2017/10/25/1508916066_ZFmKBqRK.jpg\" width=\"440\" height=\"440\" _cke_saved_src=\"http://p1.wmpic.me/article/2017/10/25/1508916066_ZFmKBqRK.jpg\"/></center><p>　　爱上了你，我才领略思念的滋味、分离的愁苦和妒忌的煎熬，还有那无休止的占有欲。为什么你的一举一动都让我心潮起伏为什么我总害怕时光飞逝而无法与你终生厮守？</p><center><img alt=\"美丽的清晨唯美意境图片大全\" src=\"http://p1.wmpic.me/article/2017/10/25/1508916066_BMnICAUR.jpg\" width=\"440\" height=\"440\" _cke_saved_src=\"http://p1.wmpic.me/article/2017/10/25/1508916066_BMnICAUR.jpg\"/></center><p>　　爱神告诉我，爱是缘分，爱是感动，爱是习惯，爱是宽容，爱是牺牲，爱是体谅，爱是一辈子的承诺！</p><center><img alt=\"美丽的清晨唯美意境图片大全\" src=\"http://p1.wmpic.me/article/2017/10/25/1508916066_fMFmNpKM.jpg\" width=\"440\" height=\"440\" _cke_saved_src=\"http://p1.wmpic.me/article/2017/10/25/1508916066_fMFmNpKM.jpg\"/></center><p>　　冰雪冷却不了我对你的热爱，台风吹散不走我对你的思念，喧哗淹没不了我的对你的心声，黑暗掩盖不了我对你的深情。</p><center><img alt=\"美丽的清晨唯美意境图片大全\" src=\"http://p1.wmpic.me/article/2017/10/25/1508916066_LpcsOvjk.jpg\" width=\"440\" height=\"440\" _cke_saved_src=\"http://p1.wmpic.me/article/2017/10/25/1508916066_LpcsOvjk.jpg\"/></center><p>　　孤单不是与生俱来，而是由你爱上一个人的那一刻开始。</p><p><br/></p>            ');
INSERT INTO `y_spider_image_content` VALUES ('25', '', '', '', '  <center><p><img alt=\"唯美空间书本背景意境图片\" src=\"http://p3.wmpic.me/article/2017/10/25/1508914877_wTOaJvUe.jpg\" width=\"510\" height=\"348\" _cke_saved_src=\"http://p3.wmpic.me/article/2017/10/25/1508914877_wTOaJvUe.jpg\"/></p></center><p>　　白天有你就有梦，夜晚有梦就有你。你要好好照顾你自己，不要感冒流鼻涕；要是偶尔打喷嚏，那就代表我想你！</p><center><img alt=\"唯美空间书本背景意境图片\" src=\"http://p1.wmpic.me/article/2017/10/25/1508914878_SPiYfFeB.jpg\" width=\"500\" height=\"375\" _cke_saved_src=\"http://p1.wmpic.me/article/2017/10/25/1508914878_SPiYfFeB.jpg\"/></center><p>　　不知为什么，只要有你在我身边，我的心便不再惶惶不安。</p><center><img alt=\"唯美空间书本背景意境图片\" src=\"http://p1.wmpic.me/article/2017/10/25/1508914878_lGekvTmm.jpg\" width=\"480\" height=\"360\" _cke_saved_src=\"http://p1.wmpic.me/article/2017/10/25/1508914878_lGekvTmm.jpg\"/></center><p>　　人们说：爱一个人是不求回报的。但是我却要你给我回报让我在有生之年把我的爱全部送给你！</p><center><img alt=\"唯美空间书本背景意境图片\" src=\"http://p1.wmpic.me/article/2017/10/25/1508914878_JarTArux.jpg\" width=\"500\" height=\"404\" _cke_saved_src=\"http://p1.wmpic.me/article/2017/10/25/1508914878_JarTArux.jpg\"/></center><p>　　我的眼睛深情地注视着你的眼睛，就像大海般蔚蓝，纯净得揉不进一粒小小的细沙。</p><center><img alt=\"唯美空间书本背景意境图片\" src=\"http://p1.wmpic.me/article/2017/10/25/1508914878_gTVtTcXZ.jpg\" width=\"510\" height=\"342\" _cke_saved_src=\"http://p1.wmpic.me/article/2017/10/25/1508914878_gTVtTcXZ.jpg\"/></center><p>　　在时间的驿站，我要许一个心愿，叫永远；在爱情的港湾，我将寄一份希望，叫真挚。因为我们相守的情谊，将伴着真挚，永远。</p><center><img alt=\"唯美空间书本背景意境图片\" src=\"http://p1.wmpic.me/article/2017/10/25/1508914878_DlttxwGa.jpg\" width=\"500\" height=\"332\" _cke_saved_src=\"http://p1.wmpic.me/article/2017/10/25/1508914878_DlttxwGa.jpg\"/></center><p>　　有些人用嘴巴去爱，而我是用心去爱，也许我会失去很多，但我不会后悔。</p><p><br/></p>            ');
INSERT INTO `y_spider_image_content` VALUES ('26', '', '', '', '  <center><p><img alt=\"唯美时光校园教室意境图片\" src=\"http://p3.wmpic.me/article/2017/10/25/1508914721_mJcnOHHm.jpg\" width=\"500\" height=\"374\" _cke_saved_src=\"http://p3.wmpic.me/article/2017/10/25/1508914721_mJcnOHHm.jpg\"/></p></center><p>　　我渴望黑夜中我睁大双眼，耳边有你温柔的话语在回响；我渴望思念里我丢手在空中，能牵到你跨越千里的深情！</p><center><img alt=\"唯美时光校园教室意境图片\" src=\"http://p3.wmpic.me/article/2017/10/25/1508914721_eSFbxMgC.jpg\" width=\"500\" height=\"333\" _cke_saved_src=\"http://p3.wmpic.me/article/2017/10/25/1508914721_eSFbxMgC.jpg\"/></center><p>　　天空中有你我最喜爱的颜色，现实中有你我最相配的角色。白云依靠着蓝天，蓝天包容着白云，就像现在的你和我，多美！</p><center><img alt=\"唯美时光校园教室意境图片\" src=\"http://p3.wmpic.me/article/2017/10/25/1508914721_XsfayzgY.jpg\" width=\"500\" height=\"329\" _cke_saved_src=\"http://p3.wmpic.me/article/2017/10/25/1508914721_XsfayzgY.jpg\"/></center><p>　　是因为爱才悄悄的躲开，躲开的是身影，躲不开的是默默的情怀；今天我终于鼓起勇气，向你表达我的爱。</p><center><img alt=\"唯美时光校园教室意境图片\" src=\"http://p3.wmpic.me/article/2017/10/25/1508914721_zqFdAMOf.jpg\" width=\"500\" height=\"333\" _cke_saved_src=\"http://p3.wmpic.me/article/2017/10/25/1508914721_zqFdAMOf.jpg\"/></center><p>　　你像那沾满露珠的花瓣，给我带来一室芳香；你像那划过蓝天的鸽哨，给我带来心灵的静远和追求。</p><center><img alt=\"唯美时光校园教室意境图片\" src=\"http://p3.wmpic.me/article/2017/10/25/1508914721_IoDDDrMk.jpg\" width=\"500\" height=\"334\" _cke_saved_src=\"http://p3.wmpic.me/article/2017/10/25/1508914721_IoDDDrMk.jpg\"/></center><p>　　你像那天边的云，飘泊不定，叫人难以追寻；你像那水中的萍，流移四方，叫我难以琢磨。你能告诉我吗？怎样才能追上你的身影，怎样才能与你相伴不离？</p><center><img alt=\"唯美时光校园教室意境图片\" src=\"http://p3.wmpic.me/article/2017/10/25/1508914721_MVhClRdm.jpg\" width=\"500\" height=\"315\" _cke_saved_src=\"http://p3.wmpic.me/article/2017/10/25/1508914721_MVhClRdm.jpg\"/></center><p>　　爱让我们相见，爱让我们相恋，爱让我们相爱，爱让我们牵挂，让我在有生之年把我全部的爱都送给你！</p><p><br/></p>            ');
INSERT INTO `y_spider_image_content` VALUES ('27', 'upload/spider/201711/db6c2cc518d.jpg', 'upload/spider/201711/small_db6c2cc518d.jpg', '', '  <p><a href=\"/91754/59eee089c6232_19\"><img src=\"http://p2.wmpic.me/article/2017/10/24/1508827273_ijTNkeUW.jpg\" alt=\"好闺蜜个性意境背影图片\"/></a><a href=\"/91754/59eee089e8ddf_63\"><img src=\"http://p2.wmpic.me/article/2017/10/24/1508827273_jouKbSbp.jpg\" alt=\"好闺蜜个性意境背影图片\"/></a><a href=\"/91754/59eee089ef944_30\"><img src=\"http://p2.wmpic.me/article/2017/10/24/1508827273_FEKakHtx.jpg\" alt=\"好闺蜜个性意境背影图片\"/></a><a href=\"/91754/59eee08a03163_59\"><img src=\"http://p3.wmpic.me/article/2017/10/24/1508827274_hkCHqqqz.jpg\" alt=\"好闺蜜个性意境背影图片\"/></a><a href=\"/91754/59eee08a0aa76_68\"><img src=\"http://p3.wmpic.me/article/2017/10/24/1508827274_oAABeDkh.jpg\" alt=\"好闺蜜个性意境背影图片\"/></a><a href=\"/91754/59eee08a12376_27\"><img src=\"http://p3.wmpic.me/article/2017/10/24/1508827274_TlpeiMKa.jpg\" alt=\"好闺蜜个性意境背影图片\"/></a></p>            ');
INSERT INTO `y_spider_image_content` VALUES ('28', '', '', '', '  <center><p><img alt=\"高清唯美闺蜜姐妹意境图片\" src=\"http://p3.wmpic.me/article/2017/10/24/1508815835_jdAWnuiw.jpg\" width=\"510\" height=\"350\" _cke_saved_src=\"http://p3.wmpic.me/article/2017/10/24/1508815835_jdAWnuiw.jpg\"/></p></center><p>　　一只眼睛里闪烁着爱的光芒，而另一只眼睛却燃烧着自私的欲火。</p><center><img alt=\"高清唯美闺蜜姐妹意境图片\" src=\"http://p3.wmpic.me/article/2017/10/24/1508815835_ZrOVqpKr.jpg\" width=\"500\" height=\"334\" _cke_saved_src=\"http://p3.wmpic.me/article/2017/10/24/1508815835_ZrOVqpKr.jpg\"/></center><p>　　在爱情上，没有相互的忠诚，就没有相互的信任。</p><center><img alt=\"高清唯美闺蜜姐妹意境图片\" src=\"http://p3.wmpic.me/article/2017/10/24/1508815835_uLWsGuAq.jpg\" width=\"510\" height=\"315\" _cke_saved_src=\"http://p3.wmpic.me/article/2017/10/24/1508815835_uLWsGuAq.jpg\"/></center><p>　　爱情是耗尽锐气的激情，爱情是置意志于一炬的火焰，爱情是把人骗入泥潭的诱饵，爱情将剧毒抹在命运之神的箭上。</p><center><img alt=\"高清唯美闺蜜姐妹意境图片\" src=\"http://p3.wmpic.me/article/2017/10/24/1508815835_CvfGiVmm.jpg\" width=\"500\" height=\"324\" _cke_saved_src=\"http://p3.wmpic.me/article/2017/10/24/1508815835_CvfGiVmm.jpg\"/></center><p>　　真正的爱情是建立在两个自由人的彼此了解和认识上。</p><center><img alt=\"高清唯美闺蜜姐妹意境图片\" src=\"http://p3.wmpic.me/article/2017/10/24/1508815835_jdqTaPZt.jpg\" width=\"510\" height=\"340\" _cke_saved_src=\"http://p3.wmpic.me/article/2017/10/24/1508815835_jdqTaPZt.jpg\"/></center><p>　　所谓外遇，就是有了爱情和面包之后，还想吃蛋糕的心情！</p><center><img alt=\"高清唯美闺蜜姐妹意境图片\" src=\"http://p3.wmpic.me/article/2017/10/24/1508815835_mTpFGbQp.jpg\" width=\"510\" height=\"365\" _cke_saved_src=\"http://p3.wmpic.me/article/2017/10/24/1508815835_mTpFGbQp.jpg\"/></center><p>　　初萌的爱情看到的仅是生命，持续的爱情看到的是永恒。</p><p><br/></p>            ');
INSERT INTO `y_spider_image_content` VALUES ('29', '', '', '', '  <center><p><img alt=\"唯美闺蜜一对意境图片大全\" src=\"http://p2.wmpic.me/article/2017/10/23/1508744242_ifOzDhTO.jpg\" width=\"500\" height=\"333\" _cke_saved_src=\"http://p2.wmpic.me/article/2017/10/23/1508744242_ifOzDhTO.jpg\"/></p></center><p>　　我真的很希望能再和你一起，我不知道能一起走多远，但我知道最后的结局是我一直爱你直到我的生命结束，无论我们是否还在一起。</p><center><img alt=\"唯美闺蜜一对意境图片大全\" src=\"http://p2.wmpic.me/article/2017/10/23/1508744242_nVXyFngq.jpg\" width=\"500\" height=\"329\" _cke_saved_src=\"http://p2.wmpic.me/article/2017/10/23/1508744242_nVXyFngq.jpg\"/></center><p>　　每天我将纯纯的爱满满地压在了整张纸上，等你回来，再把它一点一点解压，融进你心里，那是我想你最好的日记！</p><center><img alt=\"唯美闺蜜一对意境图片大全\" src=\"http://p2.wmpic.me/article/2017/10/23/1508744242_ovtvgaht.jpg\" width=\"500\" height=\"334\" _cke_saved_src=\"http://p2.wmpic.me/article/2017/10/23/1508744242_ovtvgaht.jpg\"/></center><p>　　人生的路很长很长，让我陪你一起走吧。我愿与你搭建一个属于我们自己的天空。</p><center><img alt=\"唯美闺蜜一对意境图片大全\" src=\"http://p2.wmpic.me/article/2017/10/23/1508744242_PhNbNqbA.jpg\" width=\"500\" height=\"338\" _cke_saved_src=\"http://p2.wmpic.me/article/2017/10/23/1508744242_PhNbNqbA.jpg\"/></center><p>　　从现在起，我要做一个健康的人，像农民一样劳作，像诗人一样生活，像学者一样写作，像柏拉图一样思考，像西雅图一样富饶，像婴儿一样睡觉！</p><center><img alt=\"唯美闺蜜一对意境图片大全\" src=\"http://p2.wmpic.me/article/2017/10/23/1508744242_MvdVqHSW.jpg\" width=\"500\" height=\"332\" _cke_saved_src=\"http://p2.wmpic.me/article/2017/10/23/1508744242_MvdVqHSW.jpg\"/></center><p>　　我以为我害怕的，是告别的时刻，原来，我同样害怕重逢。</p><p><br/></p>            ');
INSERT INTO `y_spider_image_content` VALUES ('30', '', '', '', '  <center><p><img alt=\"漫漫旅途背景唯美意境图片\" src=\"http://p1.wmpic.me/article/2017/10/20/1508481870_vTXTNzvc.jpg\" width=\"500\" height=\"332\" _cke_saved_src=\"http://p1.wmpic.me/article/2017/10/20/1508481870_vTXTNzvc.jpg\"/></p></center><p>　　你，每一天的开心，太过痴迷;你，每一天的微笑，激情我心;你，是我今生最亮丽的风景。不是最好，却是我最喜欢;不是最美，却是我的最爱;不求轰轰烈烈，只求真真切切，简单最好。</p><center><img alt=\"漫漫旅途背景唯美意境图片\" src=\"http://p1.wmpic.me/article/2017/10/20/1508481870_itOmBafb.jpg\" width=\"500\" height=\"373\" _cke_saved_src=\"http://p1.wmpic.me/article/2017/10/20/1508481870_itOmBafb.jpg\"/></center><p>　　聚散两相依。聚是力量的凝集，散是光亮的播种。</p><center><img alt=\"漫漫旅途背景唯美意境图片\" src=\"http://p1.wmpic.me/article/2017/10/20/1508481870_bmjkPtyU.jpg\" width=\"500\" height=\"404\" _cke_saved_src=\"http://p1.wmpic.me/article/2017/10/20/1508481870_bmjkPtyU.jpg\"/></center><p>　　想你，是一种习惯。有了你的记忆在心里沉淀。想你，思念你的心不能改变。想你，真的真的已经是一种习惯。打开电脑，听着忧伤的情歌，沉浸在伤感的旋律之中，心头的千头万绪也不过是一个你，想你是一种习惯。触摸着键盘，写着忧伤的情绪。</p><center><img alt=\"漫漫旅途背景唯美意境图片\" src=\"http://p1.wmpic.me/article/2017/10/20/1508481870_ybbDlcKp.jpg\" width=\"500\" height=\"402\" _cke_saved_src=\"http://p1.wmpic.me/article/2017/10/20/1508481870_ybbDlcKp.jpg\"/></center><p>　　分手了，就做回自己。爱情是两个人的事，错过了大家都有责任。一个人总要有个新的开始，别让过去把你栓在悲哀的殿堂。别说你最爱的是谁，人生还很长，谁也无法预知明天。</p><center><img alt=\"漫漫旅途背景唯美意境图片\" src=\"http://p1.wmpic.me/article/2017/10/20/1508481870_cQMHYOhn.jpg\" width=\"500\" height=\"384\" _cke_saved_src=\"http://p1.wmpic.me/article/2017/10/20/1508481870_cQMHYOhn.jpg\"/></center><p>　　我们像是表面上的针，不停的转动，一面转，一面看着时间匆匆离去，却无能为力。</p><center><img alt=\"漫漫旅途背景唯美意境图片\" src=\"http://p1.wmpic.me/article/2017/10/20/1508481870_xqTeDRZz.jpg\" width=\"500\" height=\"365\" _cke_saved_src=\"http://p1.wmpic.me/article/2017/10/20/1508481870_xqTeDRZz.jpg\"/></center><p>　　错过的风景就像打碎的玻璃瓶，无论再怎么努力终究是无法挽回。</p><center><img alt=\"漫漫旅途背景唯美意境图片\" src=\"http://p2.wmpic.me/article/2017/10/20/1508481871_dBZPyHrq.jpg\" width=\"500\" height=\"416\" _cke_saved_src=\"http://p2.wmpic.me/article/2017/10/20/1508481871_dBZPyHrq.jpg\"/></center><p>　　曾经的我很快乐，没有想得太多，只知道开心就好，可是现在多了一丝的忧愁。</p><center><img alt=\"漫漫旅途背景唯美意境图片\" src=\"http://p2.wmpic.me/article/2017/10/20/1508481871_AhAVXNyx.jpg\" width=\"500\" height=\"389\" _cke_saved_src=\"http://p2.wmpic.me/article/2017/10/20/1508481871_AhAVXNyx.jpg\"/></center><p>　　思绪不断阻挡着回忆播放，盲目的追寻仍然空空荡荡，灰蒙蒙的夜晚睡意又不知躲到哪去，一转身孤单已躺在身旁。</p><p><br/></p>            ');
INSERT INTO `y_spider_image_content` VALUES ('31', '', '', '', '  <center><p><img alt=\"难忘的校园生活唯美意境图片\" src=\"http://p1.wmpic.me/article/2017/10/19/1508397945_VNFSDZXC.jpg\" width=\"510\" height=\"353\" _cke_saved_src=\"http://p1.wmpic.me/article/2017/10/19/1508397945_VNFSDZXC.jpg\"/></p></center><p>　　牵着你的手，当你带着一身的疲惫，站在我的面前。看着你的倦容，看着你劳累的神情，我的心会隐隐作痛。轻轻地摇摇头，用手指轻抚你的唇边，此刻，好想能给你一个拥抱。</p><center><img alt=\"难忘的校园生活唯美意境图片\" src=\"http://p1.wmpic.me/article/2017/10/19/1508397945_jhUmHwdX.jpg\" width=\"510\" height=\"345\" _cke_saved_src=\"http://p1.wmpic.me/article/2017/10/19/1508397945_jhUmHwdX.jpg\"/></center><p>　　最浪漫的事是，遭遇风雨考验后，还能与爱人牵手夕阳。经历磨难后，仍和爱人细数沧桑，两个人肩并肩，相互依伴。愿你爱情甜蜜。</p><center><img alt=\"难忘的校园生活唯美意境图片\" src=\"http://p1.wmpic.me/article/2017/10/19/1508397945_MjxRYMee.jpg\" width=\"510\" height=\"340\" _cke_saved_src=\"http://p1.wmpic.me/article/2017/10/19/1508397945_MjxRYMee.jpg\"/></center><p>　　你念了一句咒语，我的时间有点来不及，呼吸心跳一起加速度，追赶你的幸福脚步，尽管我笨手又笨脚，可是你没有把我丢弃，所以我爱你还要继续继续。</p><center><img alt=\"难忘的校园生活唯美意境图片\" src=\"http://p1.wmpic.me/article/2017/10/19/1508397945_AFdpoFQi.jpg\" width=\"510\" height=\"413\" _cke_saved_src=\"http://p1.wmpic.me/article/2017/10/19/1508397945_AFdpoFQi.jpg\"/></center><p>　　你是我生命的力量，你是我身体的盾锁，你是我肌肤的清泉，你是我肢体的命脉，你是我五官的光彩，总之你就是我的全部，离开你我就支离破碎!</p><center><img alt=\"难忘的校园生活唯美意境图片\" src=\"http://p1.wmpic.me/article/2017/10/19/1508397945_VcqVItbb.jpg\" width=\"510\" height=\"337\" _cke_saved_src=\"http://p1.wmpic.me/article/2017/10/19/1508397945_VcqVItbb.jpg\"/></center><p>　　风吹霜打，心冷如铁，你的磁场让我难以逃脱;孤舟扬帆，不畏艰险，义无反顾奔向你心的港湾;痴情踏遍，深水高山，千紫万红中你是属于我的那片蓝。</p><p><br/></p>            ');
INSERT INTO `y_spider_image_content` VALUES ('32', '', '', '', '  <center><p><img alt=\"温馨高请唯美图片意境美图\" src=\"http://p1.wmpic.me/article/2017/10/19/1508393172_jbVxBlIV.jpg\" width=\"600\" height=\"375\" _cke_saved_src=\"http://p1.wmpic.me/article/2017/10/19/1508393172_jbVxBlIV.jpg\"/></p></center><p>　　别人再好，也是别人。自己再不堪，也是自己，独一无二的自己。只要努力去做最好的自己，一生足矣。为自己的人生负责，为自己的梦想买单。</p><center><img alt=\"温馨高请唯美图片意境美图\" src=\"http://p1.wmpic.me/article/2017/10/19/1508393172_yDBikagF.jpg\" width=\"600\" height=\"375\" _cke_saved_src=\"http://p1.wmpic.me/article/2017/10/19/1508393172_yDBikagF.jpg\"/></center><p>　　有时候，生活只能是后知后觉，但却必须勇往直前。缘分已尽重新开始。</p><center><img alt=\"温馨高请唯美图片意境美图\" src=\"http://p1.wmpic.me/article/2017/10/19/1508393172_mXWPRPwl.jpg\" width=\"600\" height=\"375\" _cke_saved_src=\"http://p1.wmpic.me/article/2017/10/19/1508393172_mXWPRPwl.jpg\"/></center><p>　　去见你想见的人吧，趁阳光正好，趁微风不噪，趁他还在，趁你未老。</p><center><img alt=\"温馨高请唯美图片意境美图\" src=\"http://p1.wmpic.me/article/2017/10/19/1508393172_CpbVsBYW.jpg\" width=\"600\" height=\"375\" _cke_saved_src=\"http://p1.wmpic.me/article/2017/10/19/1508393172_CpbVsBYW.jpg\"/></center><p>　　没有恰到好处的旅程，只有恰如其分的心情。</p><p><br/></p>            ');
INSERT INTO `y_spider_image_content` VALUES ('33', '', '', '', '  <center><p><img alt=\"唯美姐妹花女生qq图片大全\" src=\"http://p1.wmpic.me/article/2017/10/19/1508392776_qhJgMsHn.jpg\" width=\"510\" height=\"338\" _cke_saved_src=\"http://p1.wmpic.me/article/2017/10/19/1508392776_qhJgMsHn.jpg\"/></p></center><p>　　爱像一盏油灯，灯芯烧枯以后，它的火焰也会由微暗而至消失。</p><center><img alt=\"唯美姐妹花女生qq图片大全\" src=\"http://p1.wmpic.me/article/2017/10/19/1508392776_MiTgLaoC.jpg\" width=\"500\" height=\"334\" _cke_saved_src=\"http://p1.wmpic.me/article/2017/10/19/1508392776_MiTgLaoC.jpg\"/></center><p>　　男人往往不喜欢强势的女人，而喜欢娇弱的女子依偎在他们的胸怀前表现出娇弱。</p><center><img alt=\"唯美姐妹花女生qq图片大全\" src=\"http://p1.wmpic.me/article/2017/10/19/1508392776_aenkrCcD.jpg\" width=\"510\" height=\"339\" _cke_saved_src=\"http://p1.wmpic.me/article/2017/10/19/1508392776_aenkrCcD.jpg\"/></center><p>　　能控制自己怒意的人，已经打倒了最大的敌人。</p><center><img alt=\"唯美姐妹花女生qq图片大全\" src=\"http://p1.wmpic.me/article/2017/10/19/1508392776_sJGDPihc.jpg\" width=\"500\" height=\"340\" _cke_saved_src=\"http://p1.wmpic.me/article/2017/10/19/1508392776_sJGDPihc.jpg\"/></center><p>　　人往往经历过不幸福，才知道什么是幸福。就好比遇见过错的人，才知道谁是对的人。</p><center><img alt=\"唯美姐妹花女生qq图片大全\" src=\"http://p1.wmpic.me/article/2017/10/19/1508392776_XWhDljxY.jpg\" width=\"500\" height=\"335\" _cke_saved_src=\"http://p1.wmpic.me/article/2017/10/19/1508392776_XWhDljxY.jpg\"/></center><p>　　若是自己没有尽力，就没有资格批评别人不用心。开口抱怨很容易，但是闭嘴努力的人更加值得尊敬。</p><center><img alt=\"唯美姐妹花女生qq图片大全\" src=\"http://p1.wmpic.me/article/2017/10/19/1508392776_SKddkDeS.jpg\" width=\"500\" height=\"333\" _cke_saved_src=\"http://p1.wmpic.me/article/2017/10/19/1508392776_SKddkDeS.jpg\"/></center><p>　　爱不需要解释，却又可以解释一切。虽然爱情只是众多情感中的一类，但它远比其它来得深刻，来得无奈。三生石上刻下你我名字，希望我们来世再见</p><center><img alt=\"唯美姐妹花女生qq图片大全\" src=\"http://p2.wmpic.me/article/2017/10/19/1508392777_ETqvAtHL.jpg\" width=\"500\" height=\"335\" _cke_saved_src=\"http://p2.wmpic.me/article/2017/10/19/1508392777_ETqvAtHL.jpg\"/></center><p>　　人生的太多的痛苦和不幸，都是因为想要活成“别人那样”，而不是活成“自己这样”。你若和别人攀比，就会变得不自在。</p><p><br/></p>            ');
INSERT INTO `y_spider_image_content` VALUES ('34', '', '', '', '  <center><p><img alt=\"高清唯美意境图片精美图片网\" src=\"http://p2.wmpic.me/article/2017/10/19/1508384803_VgpOpeTo.jpg\" width=\"600\" height=\"600\" _cke_saved_src=\"http://p2.wmpic.me/article/2017/10/19/1508384803_VgpOpeTo.jpg\"/></p></center><p>　　每一个人生的当口，都是会有一个孤独的时刻，四顾无人，只有自己，于是不得不看明白自己—自己的脆弱，自己的欲望，自己的念想，自己的界限，还有，自己真正的梦想。</p><center><img alt=\"高清唯美意境图片精美图片网\" src=\"http://p3.wmpic.me/article/2017/10/19/1508384804_LKLewFfv.jpg\" width=\"600\" height=\"591\" _cke_saved_src=\"http://p3.wmpic.me/article/2017/10/19/1508384804_LKLewFfv.jpg\"/></center><p>　　为了自己想过的生活，勇于放弃一些东西。这个世界没有公正之处，你也永远得不到两全之计。若要自由，就得牺牲安全。若要闲散，就不能获得别人评价中的成就。若要愉悦，就无需计较身边人给予的态度。若要前行，就得离开你现在停留的地方。</p><center><img alt=\"高清唯美意境图片精美图片网\" src=\"http://p3.wmpic.me/article/2017/10/19/1508384804_gDhAYKTA.jpg\" width=\"600\" height=\"605\" _cke_saved_src=\"http://p3.wmpic.me/article/2017/10/19/1508384804_gDhAYKTA.jpg\"/></center><p>　　等到你能自嘲而非嘲笑别人的那一天，你便成熟了;当你觉得保守一个秘密比传播一个秘密更有价值时，你便成熟了。这成熟的特征是你能证明自己生存的价值。成熟意味着不再被自己所欺骗——尽管仍会被别人所欺骗。</p><center><img alt=\"高清唯美意境图片精美图片网\" src=\"http://p3.wmpic.me/article/2017/10/19/1508384804_VhpazsHs.jpg\" width=\"600\" height=\"900\" _cke_saved_src=\"http://p3.wmpic.me/article/2017/10/19/1508384804_VhpazsHs.jpg\"/></center><p>　　不管前方的路有多苦，只要走的方向正确，不管多么崎岖不平，都比站在原地更接近幸福。</p><center><img alt=\"高清唯美意境图片精美图片网\" src=\"http://p3.wmpic.me/article/2017/10/19/1508384804_dwgEsoFQ.jpg\" width=\"600\" height=\"402\" _cke_saved_src=\"http://p3.wmpic.me/article/2017/10/19/1508384804_dwgEsoFQ.jpg\"/></center><p>　　爱情就是一场冒险，赢了，厮守一生;输了，那个比朋友更近的人，连朋友都不是了。</p><center><img alt=\"高清唯美意境图片精美图片网\" src=\"http://p3.wmpic.me/article/2017/10/19/1508384804_FKJxtYod.jpg\" width=\"600\" height=\"600\" _cke_saved_src=\"http://p3.wmpic.me/article/2017/10/19/1508384804_FKJxtYod.jpg\"/></center><p>　　没必要和命运争吵，顺其自然才彼此相安。成功的路径不止一条，不要循规蹈矩，更不要冥顽不化，此路不通，不妨换条路试一试。</p><center><img alt=\"高清唯美意境图片精美图片网\" src=\"http://p3.wmpic.me/article/2017/10/19/1508384804_DdgKSELm.jpg\" width=\"600\" height=\"595\" _cke_saved_src=\"http://p3.wmpic.me/article/2017/10/19/1508384804_DdgKSELm.jpg\"/></center><p>　　爱一个人，总难免赔上眼泪;被一个人爱着，也总会赚到他的眼泪。爱与被爱的时候，谁不曾在孤单漫长的夜晚偷偷饮泣?我们一再问自己，爱是什么啊?为什么要爱上一个让我掉眼泪而不是一个为我擦眼泪的人?他甚至不知道我在流泪。</p><center><img alt=\"高清唯美意境图片精美图片网\" src=\"http://p3.wmpic.me/article/2017/10/19/1508384804_ytIFpTpK.jpg\" width=\"600\" height=\"402\" _cke_saved_src=\"http://p3.wmpic.me/article/2017/10/19/1508384804_ytIFpTpK.jpg\"/></center><p>　　两个人就算他们属相相克，八字不合，星座不配，恋爱指数为零。只要真心相爱，这些都不重要了。</p><center><img alt=\"高清唯美意境图片精美图片网\" src=\"http://p3.wmpic.me/article/2017/10/19/1508384804_SXtKVown.jpg\" width=\"600\" height=\"401\" _cke_saved_src=\"http://p3.wmpic.me/article/2017/10/19/1508384804_SXtKVown.jpg\"/></center><p>　　把快乐寄托在别人身上，总难免会失望。人在某一个限度之外，都无法百分之百的为别人付出。你可以说这是一种自私，但你必须承认，这自私并非恶意。这个世界上谁最可靠?没有别人，只有自己。如果我们自己够坚强、够勇敢、够独立，别人就会对我们好一点。这是一种天赋的公平。</p><center><img alt=\"高清唯美意境图片精美图片网\" src=\"http://p3.wmpic.me/article/2017/10/19/1508384804_OORpRuAT.jpg\" width=\"600\" height=\"396\" _cke_saved_src=\"http://p3.wmpic.me/article/2017/10/19/1508384804_OORpRuAT.jpg\"/></center><p>　　年少时的爱情，就是欢天喜地地认为会与眼前人过一辈子，所以预想以后的种种，一口咬定它会实现。直到很多年后，当我们经历了成长的阵痛，爱情的变故，走过千山万水后，才会幡然醒悟，那么多年的时光只是上天赐予你的一场美梦，为了支撑你此后坚强地走完这冗长的一生。</p><center><img alt=\"高清唯美意境图片精美图片网\" src=\"http://p1.wmpic.me/article/2017/10/19/1508384805_hWAkexyy.jpg\" width=\"600\" height=\"900\" _cke_saved_src=\"http://p1.wmpic.me/article/2017/10/19/1508384805_hWAkexyy.jpg\"/></center><p>　　越爱一个人，越觉得对方柔弱，越会在一些生活小事上瞎担心。虽然你明知道没你的这些年，对方在熟悉的生活方式中也过的很好。</p><p><br/></p>            ');
INSERT INTO `y_spider_image_content` VALUES ('35', '', '', '', '  <center><p><img alt=\"好看流行唯美清新意境图片\" src=\"http://p1.wmpic.me/article/2017/10/17/1508226732_qJeeebEl.jpg\" width=\"500\" height=\"338\" _cke_saved_src=\"http://p1.wmpic.me/article/2017/10/17/1508226732_qJeeebEl.jpg\"/></p></center><p>　　一颗心，能藏多少秘密，想说的太多，却不知从何说起。</p><center><img alt=\"好看流行唯美清新意境图片\" src=\"http://p1.wmpic.me/article/2017/10/17/1508226732_SJHGjHdI.jpg\" width=\"510\" height=\"333\" _cke_saved_src=\"http://p1.wmpic.me/article/2017/10/17/1508226732_SJHGjHdI.jpg\"/></center><p>　　有些东西已经回不去了，当初的感觉已经没有了。</p><center><img alt=\"好看流行唯美清新意境图片\" src=\"http://p1.wmpic.me/article/2017/10/17/1508226732_dVZCOpQl.jpg\" width=\"500\" height=\"335\" _cke_saved_src=\"http://p1.wmpic.me/article/2017/10/17/1508226732_dVZCOpQl.jpg\"/></center><p>　　相遇刻骨，而如你所说，你爱我只是剧情需要。</p><center><img alt=\"好看流行唯美清新意境图片\" src=\"http://p1.wmpic.me/article/2017/10/17/1508226732_mlWWmOzT.jpg\" width=\"500\" height=\"337\" _cke_saved_src=\"http://p1.wmpic.me/article/2017/10/17/1508226732_mlWWmOzT.jpg\"/></center><p>　　生命是一片纯白的空地，孤独的人们反复徘徊。</p><center><img alt=\"好看流行唯美清新意境图片\" src=\"http://p2.wmpic.me/article/2017/10/17/1508226733_lILRdtDo.jpg\" width=\"500\" height=\"338\" _cke_saved_src=\"http://p2.wmpic.me/article/2017/10/17/1508226733_lILRdtDo.jpg\"/></center><p>　　我并不是一个坚强的人，但我知道在该坚强的时候要坚强。</p><p><br/></p>            ');
INSERT INTO `y_spider_image_content` VALUES ('36', '', '', '', '  <center><p><img alt=\"高清最新唯美意境图片大全\" src=\"http://p3.wmpic.me/article/2017/10/17/1508218649_XpSlYUwD.jpg\" width=\"500\" height=\"338\" _cke_saved_src=\"http://p3.wmpic.me/article/2017/10/17/1508218649_XpSlYUwD.jpg\"/></p></center><p>　　分手了，就做回自己。爱情是两个人的事，错过了大家都有责任。一个人总要有个新的开始，别让过去把你栓在悲哀的殿堂。别说你最爱的是谁，人生还很长，谁也无法预知明天。</p><center><img alt=\"高清最新唯美意境图片大全\" src=\"http://p3.wmpic.me/article/2017/10/17/1508218649_akBujkTe.jpg\" width=\"500\" height=\"333\" _cke_saved_src=\"http://p3.wmpic.me/article/2017/10/17/1508218649_akBujkTe.jpg\"/></center><p>　　我们像是表面上的针，不停的转动，一面转，一面看着时间匆匆离去，却无能为力。</p><center><img alt=\"高清最新唯美意境图片大全\" src=\"http://p3.wmpic.me/article/2017/10/17/1508218649_gixLsCKU.jpg\" width=\"510\" height=\"364\" _cke_saved_src=\"http://p3.wmpic.me/article/2017/10/17/1508218649_gixLsCKU.jpg\"/></center><p>　　错过的风景就像打碎的玻璃瓶，无论再怎么努力终究是无法挽回。</p><center><img alt=\"高清最新唯美意境图片大全\" src=\"http://p3.wmpic.me/article/2017/10/17/1508218649_WZVOtWmo.jpg\" width=\"500\" height=\"357\" _cke_saved_src=\"http://p3.wmpic.me/article/2017/10/17/1508218649_WZVOtWmo.jpg\"/></center><p>　　未央，悠思诉不尽，空留红尘曲，若心路无涯，心海无岸，我愿低到尘埃里，一世追随你左右，而你可愿？</p><center><img alt=\"高清最新唯美意境图片大全\" src=\"http://p3.wmpic.me/article/2017/10/17/1508218649_teCNRUox.jpg\" width=\"500\" height=\"333\" _cke_saved_src=\"http://p3.wmpic.me/article/2017/10/17/1508218649_teCNRUox.jpg\"/></center><p>　　曾经的我很快乐，没有想得太多，只知道开心就好，可是现在多了一丝的忧愁。</p><p><br/></p>            ');
INSERT INTO `y_spider_image_content` VALUES ('37', '', '', '', '  <center><p><img alt=\"异国雪景微信背景意境图片精选\" src=\"http://p1.wmpic.me/article/2017/10/16/1508134785_fGIAmjIK.jpg\" width=\"500\" height=\"333\" _cke_saved_src=\"http://p1.wmpic.me/article/2017/10/16/1508134785_fGIAmjIK.jpg\"/></p></center><p>　　她拿着匕首，从背后捅了你一刀，然后放在我手里，惊慌的看着我，跑过去问你疼么。</p><center><img alt=\"异国雪景微信背景意境图片精选\" src=\"http://p2.wmpic.me/article/2017/10/16/1508134786_FOWpDpXq.jpg\" width=\"500\" height=\"333\" _cke_saved_src=\"http://p2.wmpic.me/article/2017/10/16/1508134786_FOWpDpXq.jpg\"/></center><p>　　想你的时候有些幸福，幸福的有些难过。世界上最勇敢的事情，是微笑着听你说你们之间的爱。</p><center><img alt=\"异国雪景微信背景意境图片精选\" src=\"http://p2.wmpic.me/article/2017/10/16/1508134786_FeTgkeuU.jpg\" width=\"500\" height=\"332\" _cke_saved_src=\"http://p2.wmpic.me/article/2017/10/16/1508134786_FeTgkeuU.jpg\"/></center><p>　　教会你最初舞步的人却未必能陪你走到散场。我的满腔热情，终于成功的被你的冷漠完全消磨了。</p><center><img alt=\"异国雪景微信背景意境图片精选\" src=\"http://p2.wmpic.me/article/2017/10/16/1508134786_rYAFNIsN.jpg\" width=\"500\" height=\"322\" _cke_saved_src=\"http://p2.wmpic.me/article/2017/10/16/1508134786_rYAFNIsN.jpg\"/></center><p>　　可能我只是个过客，但你不会遇到第二个我。爱一个你不爱的人就好像抱着一个仙人掌，抱得越紧，你越疼。</p><center><img alt=\"异国雪景微信背景意境图片精选\" src=\"http://p2.wmpic.me/article/2017/10/16/1508134786_TUMmMMjL.jpg\" width=\"500\" height=\"333\" _cke_saved_src=\"http://p2.wmpic.me/article/2017/10/16/1508134786_TUMmMMjL.jpg\"/></center><p>　　最难过不是大吼，而是痛到最深处喘不上气手发抖连泪都得忍着。那种亲密的人突然陌生，希望完全落空的感觉，就好像喝口凉水居然被烫到。</p><p><br/></p>            ');
INSERT INTO `y_spider_image_content` VALUES ('38', '', '', '', '  <center><p><img alt=\"一组很美的唯美意境图片大全\" src=\"http://p2.wmpic.me/article/2017/10/12/1507786471_EwlWyEyg.jpg\" width=\"500\" height=\"347\" _cke_saved_src=\"http://p2.wmpic.me/article/2017/10/12/1507786471_EwlWyEyg.jpg\"/></p></center><p>　　爱情当然是每个人的权力，但它很神圣，绝不可滥用！滥施情感，必然葬送了最纯真、最珍贵的爱情！爱情对于人，就像生命。古人很崇尚“士为知己者死”，但也不能为一时冲动便轻易献身，那样并没用什么价值。“知己”应该是一种很高的精神境界，而且是双方面的、缺一不可的。。。</p><center><img alt=\"一组很美的唯美意境图片大全\" src=\"http://p2.wmpic.me/article/2017/10/12/1507786471_qnTAxAXf.jpg\" width=\"500\" height=\"336\" _cke_saved_src=\"http://p2.wmpic.me/article/2017/10/12/1507786471_qnTAxAXf.jpg\"/></center><p>　　在那庄严的时刻每个人都是平等的、坦诚的，在命运的抉择面前，任何伪装、虚饰和自欺欺人的侥幸心理都变得毫无意义，唯一可以使自己镇定的是真才实学。</p><center><img alt=\"一组很美的唯美意境图片大全\" src=\"http://p2.wmpic.me/article/2017/10/12/1507786471_AoSJsJhi.jpg\" width=\"500\" height=\"332\" _cke_saved_src=\"http://p2.wmpic.me/article/2017/10/12/1507786471_AoSJsJhi.jpg\"/></center><p>　　她夜夜沉醉在梦中。梦把空间缩短了，梦把时间凝固了，梦把世界净化了。梦中没有污秽，没有嘈杂，没有邪恶，梦中没有分离，没有创伤，没有痛苦，梦中只有柔和的月色，只有温馨的爱，梦使她永远年轻，使她不愿醒来。</p><center><img alt=\"一组很美的唯美意境图片大全\" src=\"http://p2.wmpic.me/article/2017/10/12/1507786471_VjUNZQEi.jpg\" width=\"480\" height=\"323\" _cke_saved_src=\"http://p2.wmpic.me/article/2017/10/12/1507786471_VjUNZQEi.jpg\"/></center><p>　　十七八岁少女的心，纯净得像一面镜子，印在上面的影像，将会记一辈子……</p><center><img alt=\"一组很美的唯美意境图片大全\" src=\"http://p2.wmpic.me/article/2017/10/12/1507786471_kmUIzHdz.jpg\" width=\"510\" height=\"340\" _cke_saved_src=\"http://p2.wmpic.me/article/2017/10/12/1507786471_kmUIzHdz.jpg\"/></center><p>　　眼泪这东西，有时能起到极其神奇的作用，能把持有截然不同观点的人稀里糊涂地拢在一起，把迂腐陈旧的意识变得温暖感人，把生机勃勃的新兴幼芽儿在爱抚之中扼杀！</p><center><img alt=\"一组很美的唯美意境图片大全\" src=\"http://p2.wmpic.me/article/2017/10/12/1507786471_YCRtnYIU.jpg\" width=\"510\" height=\"348\" _cke_saved_src=\"http://p2.wmpic.me/article/2017/10/12/1507786471_YCRtnYIU.jpg\"/></center><p>　　欺骗永远只能秘藏在心间，守法、守礼、道貌岸然，它除开利益，什么也看不见，永远为思想铸下铁监。</p><center><img alt=\"一组很美的唯美意境图片大全\" src=\"http://p2.wmpic.me/article/2017/10/12/1507786471_wbtbeIcw.jpg\" width=\"500\" height=\"327\" _cke_saved_src=\"http://p2.wmpic.me/article/2017/10/12/1507786471_wbtbeIcw.jpg\"/></center><p>　　爱情常会对错误视而不见，永远只以幸福和欢乐为念，它任意飞翔，无法无天，打破一切思想上的锁链。</p><center><img alt=\"一组很美的唯美意境图片大全\" src=\"http://p2.wmpic.me/article/2017/10/12/1507786471_XtkBUqoq.jpg\" width=\"500\" height=\"334\" _cke_saved_src=\"http://p2.wmpic.me/article/2017/10/12/1507786471_XtkBUqoq.jpg\"/></center><p>　　我是一个感情泛滥、随处抛洒、随处赐予以换取别人的感激的伪善者吗？你是一个精神世界一贫如洗、仰赖别人感情的施舍的乞丐吗？</p><center><img alt=\"一组很美的唯美意境图片大全\" src=\"http://p3.wmpic.me/article/2017/10/12/1507786472_AoElcEpa.jpg\" width=\"510\" height=\"341\" _cke_saved_src=\"http://p3.wmpic.me/article/2017/10/12/1507786472_AoElcEpa.jpg\"/></center><p>　　让人读了之后深陷绝望。当生活愿意击垮一个人，我是说有那么一个阶段，一切就是没有转机。你同情它怀念它，它已然腐朽，接受你的悼念，而它本身则已经走入了坟墓。</p><p><br/></p>            ');
INSERT INTO `y_spider_image_content` VALUES ('39', '', '', '', '  <center><p><img alt=\"阅读一本书的空间背景意境图片\" src=\"http://p3.wmpic.me/article/2017/10/09/1507532762_oWeXLOYj.jpg\" width=\"550\" height=\"359\" _cke_saved_src=\"http://p3.wmpic.me/article/2017/10/09/1507532762_oWeXLOYj.jpg\"/></p></center><p>　　当初有些事，让我们刻骨铭心，曾经有些人，令我们难以释怀。我们一路走来，告别一段往事，走入下段风景。路在延伸，风景在变幻，人生没有不变永恒。走远了再回头看，很多事已经模糊，很多人已经淡忘，只有很少人与事与我们有关，牵连着我们幸福与快乐，这才是我们真正要珍惜的地方。</p><center><img alt=\"阅读一本书的空间背景意境图片\" src=\"http://p3.wmpic.me/article/2017/10/09/1507532762_MNSzZWzP.jpg\" width=\"550\" height=\"366\" _cke_saved_src=\"http://p3.wmpic.me/article/2017/10/09/1507532762_MNSzZWzP.jpg\"/></center><p>　　那一些听过的曲，看过的书遇见过的人，拥有过的梦想，仿佛一个讲不完的故事，断在了无尽的苍穹下，我不是归人，我只是过客那些刻骨铭心的成长，也终于在空白的瞬间，化作了一声轻叹。</p><center><img alt=\"阅读一本书的空间背景意境图片\" src=\"http://p3.wmpic.me/article/2017/10/09/1507532762_PkOKUgXv.jpg\" width=\"550\" height=\"308\" _cke_saved_src=\"http://p3.wmpic.me/article/2017/10/09/1507532762_PkOKUgXv.jpg\"/></center><p>　　人生，总让人无语。笑的时候，不一定开心，也许是一种无奈;哭的时候，不一定流泪，也许是一种释放;痛的时候，不一定受伤，也许是一种心动。走过一段路，总想看到一道风景，因为已经刻骨铭心。多一点快乐，少一点烦恼，不论富或穷，地位高或低，知识浅或深。</p><center><img alt=\"阅读一本书的空间背景意境图片\" src=\"http://p1.wmpic.me/article/2017/10/09/1507532763_uwiPyKGl.jpg\" width=\"550\" height=\"411\" _cke_saved_src=\"http://p1.wmpic.me/article/2017/10/09/1507532763_uwiPyKGl.jpg\"/></center><p>　　用我的心，去牵你的手。传递我的心声，渴望和你一起跳动。用我的心，去牵你的手。让爱向彼此传播，如春风暖流。用我的心，去牵你的手。我把彼此的期盼和祝福放心头。学会放弃，让彼此都能有个更轻松的开始，遍体鳞伤的爱并不一定就刻骨铭心。</p><center><img alt=\"阅读一本书的空间背景意境图片\" src=\"http://p1.wmpic.me/article/2017/10/09/1507532763_GFWnNQCE.jpg\" width=\"550\" height=\"518\" _cke_saved_src=\"http://p1.wmpic.me/article/2017/10/09/1507532763_GFWnNQCE.jpg\"/></center><p>　　悠悠于心，泛白的记忆，一饮忘情，却又无可温暖于你。霜落无痕，经年只是一梦，华美过后，只有繁华落幕，却又刻骨铭心。失落了完美，走失了自己，那人去楼空，孤影独枕，经年此去……</p><center><img alt=\"阅读一本书的空间背景意境图片\" src=\"http://p1.wmpic.me/article/2017/10/09/1507532763_IYxfgCWf.jpg\" width=\"550\" height=\"550\" _cke_saved_src=\"http://p1.wmpic.me/article/2017/10/09/1507532763_IYxfgCWf.jpg\"/></center><p>　　如果等待可以证明爱情的长度，我会等你一辈子，如果成全才可以证明爱情的深度，我宁愿和你从未相识，将生命放在你的手心里，请把你的心放在我这里。</p><p><br/></p>            ');
INSERT INTO `y_spider_image_content` VALUES ('40', '', '', '', '  <center><p><img alt=\"高清唯美小清新意境图片大全\" src=\"http://p3.wmpic.me/article/2017/10/09/1507531391_MyvrKdrJ.jpg\" width=\"510\" height=\"340\" _cke_saved_src=\"http://p3.wmpic.me/article/2017/10/09/1507531391_MyvrKdrJ.jpg\"/></p></center><p>　　可以相信爱情，乐意听男人的甜言蜜语。但是务必保证一只耳朵进另一只耳朵出，切莫把这些毒药放在心里。认真游戏，但必须牢记只能游戏。优秀的男人固然值得珍惜，如果是挂上已婚的标签，记住这不是你能消费的起的，看看，然后不带一丝眷恋的离开。</p><center><img alt=\"高清唯美小清新意境图片大全\" src=\"http://p3.wmpic.me/article/2017/10/09/1507531391_xsYRMhAe.jpg\" width=\"500\" height=\"280\" _cke_saved_src=\"http://p3.wmpic.me/article/2017/10/09/1507531391_xsYRMhAe.jpg\"/></center><p>　　岁月流转，流年偷换，青春离我们渐行渐远。伴着我的痴情一片，去触摸爱的标签，辗转在你的温柔里是我无尽的爱恋。愿你笑眼弯弯！</p><center><img alt=\"高清唯美小清新意境图片大全\" src=\"http://p3.wmpic.me/article/2017/10/09/1507531391_XigKovOL.jpg\" width=\"500\" height=\"333\" _cke_saved_src=\"http://p3.wmpic.me/article/2017/10/09/1507531391_XigKovOL.jpg\"/></center><p>　　想念被沉默取代，那发霉后的高傲，定格了诺言，懂了别人，委屈了自己，如果爱情即将出去旅行，挥手是最后的对白。那不断更新的签名，不是想让别人了解自己，是想记住幸福的可能……</p><center><img alt=\"高清唯美小清新意境图片大全\" src=\"http://p3.wmpic.me/article/2017/10/09/1507531391_YUYlGOLF.jpg\" width=\"500\" height=\"338\" _cke_saved_src=\"http://p3.wmpic.me/article/2017/10/09/1507531391_YUYlGOLF.jpg\"/></center><p>　　他们恋爱三年后分手。从那以后他的签名从未更改：我的梦想那么大，我却离得那么远。她问他，你的梦想究竟是什么。他微笑：以我之姓，冠你之名。这就是爱情，我们的爱情。</p><center><img alt=\"高清唯美小清新意境图片大全\" src=\"http://p3.wmpic.me/article/2017/10/09/1507531391_ZNqlCnsd.jpg\" width=\"510\" height=\"326\" _cke_saved_src=\"http://p3.wmpic.me/article/2017/10/09/1507531391_ZNqlCnsd.jpg\"/></center><p>　　有多少人，不停地更换着签名，其实只是想让某一个人有所感触？</p><p><br/></p>            ');
INSERT INTO `y_spider_image_content` VALUES ('41', '', '', '', '  <center><img alt=\"最新小清新空间唯美意境图片\" src=\"http://p3.wmpic.me/article/2017/10/07/1507356605_XHsqowYb.jpg\" width=\"500\" height=\"331\" _cke_saved_src=\"http://p3.wmpic.me/article/2017/10/07/1507356605_XHsqowYb.jpg\"/></center><p>　　缘分不是擦肩而过，而是彼此拥抱。你踮起脚尖，彼此的心就会贴得更近。生活总不完美，总有辛酸的泪，总有失足的悔，总有幽深的怨，总有抱憾的恨。生活亦很完美，总让我们泪中带笑，悔中顿悟，怨中藏喜，恨中生爱。</p><center><p><img alt=\"最新小清新空间唯美意境图片\" src=\"http://p3.wmpic.me/article/2017/10/07/1507356605_nRbwYmkS.jpg\" width=\"500\" height=\"295\" _cke_saved_src=\"http://p3.wmpic.me/article/2017/10/07/1507356605_nRbwYmkS.jpg\"/></p></center><p>　　世界没有任何变化，只是彼此不再是彼此的牵挂。等不到天黑，烟花不会太完美，回忆烧成灰，还是没有结尾……她静悄悄地来过，他慢慢带走沉默。最后彼此的承诺，消逝在空中楼阁。做错了也不后悔，跌倒了就重新爬起来，要记住：学会坚强，学会自信，永远做生活的强者。</p><center><img alt=\"最新小清新空间唯美意境图片\" src=\"http://p3.wmpic.me/article/2017/10/07/1507356605_weceBKye.jpg\" width=\"500\" height=\"332\" _cke_saved_src=\"http://p3.wmpic.me/article/2017/10/07/1507356605_weceBKye.jpg\"/></center><p>　　我们该对自己恋慕的对方保持距离。岁月会告诉你，两个人天天黏在一起的爱情，终究会经受不起如此的激情过盛。像一块巧克力，热度太高便会融化。爱情，终究还是常温的好，静默相守，天长地久。</p><center><img alt=\"最新小清新空间唯美意境图片\" src=\"http://p3.wmpic.me/article/2017/10/07/1507356605_bfIhgnYq.jpg\" width=\"500\" height=\"337\" _cke_saved_src=\"http://p3.wmpic.me/article/2017/10/07/1507356605_bfIhgnYq.jpg\"/></center><p>　　爱情，总能让一个人欢天喜地的作茧自缚。甚至开始不能了解，为一个人义无反顾甘之如饴的心情。我永远不会明白，那一腔孤勇从何而来。正如我永远不能了解，幸福到底是爱还是不爱。</p><center><img alt=\"最新小清新空间唯美意境图片\" src=\"http://p3.wmpic.me/article/2017/10/07/1507356605_fonFKYmd.jpg\" width=\"500\" height=\"333\" _cke_saved_src=\"http://p3.wmpic.me/article/2017/10/07/1507356605_fonFKYmd.jpg\"/></center><p>　　彼此相互认识，相互了解，相互走近，实在是缘份。在人来人往，聚散分离的人生旅途中，在各自不同的生命轨迹上，在不同经历的心海中，能够彼此相遇、相聚、相逢，可以说是一种幸运，缘份不是时刻都会有的，应该珍惜得来不易的缘。</p><center><img alt=\"最新小清新空间唯美意境图片\" src=\"http://p3.wmpic.me/article/2017/10/07/1507356605_cVGmBvpA.jpg\" width=\"500\" height=\"334\" _cke_saved_src=\"http://p3.wmpic.me/article/2017/10/07/1507356605_cVGmBvpA.jpg\"/></center><p>　　不是眼泪就可以挽回失去，所以不要轻易流下眼泪。不是伤心就一定要哭泣，所以不要那么吝啬你的笑容。不是你认为可以给予就给予，所以不要那么轻易许下承诺。不是你做的不够好，所以不要悲悯的以为自己一事无成。记住，不是只有你一个人在努力，所以不要轻易的就放弃。</p><center><img alt=\"最新小清新空间唯美意境图片\" src=\"http://p3.wmpic.me/article/2017/10/07/1507356605_WDMNaTqw.jpg\" width=\"500\" height=\"334\" _cke_saved_src=\"http://p3.wmpic.me/article/2017/10/07/1507356605_WDMNaTqw.jpg\"/></center><p>　　心中的爱和思念，都只是属于自己曾经拥有过的纪念。我想，有些事情是可以遗忘的，有些事情是可以纪念的，有些事情能够心甘情愿，有些事情一直无能为力。如果爱你是我的劫难，我却开始向往飞蛾，扑向烈焰。</p><center><img alt=\"最新小清新空间唯美意境图片\" src=\"http://p3.wmpic.me/article/2017/10/07/1507356605_wvRqYNDr.jpg\" width=\"500\" height=\"337\" _cke_saved_src=\"http://p3.wmpic.me/article/2017/10/07/1507356605_wvRqYNDr.jpg\"/></center><p>　　为何那么多曾让人羡慕的爱情最后无疾而终，而那些从来就没人在意的爱情，却可以如此简单的相爱，开花结果。其实，一只愿意握紧你的手，一颗把你放进生命里的心，这便够了。</p><p><br/></p>            ');
INSERT INTO `y_spider_image_content` VALUES ('42', '', '', '', '  <center><img alt=\"高清沙滩岸边风景意境图片大全\" src=\"http://p3.wmpic.me/article/2017/10/07/1507351889_XshHnZpk.jpg\" width=\"550\" height=\"309\" _cke_saved_src=\"http://p3.wmpic.me/article/2017/10/07/1507351889_XshHnZpk.jpg\"/></center><p>　　你是我生命的力量，你是我身体的盾锁，你是我肌肤的清泉，你是我肢体的命脉，你是我五官的光彩，总之你就是我的全部，离开你我就支离破碎!</p><center><p><img alt=\"高清沙滩岸边风景意境图片大全\" src=\"http://p1.wmpic.me/article/2017/10/07/1507351890_kTEpkRmJ.jpg\" width=\"550\" height=\"369\" _cke_saved_src=\"http://p1.wmpic.me/article/2017/10/07/1507351890_kTEpkRmJ.jpg\"/></p></center><p>　　风吹霜打，心冷如铁，你的磁场让我难以逃脱;孤舟扬帆，不畏艰险，义无反顾奔向你心的港湾;痴情踏遍，深水高山，千紫万红中你是属于我的那片蓝。</p><center><img alt=\"高清沙滩岸边风景意境图片大全\" src=\"http://p1.wmpic.me/article/2017/10/07/1507351890_UlmWqyZE.jpg\" width=\"550\" height=\"366\" _cke_saved_src=\"http://p1.wmpic.me/article/2017/10/07/1507351890_UlmWqyZE.jpg\"/></center><p>　　只要心相系，天涯也咫尺。记忆像掌心的水，无论你张开还是攥紧，总有一天从指缝间流尽。我很开心可以陪你一起成长!亲爱的朋友，祝你永远都开心。</p><center><img alt=\"高清沙滩岸边风景意境图片大全\" src=\"http://p1.wmpic.me/article/2017/10/07/1507351890_pfNZUkRr.jpg\" width=\"550\" height=\"309\" _cke_saved_src=\"http://p1.wmpic.me/article/2017/10/07/1507351890_pfNZUkRr.jpg\"/></center><p>　　遇到你，是我心动的开始;爱上你，是我幸福的选择;拥有你，是我最珍贵的财富。踏入红毯，是我永恒的动力。最爱的人是你，遗憾的是我传错人了。</p><center><img alt=\"高清沙滩岸边风景意境图片大全\" src=\"http://p1.wmpic.me/article/2017/10/07/1507351890_uNgOHrzT.jpg\" width=\"550\" height=\"343\" _cke_saved_src=\"http://p1.wmpic.me/article/2017/10/07/1507351890_uNgOHrzT.jpg\"/></center><p>　　幸福更简单的来说，就像一杯白开水，平平淡淡却又必不可少。生活毕竟不是舞台戏剧，不可能有太多惊心动魄或精彩绝伦的故事上演，平淡才是生活的主色调。不要妄想成为世界名人，平平淡淡才是真。</p><center><img alt=\"高清沙滩岸边风景意境图片大全\" src=\"http://p1.wmpic.me/article/2017/10/07/1507351890_VPrphsae.jpg\" width=\"550\" height=\"366\" _cke_saved_src=\"http://p1.wmpic.me/article/2017/10/07/1507351890_VPrphsae.jpg\"/></center><p>　　对你的思念就像春天百花园里的花朵，对你的爱就像一件漂亮的衣服，少一点都不完美，让我的思念陪你度过，让我的爱伴你一辈子。</p><p><br/></p>            ');
INSERT INTO `y_spider_image_content` VALUES ('43', '', '', '', '  <center><img alt=\"小清新微信背景唯美意境图片\" src=\"http://p3.wmpic.me/article/2017/10/06/1507268729_oBnVXZTG.jpg\" width=\"500\" height=\"334\" _cke_saved_src=\"http://p3.wmpic.me/article/2017/10/06/1507268729_oBnVXZTG.jpg\"/></center><p>　　思绪在夜里挣脱，纪念曾相爱过，只怪时间犯了最美丽错…­</p><center><p><img alt=\"小清新微信背景唯美意境图片\" src=\"http://p3.wmpic.me/article/2017/10/06/1507268729_jTAOACjS.jpg\" width=\"500\" height=\"333\" _cke_saved_src=\"http://p3.wmpic.me/article/2017/10/06/1507268729_jTAOACjS.jpg\"/></p></center><p>　　别离，离我们不再遥远，现在总是美好，终将成为过去，匮乏太多…­</p><center><img alt=\"小清新微信背景唯美意境图片\" src=\"http://p3.wmpic.me/article/2017/10/06/1507268729_GDlEtjMS.jpg\" width=\"500\" height=\"334\" _cke_saved_src=\"http://p3.wmpic.me/article/2017/10/06/1507268729_GDlEtjMS.jpg\"/></center><p>　　殉花出于自傲而恶此生，残叶出于不甘而心存负…­</p><center><img alt=\"小清新微信背景唯美意境图片\" src=\"http://p3.wmpic.me/article/2017/10/06/1507268729_TIEKGnav.jpg\" width=\"500\" height=\"333\" _cke_saved_src=\"http://p3.wmpic.me/article/2017/10/06/1507268729_TIEKGnav.jpg\"/></center><p>　　一点点的积淀，无需多想，自然而言就会慢慢的达到一定的高度，水到渠成。</p><center><img alt=\"小清新微信背景唯美意境图片\" src=\"http://p3.wmpic.me/article/2017/10/06/1507268729_UTyZsLrS.jpg\" width=\"500\" height=\"413\" _cke_saved_src=\"http://p3.wmpic.me/article/2017/10/06/1507268729_UTyZsLrS.jpg\"/></center><p>　　我相信，总会有不期而遇的温暖，和生生不息的希望，在不经意间出现在我的生命里。</p><p><br/></p>            ');
INSERT INTO `y_spider_image_content` VALUES ('44', 'upload/spider/201711/b69d192fa8e.jpg', 'upload/spider/201711/small_b69d192fa8e.jpg', '', '  <p><a href=\"/91029/59cded004b78b_11\"><img src=\"http://p1.wmpic.me/article/2017/09/29/1506667776_NZYcidSn.jpg\" alt=\"简约单人卧室清新空间意境图片\"/></a><a href=\"/91029/59cded006a953_85\"><img src=\"http://p1.wmpic.me/article/2017/09/29/1506667776_aHYMtbJn.jpg\" alt=\"简约单人卧室清新空间意境图片\"/></a><a href=\"/91029/59cded0070e92_76\"><img src=\"http://p1.wmpic.me/article/2017/09/29/1506667776_FrPTjEEY.jpg\" alt=\"简约单人卧室清新空间意境图片\"/></a><a href=\"/91029/59cded0078650_36\"><img src=\"http://p1.wmpic.me/article/2017/09/29/1506667776_zozdRfcj.jpg\" alt=\"简约单人卧室清新空间意境图片\"/></a><a href=\"/91029/59cded007f252_90\"><img src=\"http://p1.wmpic.me/article/2017/09/29/1506667776_iqyJTpne.jpg\" alt=\"简约单人卧室清新空间意境图片\"/></a><a href=\"/91029/59cded00862bf_49\"><img src=\"http://p1.wmpic.me/article/2017/09/29/1506667776_vWoBpehF.jpg\" alt=\"简约单人卧室清新空间意境图片\"/></a><a href=\"/91029/59cded008c8fd_73\"><img src=\"http://p1.wmpic.me/article/2017/09/29/1506667776_jLVasjQt.jpg\" alt=\"简约单人卧室清新空间意境图片\"/></a></p>            ');
INSERT INTO `y_spider_image_content` VALUES ('45', '', '', '', '  <center><p><img alt=\"伤感背影美女唯美意境图片\" src=\"http://p2.wmpic.me/article/2017/09/28/1506578392_dSrrMfGG.jpg\" width=\"500\" height=\"333\" _cke_saved_src=\"http://p2.wmpic.me/article/2017/09/28/1506578392_dSrrMfGG.jpg\"/></p></center><p>　　我于是开始对死亡充满恐惧。开灯与关灯的一瞬，我总是觉得，人也是如这光亮的。一触便生，一触又消散。在肉体的内部大概存在着这样的开关，或者，真的有那么一本生死簿，把一切都已安排。童年的我，洞张着一双眼睛，惊讶万分于这猝然的了解和发现。</p><center><img alt=\"伤感背影美女唯美意境图片\" src=\"http://p2.wmpic.me/article/2017/09/28/1506578392_fuWOnTRp.jpg\" width=\"500\" height=\"528\" _cke_saved_src=\"http://p2.wmpic.me/article/2017/09/28/1506578392_fuWOnTRp.jpg\"/></center><p>　　你也会爱上一个人付出很多很多，你也会守着秘密不肯告诉我，在一个夜晚依着我的肩，泪水止不住的流了一整夜。</p><center><img alt=\"伤感背影美女唯美意境图片\" src=\"http://p3.wmpic.me/article/2017/09/28/1506578393_rDmhOJvz.jpg\" width=\"468\" height=\"693\" _cke_saved_src=\"http://p3.wmpic.me/article/2017/09/28/1506578393_rDmhOJvz.jpg\"/></center><p>　　现在的我们在生活的脸上擦着胭脂，它不堪的微笑，那模样与我们期望，差之千里。</p><center><img alt=\"伤感背影美女唯美意境图片\" src=\"http://p3.wmpic.me/article/2017/09/28/1506578393_WerkePND.jpg\" width=\"468\" height=\"702\" _cke_saved_src=\"http://p3.wmpic.me/article/2017/09/28/1506578393_WerkePND.jpg\"/></center><p>　　我仿佛被时光燃烧掉，如一卷诗稿，扬起漫天灰烬，却持握不住片刻的停留。</p><center><img alt=\"伤感背影美女唯美意境图片\" src=\"http://p3.wmpic.me/article/2017/09/28/1506578393_VDNvTKXJ.jpg\" width=\"468\" height=\"702\" _cke_saved_src=\"http://p3.wmpic.me/article/2017/09/28/1506578393_VDNvTKXJ.jpg\"/></center><p>　　生命中，我们都接到不同的剧本。有的平淡，有的浓烈，有的是笑，有的是泪。不管怎样，我总要演好，直至落幕。</p><center><img alt=\"伤感背影美女唯美意境图片\" src=\"http://p3.wmpic.me/article/2017/09/28/1506578393_nPxwMLbS.jpg\" width=\"510\" height=\"339\" _cke_saved_src=\"http://p3.wmpic.me/article/2017/09/28/1506578393_nPxwMLbS.jpg\"/></center><p>　　我爱，于是，我贪得无厌，于是，我容不得任何的疏忽和瑕疵。我总是爱得自私而贪婪。</p><center><img alt=\"伤感背影美女唯美意境图片\" src=\"http://p3.wmpic.me/article/2017/09/28/1506578393_UKDCPIMX.jpg\" width=\"500\" height=\"333\" _cke_saved_src=\"http://p3.wmpic.me/article/2017/09/28/1506578393_UKDCPIMX.jpg\"/></center><p>　　年少时的爱情，就是欢天喜地的认为会与眼前人过一辈子，所以预想以后的种种，一口咬定它会实现。或许直到很多年后，当我们经历了成长的阵痛，爱情的变故，走过千山万水后，才会幡然醒悟，那么多年的时光只是上天赐予我们的一场美梦，为了支撑此后坚强地走完这冗长的一生。</p><p><br/></p>            ');
INSERT INTO `y_spider_image_content` VALUES ('46', '', '', '', '  <center><p><img alt=\"最新唯美威信背景意境图片大全\" src=\"http://p3.wmpic.me/article/2017/09/28/1506576980_zJBUhqEN.jpg\" width=\"510\" height=\"382\" _cke_saved_src=\"http://p3.wmpic.me/article/2017/09/28/1506576980_zJBUhqEN.jpg\"/></p></center><p>　　只是，在阴间的最深处，忘川河旁，幽幽灯笼高挂红楼。陈旧的古筝磊在窗台上，再无人奏乐。一具白森森的枯骨握着毛笔，倚栏而坐，独自画着红衣美人皮。</p><center><img alt=\"最新唯美威信背景意境图片大全\" src=\"http://p3.wmpic.me/article/2017/09/28/1506576980_OPaHeLgR.jpg\" width=\"500\" height=\"338\" _cke_saved_src=\"http://p3.wmpic.me/article/2017/09/28/1506576980_OPaHeLgR.jpg\"/></center><p>　　从长远看，假话最终赢不了真话。但假话会暂时混淆了视听，迷乱了判断，颠倒了是非，错辨了忠奸，影响了进退。到最后，即使真话赢了，但赢得太苦，或已遍体鳞伤。</p><center><img alt=\"最新唯美威信背景意境图片大全\" src=\"http://p3.wmpic.me/article/2017/09/28/1506576980_OUAIQbAG.jpg\" width=\"500\" height=\"333\" _cke_saved_src=\"http://p3.wmpic.me/article/2017/09/28/1506576980_OUAIQbAG.jpg\"/></center><p>　　这世界在他眼里，是一个荒诞的马戏团，有人戴着小丑面具，有人戴着超人面具。所有人都以为，他和方潜，一个是演出时的闪亮主角，一个是不肯上场的逃兵。</p><center><img alt=\"最新唯美威信背景意境图片大全\" src=\"http://p3.wmpic.me/article/2017/09/28/1506576980_rLiLIUyU.jpg\" width=\"500\" height=\"331\" _cke_saved_src=\"http://p3.wmpic.me/article/2017/09/28/1506576980_rLiLIUyU.jpg\"/></center><p>　　那些黑夜里未闭的眼睛，仿佛不肯安份的笙歌，哼唱着无知者的欢笑，也哼唱着无知者的哭泣。</p><center><img alt=\"最新唯美威信背景意境图片大全\" src=\"http://p3.wmpic.me/article/2017/09/28/1506576980_iPbidGkR.jpg\" width=\"500\" height=\"353\" _cke_saved_src=\"http://p3.wmpic.me/article/2017/09/28/1506576980_iPbidGkR.jpg\"/></center><p>　　我从一开始就知道了，我们之间的距离就像故事的开头和结尾，就像一个海角，一个天涯。</p><center><img alt=\"最新唯美威信背景意境图片大全\" src=\"http://p3.wmpic.me/article/2017/09/28/1506576980_udtMIAso.jpg\" width=\"500\" height=\"335\" _cke_saved_src=\"http://p3.wmpic.me/article/2017/09/28/1506576980_udtMIAso.jpg\"/></center><p>　　喜欢一个人，喜欢到几乎看不见希望的时候，只能靠着一些自己给予自己的暗示，来证明自己还在继续坚持着。</p><center><img alt=\"最新唯美威信背景意境图片大全\" src=\"http://p3.wmpic.me/article/2017/09/28/1506576980_XPqxewRC.jpg\" width=\"510\" height=\"337\" _cke_saved_src=\"http://p3.wmpic.me/article/2017/09/28/1506576980_XPqxewRC.jpg\"/></center><p>　　爱情里其实是允许你爱的那个人，给了你嚣张的权利，如若他不许，就连埋怨也不敢轻易。</p><p><br/></p>            ');
INSERT INTO `y_spider_image_content` VALUES ('47', '', '', '', '  <center><p><img alt=\"小清新微信背景意境图片大全\" src=\"http://p2.wmpic.me/article/2017/09/27/1506492004_tcZwxBsd.jpg\" width=\"500\" height=\"326\" _cke_saved_src=\"http://p2.wmpic.me/article/2017/09/27/1506492004_tcZwxBsd.jpg\"/></p></center><p>　　爱情有时流畅，有时需要努力，有时收获美好，有时令人感到空虚。正确认识和处理爱情关系的周期性循环，能够帮助我们持久地享受爱情。</p><center><img alt=\"小清新微信背景意境图片大全\" src=\"http://p2.wmpic.me/article/2017/09/27/1506492004_OhZXFwQf.jpg\" width=\"500\" height=\"333\" _cke_saved_src=\"http://p2.wmpic.me/article/2017/09/27/1506492004_OhZXFwQf.jpg\"/></center><p>　　一见钟情永远和外貌有关，日久生情永远和习惯有关。越缓慢的爱上一个人，就爱的越长久。爱情可以有一瞬间，但真情却需时间浇灌。</p><center><img alt=\"小清新微信背景意境图片大全\" src=\"http://p2.wmpic.me/article/2017/09/27/1506492004_FzrkxXQu.jpg\" width=\"500\" height=\"334\" _cke_saved_src=\"http://p2.wmpic.me/article/2017/09/27/1506492004_FzrkxXQu.jpg\"/></center><p>　　若是纠缠不清，累的是自己，若是留恋不放，苦的是自己。回不来的是曾经，换来的只能是同情。爱过了不后悔，爱走了不强求。</p><center><img alt=\"小清新微信背景意境图片大全\" src=\"http://p2.wmpic.me/article/2017/09/27/1506492004_TOcgXKhH.jpg\" width=\"500\" height=\"330\" _cke_saved_src=\"http://p2.wmpic.me/article/2017/09/27/1506492004_TOcgXKhH.jpg\"/></center><p>　　最好的爱情，不是大起大落、大喜大悲，而是一杯温水，不随外界变幻而更改，不因岁月迁徙而转移，给你的是永恒的温暖。</p><center><img alt=\"小清新微信背景意境图片大全\" src=\"http://p2.wmpic.me/article/2017/09/27/1506492004_mQSqeDtd.jpg\" width=\"500\" height=\"352\" _cke_saved_src=\"http://p2.wmpic.me/article/2017/09/27/1506492004_mQSqeDtd.jpg\"/></center><p>　　爱，不怕等，只怕无视，情，不怕远，只怕敷衍。真爱的心，再长的路，也是咫尺，虚假的人，再近的距离，也是天涯。</p><p><br/></p>            ');
INSERT INTO `y_spider_image_content` VALUES ('48', '', '', '', '  <center><p><img alt=\"食品工作室清新装修意境美图大全\" src=\"http://p1.wmpic.me/article/2017/09/26/1506406992_tqHMYKCx.jpg\" width=\"550\" height=\"360\" _cke_saved_src=\"http://p1.wmpic.me/article/2017/09/26/1506406992_tqHMYKCx.jpg\"/></p></center><p>　　真相是可笑的东西。人们想看真相，可真相只有出自他们知道名字的那些人之口，他们才想看。</p><center><p><img alt=\"食品工作室清新装修意境美图大全\" src=\"http://p1.wmpic.me/article/2017/09/26/1506406992_lDzTNblI.jpg\" width=\"550\" height=\"364\" _cke_saved_src=\"http://p1.wmpic.me/article/2017/09/26/1506406992_lDzTNblI.jpg\"/></p></center><p>　　今天我没时间给你写封短信，所以我还是给你写封长的吧。</p><center><img alt=\"食品工作室清新装修意境美图大全\" src=\"http://p1.wmpic.me/article/2017/09/26/1506406992_iozsByhq.jpg\" width=\"550\" height=\"359\" _cke_saved_src=\"http://p1.wmpic.me/article/2017/09/26/1506406992_iozsByhq.jpg\"/></center><p>　　夜晚来了，夜色在他们脚下铺开，在等着他们，它长的不可思议，昭示着他们的美好前途。</p><center><img alt=\"食品工作室清新装修意境美图大全\" src=\"http://p1.wmpic.me/article/2017/09/26/1506406992_pFBMGBDx.jpg\" width=\"550\" height=\"371\" _cke_saved_src=\"http://p1.wmpic.me/article/2017/09/26/1506406992_pFBMGBDx.jpg\"/></center><p>　　重要的是，我们要记住交朋友是这个世界上最自然的事情，你可以交到所有你想交的朋友，只是时间问题而已。</p><center><img alt=\"食品工作室清新装修意境美图大全\" src=\"http://p1.wmpic.me/article/2017/09/26/1506406992_ZqtSKXLs.jpg\" width=\"550\" height=\"357\" _cke_saved_src=\"http://p1.wmpic.me/article/2017/09/26/1506406992_ZqtSKXLs.jpg\"/></center><p>　　正直是多么难得，又是多么容易伪装，正直是人的一生唯一值得的奋斗目标。他说什么并不重要，重要的是，他脸上饱受内心折磨的神色惊人地熟悉，那就是他自己的脸，猪油佬普拉特，向别人展示着他的一生：困惑、脆弱、极度依赖，尽力微笑，那表情仿佛在说请别抛下我。</p><center><img alt=\"食品工作室清新装修意境美图大全\" src=\"http://p1.wmpic.me/article/2017/09/26/1506406992_ngskvCiW.jpg\" width=\"550\" height=\"309\" _cke_saved_src=\"http://p1.wmpic.me/article/2017/09/26/1506406992_ngskvCiW.jpg\"/></center><p>　　有些时间人们正常工作，也有些时间是虚度的，它悄悄流逝，离生活——真正的生活——似乎只有一步之遥。</p><p><br/></p>            ');
INSERT INTO `y_spider_image_content` VALUES ('49', '', '', '', '  <center><p><img alt=\"老城区的街景清新意境图片大全\" src=\"http://p3.wmpic.me/article/2017/09/26/1506404921_hpnnMNHh.jpg\" width=\"510\" height=\"341\" _cke_saved_src=\"http://p3.wmpic.me/article/2017/09/26/1506404921_hpnnMNHh.jpg\"/></p></center><p>　　人们呐，不可动摇的是心中的信仰，各自为着神圣的信仰而献身，走向生命的归宿。</p><center><img alt=\"老城区的街景清新意境图片大全\" src=\"http://p3.wmpic.me/article/2017/09/26/1506404921_tUcMLNkX.jpg\" width=\"510\" height=\"340\" _cke_saved_src=\"http://p3.wmpic.me/article/2017/09/26/1506404921_tUcMLNkX.jpg\"/></center><p>　　满怀希望的人往往易于冲动，一旦失望了，反而倒冷静了。</p><center><img alt=\"老城区的街景清新意境图片大全\" src=\"http://p3.wmpic.me/article/2017/09/26/1506404921_bUZtOVSU.jpg\" width=\"510\" height=\"330\" _cke_saved_src=\"http://p3.wmpic.me/article/2017/09/26/1506404921_bUZtOVSU.jpg\"/></center><p>　　人是需要理想、需要幻想的，需要美，以美的意境、美的情操来陶冶自己。</p><center><img alt=\"老城区的街景清新意境图片大全\" src=\"http://p3.wmpic.me/article/2017/09/26/1506404921_tdvEfIbw.jpg\" width=\"510\" height=\"338\" _cke_saved_src=\"http://p3.wmpic.me/article/2017/09/26/1506404921_tdvEfIbw.jpg\"/></center><p>　　我觉得人生在世，应该做那样的人，即使一生中全是悲剧，悲剧，也是幸运的，因为他毕竟完成了并非人人都能完成的对自己的心灵冶炼的过程，他毕竟经历并非人人都能经历的高洁、纯净的意境。</p><center><img alt=\"老城区的街景清新意境图片大全\" src=\"http://p3.wmpic.me/article/2017/09/26/1506404921_lhrjonde.jpg\" width=\"510\" height=\"337\" _cke_saved_src=\"http://p3.wmpic.me/article/2017/09/26/1506404921_lhrjonde.jpg\"/></center><p>　　我只知道战争是残酷的，以为战争的苦难可以使人和人的感情更加靠近，却不知道比战争残酷的是人！感情在哪儿？人性在哪儿？</p><center><img alt=\"老城区的街景清新意境图片大全\" src=\"http://p3.wmpic.me/article/2017/09/26/1506404921_uhDDeMBa.jpg\" width=\"510\" height=\"340\" _cke_saved_src=\"http://p3.wmpic.me/article/2017/09/26/1506404921_uhDDeMBa.jpg\"/></center><p>　　如果商品不能在你手里创造出更大的价值，那它就等于没有价值。</p><center><img alt=\"老城区的街景清新意境图片大全\" src=\"http://p3.wmpic.me/article/2017/09/26/1506404921_codzWXcb.jpg\" width=\"510\" height=\"340\" _cke_saved_src=\"http://p3.wmpic.me/article/2017/09/26/1506404921_codzWXcb.jpg\"/></center><p>　　人生的意义，自知、目信、自强，最大限度地无买目己，让生命之火在不懈的追求中点燃，在烛天光焰中获得永生。</p><p><br/></p>            ');
INSERT INTO `y_spider_image_content` VALUES ('50', 'upload/spider/201711/7df8deffa9b.jpg', 'upload/spider/201711/small_7df8deffa9b.jpg', '', '  <p><a href=\"/90828/59c8af6b46884_37\"><img src=\"http://p2.wmpic.me/article/2017/09/25/1506324331_DOgDFVLe.jpg\" alt=\"高清唯美清新微信背景意境图片\"/></a><a href=\"/90828/59c8af6b71e23_40\"><img src=\"http://p2.wmpic.me/article/2017/09/25/1506324331_ohnDwBba.jpg\" alt=\"高清唯美清新微信背景意境图片\"/></a><a href=\"/90828/59c8af6b78eb1_16\"><img src=\"http://p2.wmpic.me/article/2017/09/25/1506324331_eLIEWHhN.jpg\" alt=\"高清唯美清新微信背景意境图片\"/></a><a href=\"/90828/59c8af6b80b97_29\"><img src=\"http://p2.wmpic.me/article/2017/09/25/1506324331_oVczRnFX.jpg\" alt=\"高清唯美清新微信背景意境图片\"/></a><a href=\"/90828/59c8af6b888a5_16\"><img src=\"http://p2.wmpic.me/article/2017/09/25/1506324331_xvBnOCFn.jpg\" alt=\"高清唯美清新微信背景意境图片\"/></a><a href=\"/90828/59c8af6b90381_63\"><img src=\"http://p2.wmpic.me/article/2017/09/25/1506324331_wslxVwRZ.jpg\" alt=\"高清唯美清新微信背景意境图片\"/></a><a href=\"/90828/59c8af6b98015_62\"><img src=\"http://p2.wmpic.me/article/2017/09/25/1506324331_OXHoaYOY.jpg\" alt=\"高清唯美清新微信背景意境图片\"/></a></p>            ');
INSERT INTO `y_spider_image_content` VALUES ('51', '', '', '', '  <center><p><img alt=\"唯美微信背景意境图片大全\" src=\"http://p2.wmpic.me/article/2017/09/23/1506144688_LCkzwwsw.jpg\" width=\"500\" height=\"333\" _cke_saved_src=\"http://p2.wmpic.me/article/2017/09/23/1506144688_LCkzwwsw.jpg\"/></p></center><p>　　最糟糕的感觉，莫过于不知道应该等待还是放弃。</p><center><img alt=\"唯美微信背景意境图片大全\" src=\"http://p2.wmpic.me/article/2017/09/23/1506144688_tENKYVLO.jpg\" width=\"500\" height=\"317\" _cke_saved_src=\"http://p2.wmpic.me/article/2017/09/23/1506144688_tENKYVLO.jpg\"/></center><p>　　有些事过去便是过去了，有些人错过了就再也不会遇到了。</p><center><img alt=\"唯美微信背景意境图片大全\" src=\"http://p2.wmpic.me/article/2017/09/23/1506144688_BcCpMHAu.jpg\" width=\"500\" height=\"334\" _cke_saved_src=\"http://p2.wmpic.me/article/2017/09/23/1506144688_BcCpMHAu.jpg\"/></center><p>　　不要一个人默默无闻的承担，我想听你的忧伤寂寞。</p><center><img alt=\"唯美微信背景意境图片大全\" src=\"http://p2.wmpic.me/article/2017/09/23/1506144688_uJdarqME.jpg\" width=\"500\" height=\"330\" _cke_saved_src=\"http://p2.wmpic.me/article/2017/09/23/1506144688_uJdarqME.jpg\"/></center><p>　　都说三千烦恼丝，每次当我心烦时，就去洗头发，洗一根少一根。</p><center><img alt=\"唯美微信背景意境图片大全\" src=\"http://p2.wmpic.me/article/2017/09/23/1506144688_ilrZsFXz.jpg\" width=\"500\" height=\"338\" _cke_saved_src=\"http://p2.wmpic.me/article/2017/09/23/1506144688_ilrZsFXz.jpg\"/></center><p>　　或许还是有点想念，但更多是想念已经回不去的时光。</p><center><img alt=\"唯美微信背景意境图片大全\" src=\"http://p2.wmpic.me/article/2017/09/23/1506144688_PYHqyvla.jpg\" width=\"500\" height=\"332\" _cke_saved_src=\"http://p2.wmpic.me/article/2017/09/23/1506144688_PYHqyvla.jpg\"/></center><p>　　心情很不好很低落。可悲的是可以诉说的人都没有。</p><center><img alt=\"唯美微信背景意境图片大全\" src=\"http://p2.wmpic.me/article/2017/09/23/1506144688_DGiOiEYz.jpg\" width=\"510\" height=\"344\" _cke_saved_src=\"http://p2.wmpic.me/article/2017/09/23/1506144688_DGiOiEYz.jpg\"/></center><p>　　我将踏上追随你脚步的列车，寻找失散已久的对心人。</p><p><br/></p>            ');
INSERT INTO `y_spider_image_content` VALUES ('52', '', '', '', '  <center><p><img alt=\"伤感哭泣的唯美背影女生意境图片\" src=\"http://p2.wmpic.me/article/2017/09/21/1505976379_TUKMFYEo.jpg\" width=\"520\" height=\"348\" _cke_saved_src=\"http://p2.wmpic.me/article/2017/09/21/1505976379_TUKMFYEo.jpg\"/></p></center><p>　　当你不能够再拥有，你唯一可以做的就是令自己不要忘记。</p><center><img alt=\"伤感哭泣的唯美背影女生意境图片\" src=\"http://p2.wmpic.me/article/2017/09/21/1505976379_otDVBccQ.jpg\" width=\"520\" height=\"332\" _cke_saved_src=\"http://p2.wmpic.me/article/2017/09/21/1505976379_otDVBccQ.jpg\"/></center><p>　　\\</p><p>　　老子每条说说都是写给你看的，全世界都有动静就你没反应。</p><center><img alt=\"伤感哭泣的唯美背影女生意境图片\" src=\"http://p2.wmpic.me/article/2017/09/21/1505976379_YZstGWtZ.jpg\" width=\"520\" height=\"346\" _cke_saved_src=\"http://p2.wmpic.me/article/2017/09/21/1505976379_YZstGWtZ.jpg\"/></center><p>　　我很累却不知道哪里累，我很烦却不知道烦什么，我很想说却张口无言。</p><center><img alt=\"伤感哭泣的唯美背影女生意境图片\" src=\"http://p2.wmpic.me/article/2017/09/21/1505976379_FtGYTxMO.jpg\" width=\"520\" height=\"385\" _cke_saved_src=\"http://p2.wmpic.me/article/2017/09/21/1505976379_FtGYTxMO.jpg\"/></center><p>　　人永远不知道，谁哪次不经意的跟你说了再见之后，就真的不会再见了。</p><center><img alt=\"伤感哭泣的唯美背影女生意境图片\" src=\"http://p2.wmpic.me/article/2017/09/21/1505976379_YXtaEqgP.jpg\" width=\"520\" height=\"348\" _cke_saved_src=\"http://p2.wmpic.me/article/2017/09/21/1505976379_YXtaEqgP.jpg\"/></center><p>　　烦了吧腻了吧淡了吧久了吧旧了吧算了吧散了吧就这样吧。</p><center><img alt=\"伤感哭泣的唯美背影女生意境图片\" src=\"http://p2.wmpic.me/article/2017/09/21/1505976379_tVpLXhVy.jpg\" width=\"520\" height=\"346\" _cke_saved_src=\"http://p2.wmpic.me/article/2017/09/21/1505976379_tVpLXhVy.jpg\"/></center><p>　　跌跌撞撞，落得这一身伤，就当是为青春，画下的残妆。</p><center><img alt=\"伤感哭泣的唯美背影女生意境图片\" src=\"http://p2.wmpic.me/article/2017/09/21/1505976379_DEVvmahH.jpg\" width=\"520\" height=\"346\" _cke_saved_src=\"http://p2.wmpic.me/article/2017/09/21/1505976379_DEVvmahH.jpg\"/></center><p>　　你之所以感到孤独不是因为没人关心你，而是你在乎的人没有关心你。</p><p><br/></p>            ');
INSERT INTO `y_spider_image_content` VALUES ('53', '', '', '', '  <center><p><img alt=\"\\时光印记唯美背景意境图片精选\" src=\"http://p3.wmpic.me/article/2017/09/20/1505887637_FaxuNCBt.jpg\" width=\"500\" height=\"400\" _cke_saved_src=\"http://p3.wmpic.me/article/2017/09/20/1505887637_FaxuNCBt.jpg\"/></p></center><p>　　我们每个人都生活在各自的过去中，人们会用一分钟的时间去认识一个人，用一小时的时间去喜欢一个人，再用一天的时间去爱上一个人，到最后呢，却要用一辈子的时间去忘记一个人。</p><center><img alt=\"\\时光印记唯美背景意境图片精选\" src=\"http://p3.wmpic.me/article/2017/09/20/1505887637_dObUVWGc.jpg\" width=\"500\" height=\"334\" _cke_saved_src=\"http://p3.wmpic.me/article/2017/09/20/1505887637_dObUVWGc.jpg\"/></center><p>　　爱情需要合理的内容，正像熊熊烈火要油来维持一样；爱情是两个相似的天性在无限感觉中的和谐的交融。</p><center><img alt=\"\\时光印记唯美背景意境图片精选\" src=\"http://p3.wmpic.me/article/2017/09/20/1505887637_OMjnXfEx.jpg\" width=\"500\" height=\"324\" _cke_saved_src=\"http://p3.wmpic.me/article/2017/09/20/1505887637_OMjnXfEx.jpg\"/></center><p>　　爱情无需刻意去把握，越是想抓牢自己的爱情，反而越容易失去自我，失去原则，失去彼此之间应该保持的宽容和谅解。</p><center><img alt=\"\\时光印记唯美背景意境图片精选\" src=\"http://p3.wmpic.me/article/2017/09/20/1505887637_HEZkNOtl.jpg\" width=\"500\" height=\"334\" _cke_saved_src=\"http://p3.wmpic.me/article/2017/09/20/1505887637_HEZkNOtl.jpg\"/></center><p>　　小时候最爱喝的汽水，好不容易找回来喝却不对味了。世界改变了我们，我们也毫不留情地改变了眼中的世界......有些美好，放在记忆里就挺好。</p><center><img alt=\"\\时光印记唯美背景意境图片精选\" src=\"http://p3.wmpic.me/article/2017/09/20/1505887637_nxfQcGys.jpg\" width=\"500\" height=\"312\" _cke_saved_src=\"http://p3.wmpic.me/article/2017/09/20/1505887637_nxfQcGys.jpg\"/></center><p>　　要是有人追求，世界上没有一个女人不是飘飘然的。正因为这样，女人才会那么迷死人。</p><p><br/></p>            ');
INSERT INTO `y_spider_image_content` VALUES ('54', '', '', '', '  <center><p><img alt=\"时光微信背景唯美意境图片大全\" src=\"http://p3.wmpic.me/article/2017/09/20/1505887373_ruNDLXgj.jpg\" width=\"500\" height=\"333\" _cke_saved_src=\"http://p3.wmpic.me/article/2017/09/20/1505887373_ruNDLXgj.jpg\"/></p></center><p>　　一纸忧伤，写不尽庭院里的芳香，恍然于隔世的暗香，终抵不外一庭落红的嫣然。</p><center><img alt=\"时光微信背景唯美意境图片大全\" src=\"http://p3.wmpic.me/article/2017/09/20/1505887373_TXluhejg.jpg\" width=\"500\" height=\"332\" _cke_saved_src=\"http://p3.wmpic.me/article/2017/09/20/1505887373_TXluhejg.jpg\"/></center><p>　　烦恼如细雨，如牛毛，如刺针有多，又利，每一个烦恼仿佛一把匕首，刺痛着你，如冬雨，密密地斜织着，打在脸上生疼的。</p><center><img alt=\"时光微信背景唯美意境图片大全\" src=\"http://p3.wmpic.me/article/2017/09/20/1505887373_YmkCEvTf.jpg\" width=\"500\" height=\"333\" _cke_saved_src=\"http://p3.wmpic.me/article/2017/09/20/1505887373_YmkCEvTf.jpg\"/></center><p>　　如若可以，愿意将这世界守成永恒，我与你遥望，你与我疏离，而后慢慢习惯，慢慢老去，慢慢遗忘。</p><center><img alt=\"时光微信背景唯美意境图片大全\" src=\"http://p3.wmpic.me/article/2017/09/20/1505887373_uJmaqGqC.jpg\" width=\"500\" height=\"333\" _cke_saved_src=\"http://p3.wmpic.me/article/2017/09/20/1505887373_uJmaqGqC.jpg\"/></center><p>　　我不明白伤心，让我最伤心的是谁。只是心太痛，太痛......之后便不觉着痛了。也记不清楚那些班驳的光影。</p><center><img alt=\"时光微信背景唯美意境图片大全\" src=\"http://p3.wmpic.me/article/2017/09/20/1505887373_ovZbmUfu.jpg\" width=\"500\" height=\"337\" _cke_saved_src=\"http://p3.wmpic.me/article/2017/09/20/1505887373_ovZbmUfu.jpg\"/></center><p>　　孤独和寂寞相似却不同，一个人走在繁华的大街是孤独，一个人走在无人的大街是寂寞。</p><p><br/></p>            ');
INSERT INTO `y_spider_image_content` VALUES ('55', '', '', '', '  <center><p><img alt=\"高清唯美植物微信背景意境图片\" src=\"http://p2.wmpic.me/article/2017/09/19/1505800798_oOsftjki.jpg\" width=\"510\" height=\"338\" _cke_saved_src=\"http://p2.wmpic.me/article/2017/09/19/1505800798_oOsftjki.jpg\"/></p></center><p>　　时间的巨轮无法抹去我对你的思念纵使海枯石烂，你的身影永存于我心中。</p><center><img alt=\"高清唯美植物微信背景意境图片\" src=\"http://p2.wmpic.me/article/2017/09/19/1505800798_pdakFWXs.jpg\" width=\"510\" height=\"341\" _cke_saved_src=\"http://p2.wmpic.me/article/2017/09/19/1505800798_pdakFWXs.jpg\"/></center><p>　　每天我的心脏好像出了故障般，每天都想着你，见不到你就想着你。想到你就会笑，像傻瓜一样。</p><center><img alt=\"高清唯美植物微信背景意境图片\" src=\"http://p2.wmpic.me/article/2017/09/19/1505800798_NCxTiRAL.jpg\" width=\"475\" height=\"315\" _cke_saved_src=\"http://p2.wmpic.me/article/2017/09/19/1505800798_NCxTiRAL.jpg\"/></center><p>　　跨越不管我怎么想靠近你，你还是会离开我的，我好想你，好想好想你，好想好想见你。</p><center><img alt=\"高清唯美植物微信背景意境图片\" src=\"http://p2.wmpic.me/article/2017/09/19/1505800798_fFVwlGnt.jpg\" width=\"510\" height=\"510\" _cke_saved_src=\"http://p2.wmpic.me/article/2017/09/19/1505800798_fFVwlGnt.jpg\"/></center><p>　　尽管很长时间未和你见面说话，但走在熙攘的街道上，总想在人群中分辨出你，有时回想在学校的那段日子，不经意就想到了你，这种感觉很奇妙。这种介乎于友谊与暗恋之间的情感总是萦绕着我，有时我想让这份感情只成为我一面的相思，独自体会这淡淡如雾荷之诗的意境。</p><center><img alt=\"高清唯美植物微信背景意境图片\" src=\"http://p2.wmpic.me/article/2017/09/19/1505800798_ySeLTKfu.jpg\" width=\"510\" height=\"338\" _cke_saved_src=\"http://p2.wmpic.me/article/2017/09/19/1505800798_ySeLTKfu.jpg\"/></center><p>　　总是想念着你，虽然我们无法共同拥有每分每秒。</p><p><br/></p>            ');
INSERT INTO `y_spider_image_content` VALUES ('56', '', '', '', '  <center><p><img alt=\"阳台小清新唯美意境图片大全\" src=\"http://p2.wmpic.me/article/2017/09/18/1505716288_rMiuBORC.jpg\" width=\"500\" height=\"506\" _cke_saved_src=\"http://p2.wmpic.me/article/2017/09/18/1505716288_rMiuBORC.jpg\"/></p></center><p>　　如果你相信命，那么一切的偶然都是注定。如果你不相信命，那么一切的注定都是偶然。</p><center><img alt=\"阳台小清新唯美意境图片大全\" src=\"http://p3.wmpic.me/article/2017/09/18/1505716289_IVnbCSRn.jpg\" width=\"500\" height=\"729\" _cke_saved_src=\"http://p3.wmpic.me/article/2017/09/18/1505716289_IVnbCSRn.jpg\"/></center><p>　　你永远不知道那个因为你一句话得瑟半天的人有多爱你。</p><center><img alt=\"阳台小清新唯美意境图片大全\" src=\"http://p3.wmpic.me/article/2017/09/18/1505716289_KiWiUCfA.jpg\" width=\"500\" height=\"674\" _cke_saved_src=\"http://p3.wmpic.me/article/2017/09/18/1505716289_KiWiUCfA.jpg\"/></center><p>　　跟自己说声对不起，因为曾经为了别人难为了自己。</p><center><img alt=\"阳台小清新唯美意境图片大全\" src=\"http://p3.wmpic.me/article/2017/09/18/1505716289_YDQnSyke.jpg\" width=\"500\" height=\"500\" _cke_saved_src=\"http://p3.wmpic.me/article/2017/09/18/1505716289_YDQnSyke.jpg\"/></center><p>　　如果我能回到从前，我会选择不认识你。不是我后悔，是我不能面对没有你的结局。</p><center><img alt=\"阳台小清新唯美意境图片大全\" src=\"http://p3.wmpic.me/article/2017/09/18/1505716289_etdOhUJa.jpg\" width=\"500\" height=\"625\" _cke_saved_src=\"http://p3.wmpic.me/article/2017/09/18/1505716289_etdOhUJa.jpg\"/></center><p>　　懂你的人，会用你所需要的方式去爱你。不懂你的人，会用他所需要的方式去爱你。</p><p><br/></p>            ');
INSERT INTO `y_spider_image_content` VALUES ('57', '', '', '', '  <center><p><img alt=\"高清唯美静物空间意境图片大全\" src=\"http://p2.wmpic.me/article/2017/09/18/1505716111_iPLfbSXm.jpg\" width=\"500\" height=\"491\" _cke_saved_src=\"http://p2.wmpic.me/article/2017/09/18/1505716111_iPLfbSXm.jpg\"/></p></center><p>　　记住该记住的，忘记该忘记的。改变能改变的，接受不能改变的。</p><center><img alt=\"高清唯美静物空间意境图片大全\" src=\"http://p2.wmpic.me/article/2017/09/18/1505716111_ZRPOgsPu.jpg\" width=\"500\" height=\"332\" _cke_saved_src=\"http://p2.wmpic.me/article/2017/09/18/1505716111_ZRPOgsPu.jpg\"/></center><p>　　你也许会找到一个比我更好的人，可是却不会在找到一个比我更爱你的人。</p><center><img alt=\"高清唯美静物空间意境图片大全\" src=\"http://p2.wmpic.me/article/2017/09/18/1505716111_NumxORIX.jpg\" width=\"450\" height=\"448\" _cke_saved_src=\"http://p2.wmpic.me/article/2017/09/18/1505716111_NumxORIX.jpg\"/></center><p>　　我习惯了你不爱我，可是却习惯不了你爱她。</p><center><img alt=\"高清唯美静物空间意境图片大全\" src=\"http://p2.wmpic.me/article/2017/09/18/1505716111_xIaLuZMF.jpg\" width=\"497\" height=\"495\" _cke_saved_src=\"http://p2.wmpic.me/article/2017/09/18/1505716111_xIaLuZMF.jpg\"/></center><p>　　对于某些事我们不在流泪了，是我们无情了还是坚强了？</p><center><img alt=\"高清唯美静物空间意境图片大全\" src=\"http://p2.wmpic.me/article/2017/09/18/1505716111_hKoIOMDs.jpg\" width=\"500\" height=\"333\" _cke_saved_src=\"http://p2.wmpic.me/article/2017/09/18/1505716111_hKoIOMDs.jpg\"/></center><p>　　感情是没有公式，没有原则，没有道理可循的。可是，人们至死都还在执著与追求。</p><p><br/></p>            ');
INSERT INTO `y_spider_image_content` VALUES ('58', '', '', '', '  <center><p><img alt=\"笔记本居家私房唯美意境图片大全\" src=\"http://p2.wmpic.me/article/2017/09/15/1505454253_oBHfmAFD.jpg\" width=\"500\" height=\"333\" _cke_saved_src=\"http://p2.wmpic.me/article/2017/09/15/1505454253_oBHfmAFD.jpg\"/></p></center><p>　　人生最宝贵的不是你拥有的物质，而是陪伴在你身边的人。</p><center><img alt=\"笔记本居家私房唯美意境图片大全\" src=\"http://p2.wmpic.me/article/2017/09/15/1505454253_kGvHVXIW.jpg\" width=\"500\" height=\"330\" _cke_saved_src=\"http://p2.wmpic.me/article/2017/09/15/1505454253_kGvHVXIW.jpg\"/></center><p>　　记忆有三种面孔，你的一面，我的一面，和最真实的一面。</p><center><img alt=\"笔记本居家私房唯美意境图片大全\" src=\"http://p2.wmpic.me/article/2017/09/15/1505454253_dqoefgEV.jpg\" width=\"500\" height=\"330\" _cke_saved_src=\"http://p2.wmpic.me/article/2017/09/15/1505454253_dqoefgEV.jpg\"/></center><p>　　做不到是你自己的事，午夜梦回，你爱怎么回味就怎么回味，但人前人后，我要你装出什么都没有发生过的样子。你可以的，我们都可以，人都是这般活下来的。</p><center><img alt=\"笔记本居家私房唯美意境图片大全\" src=\"http://p2.wmpic.me/article/2017/09/15/1505454253_GIoSzQBI.jpg\" width=\"500\" height=\"375\" _cke_saved_src=\"http://p2.wmpic.me/article/2017/09/15/1505454253_GIoSzQBI.jpg\"/></center><p>　　有人说，一根稻草丟在大街上是垃圾，绑在大白菜上可以卖白菜的价格，绑在大闸蟹上就是大闸蟹的价格。但如果你是一根稻草，你有什么资格选择与谁捆绑在一起呢？把太多心思花在取悦和亲附别人上面，到头来就会是一根稻草的命运；只有修炼好自己，让自己成为有价值的人，你才会有选择和被选择的资格。</p><center><img alt=\"笔记本居家私房唯美意境图片大全\" src=\"http://p2.wmpic.me/article/2017/09/15/1505454253_iPBtmNsr.jpg\" width=\"500\" height=\"333\" _cke_saved_src=\"http://p2.wmpic.me/article/2017/09/15/1505454253_iPBtmNsr.jpg\"/></center><p>　　那些能找回的东??西，从没丢失过??；那些丢失了的东西，或许从未真正拥有。</p><p><br/></p>            ');
INSERT INTO `y_spider_image_content` VALUES ('59', '', '', '', '  <center><p><img alt=\"清新森信背景唯美意境图片大全\" src=\"http://p3.wmpic.me/article/2017/09/15/1505453321_OzyNiKIp.jpg\" width=\"510\" height=\"373\" _cke_saved_src=\"http://p3.wmpic.me/article/2017/09/15/1505453321_OzyNiKIp.jpg\"/></p></center><p>　　最在乎的人，总在误会与错过之间擦身。不能怪命运不公，是你没有交付出足够的信任，是你没有为爱情义无反顾的决心。</p><center><img alt=\"清新森信背景唯美意境图片大全\" src=\"http://p3.wmpic.me/article/2017/09/15/1505453321_nLXqvKTN.jpg\" width=\"510\" height=\"340\" _cke_saved_src=\"http://p3.wmpic.me/article/2017/09/15/1505453321_nLXqvKTN.jpg\"/></center><p>　　疼就说疼，不喜欢就说不喜欢，不要忍着疼痛和不满。疼痛、不满、喜好、想做的事情，懂得坦白说出这些的人，才是真正勇敢而朝气蓬勃的孩子。</p><center><img alt=\"清新森信背景唯美意境图片大全\" src=\"http://p3.wmpic.me/article/2017/09/15/1505453321_fZyqKbDj.jpg\" width=\"500\" height=\"300\" _cke_saved_src=\"http://p3.wmpic.me/article/2017/09/15/1505453321_fZyqKbDj.jpg\"/></center><p>　　要不是因为我在乎你，我不会因为你一句话想东想西。不堪一击么？我又不傻，又不是不知道要爱自己。</p><center><img alt=\"清新森信背景唯美意境图片大全\" src=\"http://p3.wmpic.me/article/2017/09/15/1505453321_lPXwJnTh.jpg\" width=\"500\" height=\"340\" _cke_saved_src=\"http://p3.wmpic.me/article/2017/09/15/1505453321_lPXwJnTh.jpg\"/></center><p>　　生活太匆忙，不妨慢下来，看几页书，发一会呆，早睡一会早起一点，你会发现另一种美好。</p><center><img alt=\"清新森信背景唯美意境图片大全\" src=\"http://p3.wmpic.me/article/2017/09/15/1505453321_lxDjMVov.jpg\" width=\"510\" height=\"337\" _cke_saved_src=\"http://p3.wmpic.me/article/2017/09/15/1505453321_lxDjMVov.jpg\"/></center><p>　　不是我的悲伤少于你，只是我不愿用悲伤打扰你。不是我的困难少于你，只是我不愿用困难麻烦你。妈妈们都说“要强的女人没人疼”。可我们不是争强好胜，只是没遇到那个能呵护自己一生的人之前，得像男人一样活着。</p><center><img alt=\"清新森信背景唯美意境图片大全\" src=\"http://p3.wmpic.me/article/2017/09/15/1505453321_nmDBpRqV.jpg\" width=\"500\" height=\"334\" _cke_saved_src=\"http://p3.wmpic.me/article/2017/09/15/1505453321_nmDBpRqV.jpg\"/></center><p>　　如果一个人给了你诸多痛苦，不要忍。很多人把退让当宽容，但宽容的前提是互相体谅。只因太能忍，所以才永远不能翻身。脾气这东西，多不得，但一点没有也不行。</p><center><img alt=\"清新森信背景唯美意境图片大全\" src=\"http://p3.wmpic.me/article/2017/09/15/1505453321_uBQnVpwb.jpg\" width=\"500\" height=\"335\" _cke_saved_src=\"http://p3.wmpic.me/article/2017/09/15/1505453321_uBQnVpwb.jpg\"/></center><p>　　不要只是一个果实，被别人剥皮品尝吃下，剩下的被遗弃垃圾桶；要做枝繁叶茂的果树，源源不绝，永葆新鲜活力，精彩不断，期待不断。</p><p><br/></p>            ');
INSERT INTO `y_spider_image_content` VALUES ('60', '', '', '', '  <center><p><img alt=\"清新校园唯美空间意境图片大全\" src=\"http://p2.wmpic.me/article/2017/09/14/1505372551_AvtnUJuL.jpg\" width=\"500\" height=\"336\" _cke_saved_src=\"http://p2.wmpic.me/article/2017/09/14/1505372551_AvtnUJuL.jpg\"/></p></center><p>　　伤口就像我一样，是个倔强的孩子，不肯愈合，因为内心是温暖潮湿的地方，适合任何东西生长。我放下尊严，放下了个性，放下了固执，都是因为放不下你……</p><center><img alt=\"清新校园唯美空间意境图片大全\" src=\"http://p2.wmpic.me/article/2017/09/14/1505372551_WdorSUPd.jpg\" width=\"500\" height=\"340\" _cke_saved_src=\"http://p2.wmpic.me/article/2017/09/14/1505372551_WdorSUPd.jpg\"/></center><p>　　自己选择的路，再泥泞也要把它走完，或许，泥泞的路上也别有一番风景。所以，未来的路上，好好爱自己，好好珍惜自己。世界的一切不完美，坦然去面对。青春的逝去并不可怕，可怕的是失去了勇敢地热爱生活的心。</p><center><img alt=\"清新校园唯美空间意境图片大全\" src=\"http://p2.wmpic.me/article/2017/09/14/1505372551_uGNFmLnK.jpg\" width=\"500\" height=\"330\" _cke_saved_src=\"http://p2.wmpic.me/article/2017/09/14/1505372551_uGNFmLnK.jpg\"/></center><p>　　女孩儿，他若真爱你，你可以是任何一种女子。他若爱你不够，你才需要做一个全能的女子。</p><center><img alt=\"清新校园唯美空间意境图片大全\" src=\"http://p2.wmpic.me/article/2017/09/14/1505372551_UXHPPcWO.jpg\" width=\"500\" height=\"336\" _cke_saved_src=\"http://p2.wmpic.me/article/2017/09/14/1505372551_UXHPPcWO.jpg\"/></center><p>　　世上最痛苦的事之一，不是落单，而是身边有一圈人，让你感觉自己孤身一人。</p><center><img alt=\"清新校园唯美空间意境图片大全\" src=\"http://p2.wmpic.me/article/2017/09/14/1505372551_HxFfirDS.jpg\" width=\"500\" height=\"330\" _cke_saved_src=\"http://p2.wmpic.me/article/2017/09/14/1505372551_HxFfirDS.jpg\"/></center><p>　　人的一生很像是在雾中行走，远远望去，只是迷蒙一片，辨不出方向和吉凶。可是，当你鼓起勇气，放下忧惧和怀疑，一步一步向前走去的时候，你就会发现，每走一步，你都能把下一步路看得清楚一点。往前走，别站在远远的地方观望，你就可以找到你的方向。</p><center><img alt=\"清新校园唯美空间意境图片大全\" src=\"http://p2.wmpic.me/article/2017/09/14/1505372551_kHbbCMht.jpg\" width=\"500\" height=\"332\" _cke_saved_src=\"http://p2.wmpic.me/article/2017/09/14/1505372551_kHbbCMht.jpg\"/></center><p>　　你只渴望一种舒适的感情。这就是恋爱不幸的源头。真正的爱情里，或许辛苦更多于舒适。磨合、体谅、包容，每一样都是累活。–磨难是为了让爱情长得更结实，也最容易让人半途而废。很多人在感情中疲累不已，因此开始怀疑爱错了人。—不，恰恰这才是爱情的真面目。</p><p><br/></p>            ');
INSERT INTO `y_spider_image_content` VALUES ('61', '', '', '', '  <center><p><img alt=\"唯美小清新静物意境图片大全\" src=\"http://p3.wmpic.me/article/2017/09/13/1505286182_fclaVJqD.jpg\" width=\"600\" height=\"375\" _cke_saved_src=\"http://p3.wmpic.me/article/2017/09/13/1505286182_fclaVJqD.jpg\"/></p></center><p>　　如果你仅仅是对某个女孩感兴趣，却没有那种原子裂变似的反应，那你不可去招惹人家。你可以等待，等待时间和机遇为你揭示这种兴趣的源头，爱与发现是紧紧相连的。</p><center><img alt=\"唯美小清新静物意境图片大全\" src=\"http://p3.wmpic.me/article/2017/09/13/1505286182_UlVnHoth.jpg\" width=\"600\" height=\"375\" _cke_saved_src=\"http://p3.wmpic.me/article/2017/09/13/1505286182_UlVnHoth.jpg\"/></center><p>　　关于这段岁月，虽然往往忆及，有不少闪着光芒的碎片，心底却往往不愿意去接近的。</p><center><img alt=\"唯美小清新静物意境图片大全\" src=\"http://p3.wmpic.me/article/2017/09/13/1505286182_DQVMqiiq.jpg\" width=\"600\" height=\"375\" _cke_saved_src=\"http://p3.wmpic.me/article/2017/09/13/1505286182_DQVMqiiq.jpg\"/></center><p>　　原来爱情的世界很大，大到可以装下一百种委屈；原来爱情的世界很小，小到三个人就挤到窒息；原来爱情的世界很大，塞了多少幸福还是有空隙；原来爱情的世界很小，被一脚踩过就变成废墟。</p><center><img alt=\"唯美小清新静物意境图片大全\" src=\"http://p3.wmpic.me/article/2017/09/13/1505286182_feBgHLOx.jpg\" width=\"600\" height=\"375\" _cke_saved_src=\"http://p3.wmpic.me/article/2017/09/13/1505286182_feBgHLOx.jpg\"/></center><p>　　不是不让你知道我的存在，只是不奢求爱情会降临到我头上，有时候想，我们是不同水域的动物，虽然我很艳羡你那个世界的美丽，但是浅水区的我一走近，就会被深水淹死。</p><center><img alt=\"唯美小清新静物意境图片大全\" src=\"http://p3.wmpic.me/article/2017/09/13/1505286182_KIvacpVK.jpg\" width=\"600\" height=\"375\" _cke_saved_src=\"http://p3.wmpic.me/article/2017/09/13/1505286182_KIvacpVK.jpg\"/></center><p>　　这个世界就这么不完美，你想得到些什么就不得不失去些什么。</p><p><br/></p>            ');
INSERT INTO `y_spider_image_content` VALUES ('62', '', '', '', '  <center><p><img alt=\"骑车女孩唯美美图意境图片大全\" src=\"http://p3.wmpic.me/article/2017/09/13/1505285402_OszOsyoo.jpg\" width=\"500\" height=\"333\" _cke_saved_src=\"http://p3.wmpic.me/article/2017/09/13/1505285402_OszOsyoo.jpg\"/></p></center><p>　　这世上最累的事情，莫过于眼睁睁看着自己的心碎了，还得自己动手把它粘起来！</p><center><img alt=\"骑车女孩唯美美图意境图片大全\" src=\"http://p3.wmpic.me/article/2017/09/13/1505285402_oGqrGhXf.jpg\" width=\"500\" height=\"334\" _cke_saved_src=\"http://p3.wmpic.me/article/2017/09/13/1505285402_oGqrGhXf.jpg\"/></center><p>　　我想让你知道，你有多爱我，我就有多爱你，这是与生俱来的本能。但表达方式不同。</p><center><img alt=\"骑车女孩唯美美图意境图片大全\" src=\"http://p3.wmpic.me/article/2017/09/13/1505285402_kaDAckkj.jpg\" width=\"500\" height=\"322\" _cke_saved_src=\"http://p3.wmpic.me/article/2017/09/13/1505285402_kaDAckkj.jpg\"/></center><p>　　那些已经犯过的错误，有一些是因为来不及，有一些是因为刻意躲避，更多的时候是茫然地站到了一边。我们就这样错过了一次又一次，却从不晓得从中汲取教训，做一些反省。</p><center><img alt=\"骑车女孩唯美美图意境图片大全\" src=\"http://p3.wmpic.me/article/2017/09/13/1505285402_peLoURcI.jpg\" width=\"500\" height=\"373\" _cke_saved_src=\"http://p3.wmpic.me/article/2017/09/13/1505285402_peLoURcI.jpg\"/></center><p>　　有的人与人之间的相遇就像是流星，瞬间迸发出令人羡慕的火花，却注定只是匆匆而过。</p><center><img alt=\"骑车女孩唯美美图意境图片大全\" src=\"http://p3.wmpic.me/article/2017/09/13/1505285402_etuYbDoz.jpg\" width=\"500\" height=\"338\" _cke_saved_src=\"http://p3.wmpic.me/article/2017/09/13/1505285402_etuYbDoz.jpg\"/></center><p>　　多年以后，当我又开始回忆那些失去的人或事时。我一定会豁达的抿着嘴微笑。微笑着回忆一切，包括你，包括曾经迷失过自我的自己。</p><center><img alt=\"骑车女孩唯美美图意境图片大全\" src=\"http://p3.wmpic.me/article/2017/09/13/1505285402_XAIDHCol.jpg\" width=\"500\" height=\"335\" _cke_saved_src=\"http://p3.wmpic.me/article/2017/09/13/1505285402_XAIDHCol.jpg\"/></center><p>　　很多时候宁愿被误会也不想去解释，信与不信就在你一念之间，懂我的人何必解释。</p><p><br/></p>            ');
INSERT INTO `y_spider_image_content` VALUES ('63', '', '', '', '  <center><p><img alt=\"治愈系小清新唯美意境图片\" src=\"http://p3.wmpic.me/article/2017/09/12/1505201531_JCpTSReh.jpg\" width=\"500\" height=\"332\" _cke_saved_src=\"http://p3.wmpic.me/article/2017/09/12/1505201531_JCpTSReh.jpg\"/></p></center><p>　　经历就是人生的硎石，生命的锋芒在磨砺中闪光；经历就是人生的矿石，生命的活力在提炼中释放。经历就是体验，经历就是积淀。没有体验就没有生存的质量；没有积淀，就没有生存的智慧。人生的真谛在经历中探寻，人生的价值在经历中实现。</p><center><img alt=\"治愈系小清新唯美意境图片\" src=\"http://p3.wmpic.me/article/2017/09/12/1505201531_AIihxSdr.jpg\" width=\"510\" height=\"337\" _cke_saved_src=\"http://p3.wmpic.me/article/2017/09/12/1505201531_AIihxSdr.jpg\"/></center><p>　　如果黑板就是浩淼的大海，那么，老师便是海上的水手。铃声响起那刻，你用教职工鞭作浆，划动那船只般泊在港口的课本。课桌上，那难题堆放，犹如暗礁一样布列，你手势生动如一只飞翔的鸟，在讲台上挥1条优美弧线，船只穿过？？天空飘不来一片云，犹如你亮堂堂的心，一派高远。</p><center><img alt=\"治愈系小清新唯美意境图片\" src=\"http://p3.wmpic.me/article/2017/09/12/1505201531_klwbSAwV.jpg\" width=\"500\" height=\"332\" _cke_saved_src=\"http://p3.wmpic.me/article/2017/09/12/1505201531_klwbSAwV.jpg\"/></center><p>　　生命本是一场漂泊的漫旅，遇见了谁都是一个美丽的意外。我珍惜着每一个可以让我称做朋友的人，因为那是可以让漂泊的心驻足的地方。有时候会被一句话感动，因为真诚；有时候会为一首歌流泪，因为自然。要快乐，不止此时，而是一生！</p><center><img alt=\"治愈系小清新唯美意境图片\" src=\"http://p3.wmpic.me/article/2017/09/12/1505201531_VmfogMFN.jpg\" width=\"500\" height=\"335\" _cke_saved_src=\"http://p3.wmpic.me/article/2017/09/12/1505201531_VmfogMFN.jpg\"/></center><p>　　向父母索取愈少愈好，向社会索取愈少愈好；向书中索取愈多愈好，向智慧索取愈多愈好。</p><center><img alt=\"治愈系小清新唯美意境图片\" src=\"http://p3.wmpic.me/article/2017/09/12/1505201531_NbuFZEwb.jpg\" width=\"510\" height=\"338\" _cke_saved_src=\"http://p3.wmpic.me/article/2017/09/12/1505201531_NbuFZEwb.jpg\"/></center><p>　　创新不是一个简简单单的名词，它的后面隐藏了太多太多的东西。成功的花，人们只惊慕它现时的明艳，然而当初它的芽儿，浸透了奋斗的泪泉，洒遍了牺牲的血雨。</p><center><img alt=\"治愈系小清新唯美意境图片\" src=\"http://p3.wmpic.me/article/2017/09/12/1505201531_PHelPkiN.jpg\" width=\"500\" height=\"331\" _cke_saved_src=\"http://p3.wmpic.me/article/2017/09/12/1505201531_PHelPkiN.jpg\"/></center><p>　　春之色为冷的绿，如碧波，如嫩竹，贮满了无限的期望。秋之色为热的赤，如夕阳，如红叶，标志着万物的终极。秋之色为暖的黄，如金穗，如高粱，荡漾着丰收的喜悦。</p><center><img alt=\"治愈系小清新唯美意境图片\" src=\"http://p3.wmpic.me/article/2017/09/12/1505201531_jkjxMtod.jpg\" width=\"500\" height=\"335\" _cke_saved_src=\"http://p3.wmpic.me/article/2017/09/12/1505201531_jkjxMtod.jpg\"/></center><p>　　有油水的地方常常是最滑的，滑倒了以后，想爬起来站稳，真是不容易。</p><center><img alt=\"治愈系小清新唯美意境图片\" src=\"http://p3.wmpic.me/article/2017/09/12/1505201531_SvSitIAY.jpg\" width=\"510\" height=\"347\" _cke_saved_src=\"http://p3.wmpic.me/article/2017/09/12/1505201531_SvSitIAY.jpg\"/></center><p>　　我们每个人都怀揣梦想，都渴望梦想成真。谁都不甘一生庸碌无为，但是，在追寻梦想之前，要先考虑清楚：自己是不是具备这样的天赋，是不适合走着条路……总而言之，在“抄袭”我们所羡慕的某人时，一定要考虑一下自己是否同样具备与其相似的发展潜质。如果没有，那么，就仅止于羡慕吧。</p><center><img alt=\"治愈系小清新唯美意境图片\" src=\"http://p3.wmpic.me/article/2017/09/12/1505201531_GhALyftM.jpg\" width=\"510\" height=\"347\" _cke_saved_src=\"http://p3.wmpic.me/article/2017/09/12/1505201531_GhALyftM.jpg\"/></center><p>　　奔着愉悦，咱们苦苦寻觅。但是，愉悦在哪儿？愉悦该是沙漠中一片清凉的绿洲吧？咱们跋山涉川，望眼欲穿，最终却只见到几丛沙棘；愉悦该是大海中的一颗闪亮的珍珠吧？咱们涉江探海，寻踪觅迹，末了却只捡到几只贝壳；愉悦该是旅途中的一座舒适的城堡吧？</p><p><br/></p>            ');
INSERT INTO `y_spider_image_content` VALUES ('64', '', '', '', '  <center><p><img alt=\"自然清新森女系唯美意境图片\" src=\"http://p2.wmpic.me/article/2017/09/12/1505196358_MruwwGCl.jpg\" width=\"500\" height=\"350\" _cke_saved_src=\"http://p2.wmpic.me/article/2017/09/12/1505196358_MruwwGCl.jpg\"/></p></center><p>　　很多年纪大把，却一事无成的长辈，喜欢在年轻人面前吹牛逼。对他们，我们要尊敬。因为我们不仅同样一事无成，而且还是晚辈。</p><center><img alt=\"自然清新森女系唯美意境图片\" src=\"http://p2.wmpic.me/article/2017/09/12/1505196358_tPgwmMOg.jpg\" width=\"500\" height=\"350\" _cke_saved_src=\"http://p2.wmpic.me/article/2017/09/12/1505196358_tPgwmMOg.jpg\"/></center><p>　　不无谓的沉迷过去，也不狂热的期待未来，顺生而行，且行且珍惜，如此最好。</p><center><img alt=\"自然清新森女系唯美意境图片\" src=\"http://p2.wmpic.me/article/2017/09/12/1505196358_zhEsHWxu.jpg\" width=\"500\" height=\"350\" _cke_saved_src=\"http://p2.wmpic.me/article/2017/09/12/1505196358_zhEsHWxu.jpg\"/></center><p>　　当你连尝试的勇气都没有，你就不配拥有幸福，也永远不会得到幸福，伤过，痛过，才知道有多深刻。</p><center><img alt=\"自然清新森女系唯美意境图片\" src=\"http://p2.wmpic.me/article/2017/09/12/1505196358_xFfZPOgs.jpg\" width=\"500\" height=\"350\" _cke_saved_src=\"http://p2.wmpic.me/article/2017/09/12/1505196358_xFfZPOgs.jpg\"/></center><p>　　心里放不下，自然成了负担，负担越多，人生越不快乐。人生中有些人，有些事，是可遇不可求的，强求只有痛苦。既然这样，就放宽心态，顺其自然。无论何时何地，都要拥有一颗安闲自在的心，保持豁达的心态，不要让自己活得太累。</p><center><img alt=\"自然清新森女系唯美意境图片\" src=\"http://p2.wmpic.me/article/2017/09/12/1505196358_QYqxERMg.jpg\" width=\"500\" height=\"350\" _cke_saved_src=\"http://p2.wmpic.me/article/2017/09/12/1505196358_QYqxERMg.jpg\"/></center><p>　　碰到什么样的男的都不要紧，就怕遇到了传说中的洋葱王子，你想要看到他的心，只有一层一层地剥掉他的外衣，在这个过程中他不断地让你流泪，最后才知道，原来洋葱根本就没有心。</p><center><img alt=\"自然清新森女系唯美意境图片\" src=\"http://p2.wmpic.me/article/2017/09/12/1505196358_tBsaPxgM.jpg\" width=\"500\" height=\"350\" _cke_saved_src=\"http://p2.wmpic.me/article/2017/09/12/1505196358_tBsaPxgM.jpg\"/></center><p>　　女人爱化妆，男人爱说谎。女人化妆欺骗男人的眼，男人说谎欺骗女人的心。</p><center><img alt=\"自然清新森女系唯美意境图片\" src=\"http://p2.wmpic.me/article/2017/09/12/1505196358_lkDWSvib.jpg\" width=\"500\" height=\"350\" _cke_saved_src=\"http://p2.wmpic.me/article/2017/09/12/1505196358_lkDWSvib.jpg\"/></center><p>　　放下你的浮躁放下你的懒惰，放下你的三分钟热度，放空你禁不住诱惑的大脑，放开你容易被任何事物吸引的眼睛，闭上你什么都想聊两句八卦的嘴巴，静下心来好好做你该做的事。</p><center><img alt=\"自然清新森女系唯美意境图片\" src=\"http://p2.wmpic.me/article/2017/09/12/1505196358_sBiORshi.jpg\" width=\"500\" height=\"350\" _cke_saved_src=\"http://p2.wmpic.me/article/2017/09/12/1505196358_sBiORshi.jpg\"/></center><p>　　一个人要成就大事，就必须不断扩展自己的边界，使自己能够更多融合其他的世界观。这中间，一个人世界观有核心成份，有紧密成份，也有松散成份。不断扩大你的核心成份，你的核心竞争力就会越强。</p><p><br/></p>            ');
INSERT INTO `y_spider_image_content` VALUES ('65', '', '', '', '  <center><p><img alt=\"唯美文艺风格调意境图片大全\" src=\"http://p2.wmpic.me/article/2017/09/11/1505110771_WNBVajJX.jpg\" width=\"600\" height=\"400\" _cke_saved_src=\"http://p2.wmpic.me/article/2017/09/11/1505110771_WNBVajJX.jpg\"/></p></center><p>　　你明日就要启程，可别忘记带走我的那份情，留下你的那颗心。</p><center><img alt=\"唯美文艺风格调意境图片大全\" src=\"http://p2.wmpic.me/article/2017/09/11/1505110771_ueijXLHR.jpg\" width=\"600\" height=\"401\" _cke_saved_src=\"http://p2.wmpic.me/article/2017/09/11/1505110771_ueijXLHR.jpg\"/></center><p>　　一些事，若细想，就不是那么回事，若不细想，不就是那么回事。</p><center><img alt=\"唯美文艺风格调意境图片大全\" src=\"http://p2.wmpic.me/article/2017/09/11/1505110771_KuJCsuRz.jpg\" width=\"600\" height=\"405\" _cke_saved_src=\"http://p2.wmpic.me/article/2017/09/11/1505110771_KuJCsuRz.jpg\"/></center><p>　　那些但凡死缠烂打的人，大都不是真的深爱你。多少浅浅淡淡的转身，是旁人看不懂的情深。</p><center><img alt=\"唯美文艺风格调意境图片大全\" src=\"http://p2.wmpic.me/article/2017/09/11/1505110771_oaKwUmQo.jpg\" width=\"600\" height=\"393\" _cke_saved_src=\"http://p2.wmpic.me/article/2017/09/11/1505110771_oaKwUmQo.jpg\"/></center><p>　　都说人往高处走，可是高处不胜寒。水往低处流，谁知低处纳百川!如果以后你会不经意地想起我，请别忘记我曾那样深深地爱过你：偷偷地看你，偷偷地想你，偷偷地爱你——最后，偷偷地哭了!</p><center><img alt=\"唯美文艺风格调意境图片大全\" src=\"http://p3.wmpic.me/article/2017/09/11/1505110772_rhEFuxKL.jpg\" width=\"600\" height=\"450\" _cke_saved_src=\"http://p3.wmpic.me/article/2017/09/11/1505110772_rhEFuxKL.jpg\"/></center><p>　　爱与爱，需要呵护;心与心，需要尊重。情没有密码，只有用心;爱没有模式，只能珍惜。回首三千，红尘外，有心在等待;皓首苍颜，耋耋年，还有人在。一生何须太多，有情才是幸福;一生何求太多，有爱才是满足。</p><center><img alt=\"唯美文艺风格调意境图片大全\" src=\"http://p3.wmpic.me/article/2017/09/11/1505110772_RLyGnlrY.jpg\" width=\"600\" height=\"1656\" _cke_saved_src=\"http://p3.wmpic.me/article/2017/09/11/1505110772_RLyGnlrY.jpg\"/></center><p>　　你不喜欢的人，不跟你在一个点上的人，不要草率的把他请进你的生活。一个人只是寂寞一点，交错了人是却是寂寞+痛苦。</p><center><img alt=\"唯美文艺风格调意境图片大全\" src=\"http://p3.wmpic.me/article/2017/09/11/1505110772_vdjvAJaa.jpg\" width=\"600\" height=\"450\" _cke_saved_src=\"http://p3.wmpic.me/article/2017/09/11/1505110772_vdjvAJaa.jpg\"/></center><p>　　你需要克服的是你的虚荣心，是你的炫耀欲，你要对付的是你时刻想要出风头的小聪明。</p><center><img alt=\"唯美文艺风格调意境图片大全\" src=\"http://p3.wmpic.me/article/2017/09/11/1505110772_AhoxnHpC.jpg\" width=\"600\" height=\"799\" _cke_saved_src=\"http://p3.wmpic.me/article/2017/09/11/1505110772_AhoxnHpC.jpg\"/></center><p>　　最美好的状态就是，看过了世界的黑暗与痛苦，却依然相信它的单纯与美好。希望那时候，我们都变成了更好的自己。没有早一步，也没有晚一步的，就在那时候，遇到你。1.守得住初心，得的到永心。</p><center><img alt=\"唯美文艺风格调意境图片大全\" src=\"http://p3.wmpic.me/article/2017/09/11/1505110772_dypUGsjD.jpg\" width=\"600\" height=\"401\" _cke_saved_src=\"http://p3.wmpic.me/article/2017/09/11/1505110772_dypUGsjD.jpg\"/></center><p><br/></p>            ');
INSERT INTO `y_spider_image_content` VALUES ('66', '', '', '', '  <center><img alt=\"高清治愈系唯美意境图片大全\" src=\"http://p1.wmpic.me/article/2017/09/09/1504940607_XnsQgguG.jpg\" width=\"500\" height=\"317\" _cke_saved_src=\"http://p1.wmpic.me/article/2017/09/09/1504940607_XnsQgguG.jpg\"/></center><p>　　要有自己的车子，多少排量也无所谓。是不是宝马，是不是大奔也无所谓，就算是熊猫车也比那些强，因为那是你喜欢的。</p><center><img alt=\"高清治愈系唯美意境图片大全\" src=\"http://p1.wmpic.me/article/2017/09/09/1504940607_cPkGJykG.jpg\" width=\"500\" height=\"335\" _cke_saved_src=\"http://p1.wmpic.me/article/2017/09/09/1504940607_cPkGJykG.jpg\"/></center><p>　　我对他再没有感觉，我不再爱她了。为甚么会这样？原来我们的爱情败给了岁月。</p><center><img alt=\"高清治愈系唯美意境图片大全\" src=\"http://p1.wmpic.me/article/2017/09/09/1504940607_oJOTZlAN.jpg\" width=\"500\" height=\"397\" _cke_saved_src=\"http://p1.wmpic.me/article/2017/09/09/1504940607_oJOTZlAN.jpg\"/></center><p>　　有条件的话，我想和你一起去海边度假，让我们感受海风的清新。</p><center><img alt=\"高清治愈系唯美意境图片大全\" src=\"http://p1.wmpic.me/article/2017/09/09/1504940607_dkBoUngc.jpg\" width=\"500\" height=\"337\" _cke_saved_src=\"http://p1.wmpic.me/article/2017/09/09/1504940607_dkBoUngc.jpg\"/></center><p>　　她身上有很多缺点，她已经够苦恼了，请不必随时向她提醒。</p><center><img alt=\"高清治愈系唯美意境图片大全\" src=\"http://p1.wmpic.me/article/2017/09/09/1504940607_ZjdYqAwW.jpg\" width=\"500\" height=\"336\" _cke_saved_src=\"http://p1.wmpic.me/article/2017/09/09/1504940607_ZjdYqAwW.jpg\"/></center><p>　　男人最大的秘密往往告诉红颜知己，不是同性、家人或妻子。当红颜知己成了妻子，她的这部分权力马上被取消了。</p><p><br/></p>            ');
INSERT INTO `y_spider_image_content` VALUES ('67', '', '', '', '  <center><p><img alt=\"好看的唯美静物意境图片大全\" src=\"http://p2.wmpic.me/article/2017/09/09/1504940311_URLgyEEW.jpg\" width=\"500\" height=\"337\" _cke_saved_src=\"http://p2.wmpic.me/article/2017/09/09/1504940311_URLgyEEW.jpg\"/></p></center><p>　　没有一种服装，比的爱更合身;没有一种装饰，比的爱更迷人。</p><center><img alt=\"好看的唯美静物意境图片大全\" src=\"http://p2.wmpic.me/article/2017/09/09/1504940311_eZqnbEWc.jpg\" width=\"500\" height=\"269\" _cke_saved_src=\"http://p2.wmpic.me/article/2017/09/09/1504940311_eZqnbEWc.jpg\"/></center><p>　　该给的我都给了，我都舍得，除了让你知道我心如刀割。</p><center><img alt=\"好看的唯美静物意境图片大全\" src=\"http://p2.wmpic.me/article/2017/09/09/1504940311_rgedNCoh.jpg\" width=\"500\" height=\"334\" _cke_saved_src=\"http://p2.wmpic.me/article/2017/09/09/1504940311_rgedNCoh.jpg\"/></center><p>　　没有你，我的天空少了一片色彩;没有你，我的世界多了一种思念。</p><center><img alt=\"好看的唯美静物意境图片大全\" src=\"http://p2.wmpic.me/article/2017/09/09/1504940311_vAChlcnb.jpg\" width=\"500\" height=\"333\" _cke_saved_src=\"http://p2.wmpic.me/article/2017/09/09/1504940311_vAChlcnb.jpg\"/></center><p>　　我学会了深夜把手机关机。然后塞到枕头下面，沉沉睡去。</p><center><img alt=\"好看的唯美静物意境图片大全\" src=\"http://p2.wmpic.me/article/2017/09/09/1504940311_nqzKwnCd.jpg\" width=\"500\" height=\"333\" _cke_saved_src=\"http://p2.wmpic.me/article/2017/09/09/1504940311_nqzKwnCd.jpg\"/></center><p>　　分手后不可以做朋友，因为彼此伤害过，不可以做敌人，因为彼此深爱过，所以我们变成了最熟悉的陌生人……</p><p><br/></p>            ');
INSERT INTO `y_spider_image_content` VALUES ('68', '', '', '', '  <center><p><img alt=\"清新唯美简单生活空间意境图片\" src=\"http://p3.wmpic.me/article/2017/09/07/1504764359_VpXEsbQC.jpg\" width=\"500\" height=\"325\" _cke_saved_src=\"http://p3.wmpic.me/article/2017/09/07/1504764359_VpXEsbQC.jpg\"/></p></center><p>　　人生就是这样充满了大起大合，你永远不会知道下一刻会发生什么，也不会明白命运为何这样待你。只有在你经历了人生种种变故之后，你才会褪尽了最初的浮华，以一种谦卑的姿态看待这个世界。</p><center><img alt=\"清新唯美简单生活空间意境图片\" src=\"http://p3.wmpic.me/article/2017/09/07/1504764359_ePRpAYMS.jpg\" width=\"500\" height=\"337\" _cke_saved_src=\"http://p3.wmpic.me/article/2017/09/07/1504764359_ePRpAYMS.jpg\"/></center><p>　　当明天变成了今天成为了昨天，最后成为记忆里不再重要的某一天，我们突然发现自己在不知不觉中，已被时间推着向前走。这不是静止火车里，与相邻列车交错时，仿佛自己在前进的错觉，而是我们真实的在成长，在这件事里成了另一个自己。</p><center><img alt=\"清新唯美简单生活空间意境图片\" src=\"http://p3.wmpic.me/article/2017/09/07/1504764359_PeflyRVE.jpg\" width=\"500\" height=\"336\" _cke_saved_src=\"http://p3.wmpic.me/article/2017/09/07/1504764359_PeflyRVE.jpg\"/></center><p>　　有一种爱，明明是深爱，却表达不完美；有一种爱，明知要放弃，却不甘心就此离开；有一种爱，明知是煎熬，却又躲不掉；有一种爱，明知无前路，心却早已收不回；有一种爱，明知会受伤，却不愿放手；有一种爱，明知要等待，却傻傻独自寂寞；有一种爱，明明不联系，却会拼命想起对方！</p><center><img alt=\"清新唯美简单生活空间意境图片\" src=\"http://p3.wmpic.me/article/2017/09/07/1504764359_yqvlmWHW.jpg\" width=\"500\" height=\"334\" _cke_saved_src=\"http://p3.wmpic.me/article/2017/09/07/1504764359_yqvlmWHW.jpg\"/></center><p>　　真正的爱人是你教出来的，而不是你拣个大便宜不劳而获从天上掉下来的，你要教会他用怎样的方式去爱你。</p><center><img alt=\"清新唯美简单生活空间意境图片\" src=\"http://p3.wmpic.me/article/2017/09/07/1504764359_kNELRJoC.jpg\" width=\"500\" height=\"333\" _cke_saved_src=\"http://p3.wmpic.me/article/2017/09/07/1504764359_kNELRJoC.jpg\"/></center><p>　　很怀念你曾经缠着我让我每天给你买糖果的日子。</p><center><img alt=\"清新唯美简单生活空间意境图片\" src=\"http://p1.wmpic.me/article/2017/09/07/1504764360_XlGNzntm.jpg\" width=\"500\" height=\"338\" _cke_saved_src=\"http://p1.wmpic.me/article/2017/09/07/1504764360_XlGNzntm.jpg\"/></center><p>　　其实这钱，它不是一个坏东西，它能做很多好事啊，还能救苦救难呢，是不是？主要看人怎么使它，这要人心是黑的，钱就是黑的，这要人心是红的，钱就是红的。</p><p><br/></p>            ');
INSERT INTO `y_spider_image_content` VALUES ('69', '', '', '', '  <center><p><img alt=\"唯美清新个性背景意境图片大全\" src=\"http://p1.wmpic.me/article/2017/09/07/1504764198_PTXBZWvo.jpg\" width=\"550\" height=\"363\" _cke_saved_src=\"http://p1.wmpic.me/article/2017/09/07/1504764198_PTXBZWvo.jpg\"/></p></center><p>　　即使全世界都说你做不到，只有自己说做不到才算数。其实我们要战胜的始终是自己，和自己那无能的恐惧。带着恐惧上路，以便于更好的战胜它。</p><center><img alt=\"唯美清新个性背景意境图片大全\" src=\"http://p1.wmpic.me/article/2017/09/07/1504764198_gyzmEEZz.jpg\" width=\"550\" height=\"550\" _cke_saved_src=\"http://p1.wmpic.me/article/2017/09/07/1504764198_gyzmEEZz.jpg\"/></center><p>　　不论你生活在何处，和爱遇见了，就打个招呼；相逢了，就给个拥抱；分手了，就说句再见。不纠缠，不厌世，不对爱情恶言相向。</p><center><img alt=\"唯美清新个性背景意境图片大全\" src=\"http://p1.wmpic.me/article/2017/09/07/1504764198_JwCGwHml.jpg\" width=\"550\" height=\"440\" _cke_saved_src=\"http://p1.wmpic.me/article/2017/09/07/1504764198_JwCGwHml.jpg\"/></center><p>　　因为你，我愿意成为一个更好的人，不想成为你的包袱，因此发奋努力，只是为了想要证明我足以与你相配。我相信，爱一个人最好的方式，是经营好自己，我有价值，我的付出才有人重视。</p><center><img alt=\"唯美清新个性背景意境图片大全\" src=\"http://p1.wmpic.me/article/2017/09/07/1504764198_MoOAgrYG.jpg\" width=\"550\" height=\"440\" _cke_saved_src=\"http://p1.wmpic.me/article/2017/09/07/1504764198_MoOAgrYG.jpg\"/></center><p>　　茫茫人海中，你说，我们不能主宰世界，但我们可以主宰自己，初涉风雨的苦笑，让我们留给秋风潇雨吧。我拿一生的诗歌来只釜煮酒，对酒当歌，在沉醉中，找回一点慰籍。</p><p><br/></p>            ');
INSERT INTO `y_spider_image_content` VALUES ('70', '', '', '', '  <center><p><img alt=\"日系好看的花草唯美小清新图片\" src=\"http://p2.wmpic.me/article/2017/09/07/1504763707_jzfvUxin.jpg\" width=\"550\" height=\"374\" _cke_saved_src=\"http://p2.wmpic.me/article/2017/09/07/1504763707_jzfvUxin.jpg\"/></p></center><p>　　冷漠是恶的集中体现，因为爱的反面不是恨，是冷漠；美的反面不是丑，是冷漠；信仰的反面不是异端，是冷漠；生命的反面不是死亡，是冷漠。</p><center><img alt=\"日系好看的花草唯美小清新图片\" src=\"http://p2.wmpic.me/article/2017/09/07/1504763707_KeMDUirT.jpg\" width=\"550\" height=\"366\" _cke_saved_src=\"http://p2.wmpic.me/article/2017/09/07/1504763707_KeMDUirT.jpg\"/></center><p>　　我拥抱过夏日黎明。宫殿正面，万物尚无动静。流水止息。林间道路残留着田野的阴影。我走出去，唤醒湿润、生动的气息，宝石睁开眼睛，羽翼无声地轻飞。我遇见的第一件好事：在白晃晃的清新小径，一朵花告诉我她的姓名。</p><center><img alt=\"日系好看的花草唯美小清新图片\" src=\"http://p2.wmpic.me/article/2017/09/07/1504763707_jcpgfgsV.jpg\" width=\"550\" height=\"366\" _cke_saved_src=\"http://p2.wmpic.me/article/2017/09/07/1504763707_jcpgfgsV.jpg\"/></center><p>　　人生多别离，我不怪你。我知道曾经你也很认真，我也是真心，都想着好好的走下去，厮守一辈子。只是后来，你沉默，我已是无语，要怪只怪冥冥之中的安排，错的时间里让我们相遇。</p><center><img alt=\"日系好看的花草唯美小清新图片\" src=\"http://p2.wmpic.me/article/2017/09/07/1504763707_truxtBvM.jpg\" width=\"550\" height=\"550\" _cke_saved_src=\"http://p2.wmpic.me/article/2017/09/07/1504763707_truxtBvM.jpg\"/></center><p>　　我笑、我爱、我希望、我努力、我受伤、我需要、我害怕、我哭泣，我知道你也经历同样的事，所以我们其实真的并无不同，我和你。</p><center><img alt=\"日系好看的花草唯美小清新图片\" src=\"http://p2.wmpic.me/article/2017/09/07/1504763707_viWQIEcM.jpg\" width=\"550\" height=\"550\" _cke_saved_src=\"http://p2.wmpic.me/article/2017/09/07/1504763707_viWQIEcM.jpg\"/></center><p>　　人在10岁之前，受家庭影响很大，有无一个好的家庭环境对人成长很关键。20岁之前，受朋友影响很大，有无一个好的朋友圈子对人成长很关键。30岁之前，受自我影响很大，有无一个好的自我启蒙对人成长很关键。30岁以后的事情，更多是受社会时势影响，个人因缘际会，看天赋，看努力，也看机遇。</p><center><img alt=\"日系好看的花草唯美小清新图片\" src=\"http://p2.wmpic.me/article/2017/09/07/1504763707_kChbpcVL.jpg\" width=\"550\" height=\"550\" _cke_saved_src=\"http://p2.wmpic.me/article/2017/09/07/1504763707_kChbpcVL.jpg\"/></center><p>　　我很单纯，最擅长丢掉包袱，绽开笑容。</p><center><img alt=\"日系好看的花草唯美小清新图片\" src=\"http://p2.wmpic.me/article/2017/09/07/1504763707_JrPwjEnu.jpg\" width=\"550\" height=\"550\" _cke_saved_src=\"http://p2.wmpic.me/article/2017/09/07/1504763707_JrPwjEnu.jpg\"/></center><p>　　最近总有些时候，我在想我所害怕的是：即使我使尽全力，用最快的速度一直跑，一直跑，也到不了你那里。</p><center><img alt=\"日系好看的花草唯美小清新图片\" src=\"http://p3.wmpic.me/article/2017/09/07/1504763708_HcFnnAGU.jpg\" width=\"550\" height=\"448\" _cke_saved_src=\"http://p3.wmpic.me/article/2017/09/07/1504763708_HcFnnAGU.jpg\"/></center><p>　　如果你只是等待，发生的事情只会是你变老了。</p><center><img alt=\"日系好看的花草唯美小清新图片\" src=\"http://p3.wmpic.me/article/2017/09/07/1504763708_lRuvqtnl.jpg\" width=\"550\" height=\"367\" _cke_saved_src=\"http://p3.wmpic.me/article/2017/09/07/1504763708_lRuvqtnl.jpg\"/></center><p>　　心简单，世界就简单，幸福才会生长；心自由，生活就自由，到哪都有快乐。</p><p><br/></p>            ');
INSERT INTO `y_spider_image_content` VALUES ('71', '', '', '', '  <center><p><img alt=\"文艺唯美静物小清新空间图片大全\" src=\"http://p1.wmpic.me/article/2017/09/05/1504594164_OFkcQrCy.jpg\" width=\"500\" height=\"312\" _cke_saved_src=\"http://p1.wmpic.me/article/2017/09/05/1504594164_OFkcQrCy.jpg\"/></p></center><p>　　两相比较，若是对自己，我以为还是期望得多一些为好，失败了虽易颓唐，但有时也会激起意料不到的勇气。若是对他人，期望值还是少一些为好，比较少失望和伤害。</p><center><img alt=\"文艺唯美静物小清新空间图片大全\" src=\"http://p2.wmpic.me/article/2017/09/05/1504594165_ZJiXclkU.jpg\" width=\"500\" height=\"312\" _cke_saved_src=\"http://p2.wmpic.me/article/2017/09/05/1504594165_ZJiXclkU.jpg\"/></center><p>　　“别离是为了重聚”，别离真的是为了重聚吗?以前的人，为了一段感情不离别，付上很多代价，比如放弃自己的理想，放弃机会。现在的人，却可以为这些而放弃一段感情。离别，只是为了追寻更好的东西。</p><center><img alt=\"文艺唯美静物小清新空间图片大全\" src=\"http://p2.wmpic.me/article/2017/09/05/1504594165_lEjeioVI.jpg\" width=\"500\" height=\"302\" _cke_saved_src=\"http://p2.wmpic.me/article/2017/09/05/1504594165_lEjeioVI.jpg\"/></center><p>　　抛弃别人总比被人抛弃好过一点，所谓离别，总是一个走，一个留下，走的那个当然比不上留下的那一个痛苦。</p><center><img alt=\"文艺唯美静物小清新空间图片大全\" src=\"http://p2.wmpic.me/article/2017/09/05/1504594165_YJPFleBv.jpg\" width=\"500\" height=\"312\" _cke_saved_src=\"http://p2.wmpic.me/article/2017/09/05/1504594165_YJPFleBv.jpg\"/></center><p>　　能一个月都流很多血而不死的只有女人，所以那是个奇怪的动物。你选择了就认载，你都认了，没必要这样那样的感叹了。</p><center><p><img alt=\"文艺唯美静物小清新空间图片大全\" src=\"http://p2.wmpic.me/article/2017/09/05/1504594165_BjhNmfLw.jpg\" width=\"500\" height=\"312\" _cke_saved_src=\"http://p2.wmpic.me/article/2017/09/05/1504594165_BjhNmfLw.jpg\"/></p></center><p>　　我以为爱情可以克服一切，谁知道她有时毫无力量。我以为爱情可以填满人生的遗憾，然而，制造更多遗憾的，却偏偏是爱情。阴晴圆缺，在一段爱情中不断重演。换一个人，都不会天色常蓝。</p><p><br/></p>            ');
INSERT INTO `y_spider_image_content` VALUES ('72', '', '', '', '  <center><p><img alt=\"高清日系唯美风景意境图片大全\" src=\"http://p1.wmpic.me/article/2017/09/05/1504591680_PgkqNQqG.jpg\" width=\"500\" height=\"500\" _cke_saved_src=\"http://p1.wmpic.me/article/2017/09/05/1504591680_PgkqNQqG.jpg\"/></p></center><p>　　一段友情离开了就淡了，一段爱情分离了就散了，珍惜现在所拥有的，也许下一秒就不再属于你。没有能回去的感情，就算真的回去了，你也会发现，一切已经面目全非。唯一能回去的，只是存于心底的记忆，所以，我们只能一直往前。</p><center><img alt=\"高清日系唯美风景意境图片大全\" src=\"http://p1.wmpic.me/article/2017/09/05/1504591680_jBSiVMiY.jpg\" width=\"500\" height=\"471\" _cke_saved_src=\"http://p1.wmpic.me/article/2017/09/05/1504591680_jBSiVMiY.jpg\"/></center><p>　　我是一个任性的孩子，我想擦去一切不幸。我想在大地上，画满窗子。让所有习惯黑暗的眼睛，都习惯光明。</p><center><img alt=\"高清日系唯美风景意境图片大全\" src=\"http://p1.wmpic.me/article/2017/09/05/1504591680_HWVsjdwk.jpg\" width=\"500\" height=\"333\" _cke_saved_src=\"http://p1.wmpic.me/article/2017/09/05/1504591680_HWVsjdwk.jpg\"/></center><p>　　生活中，总是有人要误解你，误解你的话、你的所有行为。很多事我们确实无法改变、不能左右，所以，那就，好好做自己吧。</p><center><img alt=\"高清日系唯美风景意境图片大全\" src=\"http://p1.wmpic.me/article/2017/09/05/1504591680_PQqTqstQ.jpg\" width=\"500\" height=\"330\" _cke_saved_src=\"http://p1.wmpic.me/article/2017/09/05/1504591680_PQqTqstQ.jpg\"/></center><p>　　最固执的，是一个人的心!就像有时候，可以安慰朋友，说服所有人，却唯一说服不了自己的心。</p><center><img alt=\"高清日系唯美风景意境图片大全\" src=\"http://p1.wmpic.me/article/2017/09/05/1504591680_CJLOQsGH.jpg\" width=\"500\" height=\"500\" _cke_saved_src=\"http://p1.wmpic.me/article/2017/09/05/1504591680_CJLOQsGH.jpg\"/></center><p>　　成长是一笔交易，我们都用朴素的童真和未经人事的洁白交换长大的勇气。</p><center><img alt=\"高清日系唯美风景意境图片大全\" src=\"http://p1.wmpic.me/article/2017/09/05/1504591680_KaTGPTlZ.jpg\" width=\"500\" height=\"499\" _cke_saved_src=\"http://p1.wmpic.me/article/2017/09/05/1504591680_KaTGPTlZ.jpg\"/></center><p>　　如果有一天，我无缘无故删了你，请原谅，那是我发现，你的世界真的不缺我一个。</p><p><br/></p>            ');
INSERT INTO `y_spider_image_content` VALUES ('73', '', '', '', '  <center><p><img alt=\"纽约街头的唯美芭蕾舞者意境图片大全\" src=\"http://p3.wmpic.me/article/2017/09/04/1504502966_dsmPfjmd.jpg\" width=\"440\" height=\"550\" _cke_saved_src=\"http://p3.wmpic.me/article/2017/09/04/1504502966_dsmPfjmd.jpg\"/></p></center><p>　　快乐不快乐看心情，幸福不幸福看心态。很多人活得够用心、够努力、够辛苦，但就是觉得不快乐、不幸福、不成功，因为他们看不清自己，不知道自己真正需要的是什么，不知道什么该坚持什么该放弃。人生无论最终的理想是什么，埋着头赶路是一种辛苦，边走边看则是一种享受。</p><center><img alt=\"纽约街头的唯美芭蕾舞者意境图片大全\" src=\"http://p3.wmpic.me/article/2017/09/04/1504502966_qwOYBnGo.jpg\" width=\"440\" height=\"550\" _cke_saved_src=\"http://p3.wmpic.me/article/2017/09/04/1504502966_qwOYBnGo.jpg\"/></center><p>　　一想到向你前赴后继的小姑娘那么多我就想坐地上耍泼打滚她们干嘛要和我抢你啊她们肯定没我喜欢你啊</p><center><img alt=\"纽约街头的唯美芭蕾舞者意境图片大全\" src=\"http://p3.wmpic.me/article/2017/09/04/1504502966_YUBgFaiw.jpg\" width=\"440\" height=\"550\" _cke_saved_src=\"http://p3.wmpic.me/article/2017/09/04/1504502966_YUBgFaiw.jpg\"/></center><p>　　生命没有神话，淡定从来不是与生俱来，淡定生于风雨，长于磨难，归于从容。别说人生坎坷多磨难，走过这些盘绕在脚下的崎岖，上天必会给你一份令人凝望的淡定高贵之气。期待一见钟情，却不相信一见钟情，只因一辈子太长，一眨眼目光终究抵不过一辈子。</p><center><img alt=\"纽约街头的唯美芭蕾舞者意境图片大全\" src=\"http://p3.wmpic.me/article/2017/09/04/1504502966_hOFUxlEc.jpg\" width=\"440\" height=\"550\" _cke_saved_src=\"http://p3.wmpic.me/article/2017/09/04/1504502966_hOFUxlEc.jpg\"/></center><p>　　未来的每一步一脚印，相知相惜相依为命，别忘记之间的约定，我会永远在你身边陪着你。</p><center><img alt=\"纽约街头的唯美芭蕾舞者意境图片大全\" src=\"http://p3.wmpic.me/article/2017/09/04/1504502966_ITQiemaG.jpg\" width=\"440\" height=\"550\" _cke_saved_src=\"http://p3.wmpic.me/article/2017/09/04/1504502966_ITQiemaG.jpg\"/></center><p>　　当一个女孩向你倾诉她的烦恼，那不是抱怨，那是她对你的信任。因为没有一个女的愿意跟不喜欢的男的废话。</p><center><img alt=\"纽约街头的唯美芭蕾舞者意境图片大全\" src=\"http://p3.wmpic.me/article/2017/09/04/1504502966_Wleamvrf.jpg\" width=\"440\" height=\"550\" _cke_saved_src=\"http://p3.wmpic.me/article/2017/09/04/1504502966_Wleamvrf.jpg\"/></center><p>　　时间太瘦，指缝太宽，我们肆意在青春的客栈里挥霍，在光阴的余辉中衰老。时间如精灵，瞬息只留下一个走远的背影，还有丝丝缕缕的愧怍悔恨。是啊，潺潺的溪流汇成汹涌的海洋，今天的过渡凝聚明天的精彩。就让我们在奋进中校正航标，在砥砺中自我逼进，让心境开阔，让目光望远，让情怀不死，让精神永存。</p><center><img alt=\"纽约街头的唯美芭蕾舞者意境图片大全\" src=\"http://p3.wmpic.me/article/2017/09/04/1504502966_ajuNafcU.jpg\" width=\"550\" height=\"550\" _cke_saved_src=\"http://p3.wmpic.me/article/2017/09/04/1504502966_ajuNafcU.jpg\"/></center><p>　　人生戏，有悲有喜，更加不能缺少你!情人节，不玩花腔，不耍杂技，只是认真的传个短信给你，我爱你。</p><p><br/></p>            ');
INSERT INTO `y_spider_image_content` VALUES ('74', '', '', '', '  <center><p><img alt=\"深情伤感的唯美QQ空间意境图片大全\" src=\"http://p1.wmpic.me/article/2017/08/31/1504163085_bIgowjhC.jpg\" width=\"500\" height=\"334\" _cke_saved_src=\"http://p1.wmpic.me/article/2017/08/31/1504163085_bIgowjhC.jpg\"/></p></center><p>　　深情从来都只有被辜负，只有薄情才会被反复思念。</p><center><img alt=\"深情伤感的唯美QQ空间意境图片大全\" src=\"http://p1.wmpic.me/article/2017/08/31/1504163085_KymaDVPU.jpg\" width=\"500\" height=\"333\" _cke_saved_src=\"http://p1.wmpic.me/article/2017/08/31/1504163085_KymaDVPU.jpg\"/></center><p>　　我天天吃大米，心里想的都是你!我从来不吃面，每天想见你一面!</p><center><img alt=\"深情伤感的唯美QQ空间意境图片大全\" src=\"http://p1.wmpic.me/article/2017/08/31/1504163085_vFuxeApz.jpg\" width=\"500\" height=\"333\" _cke_saved_src=\"http://p1.wmpic.me/article/2017/08/31/1504163085_vFuxeApz.jpg\"/></center><p>　　哭，并不代表我屈服;退一步，并不象征我认输;放手，并不表示我放弃;微笑，并不意味我快乐!</p><center><img alt=\"深情伤感的唯美QQ空间意境图片大全\" src=\"http://p1.wmpic.me/article/2017/08/31/1504163085_YXmEWpgI.jpg\" width=\"500\" height=\"375\" _cke_saved_src=\"http://p1.wmpic.me/article/2017/08/31/1504163085_YXmEWpgI.jpg\"/></center><p>　　打开一扇心窗，拥有一份温而不沸的情怀，拥有一颗淡然的心，懂得接受生命中的遗憾，学会珍惜生命中的感动，让心溢满宁静与阳光，一种幸福的感觉，即使不完美，也是最美！</p><center><img alt=\"深情伤感的唯美QQ空间意境图片大全\" src=\"http://p1.wmpic.me/article/2017/08/31/1504163085_VGPvtXCo.jpg\" width=\"500\" height=\"334\" _cke_saved_src=\"http://p1.wmpic.me/article/2017/08/31/1504163085_VGPvtXCo.jpg\"/></center><p>　　为什么丘比特的箭要射在心上，是为了提醒我们，即使是真爱，有时也会有受伤。</p><center><img alt=\"深情伤感的唯美QQ空间意境图片大全\" src=\"http://p1.wmpic.me/article/2017/08/31/1504163085_jxYuOYxv.jpg\" width=\"500\" height=\"332\" _cke_saved_src=\"http://p1.wmpic.me/article/2017/08/31/1504163085_jxYuOYxv.jpg\"/></center><p>　　当我们是少数时，可以测试自己的勇气；当我们是多数时，可以测试自己的宽容。</p><center><img alt=\"深情伤感的唯美QQ空间意境图片大全\" src=\"http://p1.wmpic.me/article/2017/08/31/1504163085_vnEFwhtK.jpg\" width=\"510\" height=\"341\" _cke_saved_src=\"http://p1.wmpic.me/article/2017/08/31/1504163085_vnEFwhtK.jpg\"/></center><p>　　我想了太多、多得都有一点懦弱。</p><center><img alt=\"深情伤感的唯美QQ空间意境图片大全\" src=\"http://p1.wmpic.me/article/2017/08/31/1504163085_eEwhfZoz.jpg\" width=\"500\" height=\"331\" _cke_saved_src=\"http://p1.wmpic.me/article/2017/08/31/1504163085_eEwhfZoz.jpg\"/></center><p>　　唯一能真正持续的爱是能接受一切，能接受一切失望，一切失败，一切失意，甚至能接受这样一种残酷的事实：最终，最深的欲望只是简单的相伴。</p><center><img alt=\"深情伤感的唯美QQ空间意境图片大全\" src=\"http://p1.wmpic.me/article/2017/08/31/1504163085_etEuVEvz.jpg\" width=\"500\" height=\"302\" _cke_saved_src=\"http://p1.wmpic.me/article/2017/08/31/1504163085_etEuVEvz.jpg\"/></center><p>　　你必须要在困境中发现机遇，在忧伤中感受幸福，在付出中获得回报，关注那些让你开心的事而不是那些让你厌恶的事。</p><center><img alt=\"深情伤感的唯美QQ空间意境图片大全\" src=\"http://p1.wmpic.me/article/2017/08/31/1504163085_ZsdOTijx.png\" width=\"507\" height=\"344\" _cke_saved_src=\"http://p1.wmpic.me/article/2017/08/31/1504163085_ZsdOTijx.png\"/></center><p>　　我发现一个人在放弃给别人留好印象的负担之后，原来心里会如此踏实。一个人不必再讨人欢喜，就可以像我此刻这样，停止受累。</p><p><br/></p>            ');
INSERT INTO `y_spider_image_content` VALUES ('75', '', '', '', '  <center><p><img alt=\"高清唯美微信背景空间意境图片大全\" src=\"http://p2.wmpic.me/article/2017/08/29/1503990496_wSCuOlZM.jpg\" width=\"640\" height=\"428\" _cke_saved_src=\"http://p2.wmpic.me/article/2017/08/29/1503990496_wSCuOlZM.jpg\"/></p></center><p>　　懂得放弃的人，得到更多。懂得舍取的人，珍惜更多。懂得遗忘的人，快乐更多。</p><center><img alt=\"高清唯美微信背景空间意境图片大全\" src=\"http://p2.wmpic.me/article/2017/08/29/1503990496_wiJELbXI.jpg\" width=\"640\" height=\"428\" _cke_saved_src=\"http://p2.wmpic.me/article/2017/08/29/1503990496_wiJELbXI.jpg\"/></center><p>　　起初，我们揣着糊涂装明白。后来，我们揣着明白装糊涂。并不是我们愿意活得不明不白。只是，好多事情，一用力，就会拆穿，一拆穿，就会失去。成人的世界，总是这么脆弱。</p><center><img alt=\"高清唯美微信背景空间意境图片大全\" src=\"http://p2.wmpic.me/article/2017/08/29/1503990496_uEOYCgva.jpg\" width=\"640\" height=\"437\" _cke_saved_src=\"http://p2.wmpic.me/article/2017/08/29/1503990496_uEOYCgva.jpg\"/></center><p>　　再烦，也别忘微笑，再苦，也别忘坚持，再累，也别忘爱惜自己。</p><center><img alt=\"高清唯美微信背景空间意境图片大全\" src=\"http://p2.wmpic.me/article/2017/08/29/1503990496_adfenXoW.jpg\" width=\"640\" height=\"436\" _cke_saved_src=\"http://p2.wmpic.me/article/2017/08/29/1503990496_adfenXoW.jpg\"/></center><p>　　解释就是掩饰，掩饰就是事实，事实就是不老实，不老实就是欠收拾。</p><center><img alt=\"高清唯美微信背景空间意境图片大全\" src=\"http://p2.wmpic.me/article/2017/08/29/1503990496_cvBsGhCP.jpg\" width=\"640\" height=\"428\" _cke_saved_src=\"http://p2.wmpic.me/article/2017/08/29/1503990496_cvBsGhCP.jpg\"/></center><p>　　生活怎么向前，需要智慧和勇气，随缘和简单，命运对每个人的雕琢从来也不会停止，这就是生命本身的内涵，随缘不是简单的给烦恼让路，而是化干戈为玉帛的共识的智慧。</p><center><img alt=\"高清唯美微信背景空间意境图片大全\" src=\"http://p2.wmpic.me/article/2017/08/29/1503990496_MOdjxwIO.jpg\" width=\"640\" height=\"433\" _cke_saved_src=\"http://p2.wmpic.me/article/2017/08/29/1503990496_MOdjxwIO.jpg\"/></center><p>　　喜欢就坚持，别中途放弃，或许最后不会得到什么结果，但你曾经努力过，喜欢过，到最后就算没结果，你也不后悔。</p><p><br/></p>            ');
INSERT INTO `y_spider_image_content` VALUES ('76', '', '', '', '  <center><p><img alt=\"寂寞伤感孤单女生背影意境图片\" src=\"http://p1.wmpic.me/article/2017/08/28/1503899898_hxiFBuMJ.jpg\" width=\"500\" height=\"500\" _cke_saved_src=\"http://p1.wmpic.me/article/2017/08/28/1503899898_hxiFBuMJ.jpg\"/></p></center><p>　　如果你爱上了一个人，请你，请你一定要温柔地对待他，不管你们相爱的时间有多长或是多短，若你们能始终温柔地相待，那么，所有的时刻都将是一种无瑕的美丽。</p><center><img alt=\"寂寞伤感孤单女生背影意境图片\" src=\"http://p1.wmpic.me/article/2017/08/28/1503899898_HltjtEnj.jpg\" width=\"500\" height=\"334\" _cke_saved_src=\"http://p1.wmpic.me/article/2017/08/28/1503899898_HltjtEnj.jpg\"/></center><p>　　心中对你的思念很浓，想对你说的话很多。但最想知道的还是你过的好不好？在这个金秋季节，捎去我真诚的问候与祝福，希望你很好。</p><center><img alt=\"寂寞伤感孤单女生背影意境图片\" src=\"http://p1.wmpic.me/article/2017/08/28/1503899898_rYoshNYo.jpg\" width=\"500\" height=\"333\" _cke_saved_src=\"http://p1.wmpic.me/article/2017/08/28/1503899898_rYoshNYo.jpg\"/></center><p>　　幸福，不是长生不老，不是大鱼大肉，不是权倾朝野。幸福是每一个微笑生活愿望的达成，当你想吃的时候有的吃，想被爱的时候有人来爱你。</p><center><img alt=\"寂寞伤感孤单女生背影意境图片\" src=\"http://p1.wmpic.me/article/2017/08/28/1503899898_AsKXefMs.jpg\" width=\"500\" height=\"333\" _cke_saved_src=\"http://p1.wmpic.me/article/2017/08/28/1503899898_AsKXefMs.jpg\"/></center><p>　　想找你玩，春风春景多潇洒；想约你逛，春光春雨多惬意；想陪你乐，春天春意多惹人。阳光灿烂的日子，亲爱的，不要宅在家，尽享春光，恣意闹春！</p><center><img alt=\"寂寞伤感孤单女生背影意境图片\" src=\"http://p1.wmpic.me/article/2017/08/28/1503899898_ZTHvxrfW.jpg\" width=\"500\" height=\"357\" _cke_saved_src=\"http://p1.wmpic.me/article/2017/08/28/1503899898_ZTHvxrfW.jpg\"/></center><p>　　我想在冬天的结尾说一句爱你，因为可以融化在心里，我想在春天的开始说一句爱你，因为可以盛开在心里，我想在此时此刻说一句爱你，因为可以悸动在心里。</p><p><br/></p>            ');
INSERT INTO `y_spider_image_content` VALUES ('77', 'upload/spider/201711/0ab65ea8442.jpg', 'upload/spider/201711/small_0ab65ea8442.jpg', '', '  <p><a href=\"/89804/59a1174944a66_32\"><img src=\"http://p2.wmpic.me/article/2017/08/26/1503729481_gZEyKMfj.jpg\" alt=\"小清新唯美景物微信背景意境图片大全\"/></a><a href=\"/89804/59a1174953f68_69\"><img src=\"http://p2.wmpic.me/article/2017/08/26/1503729481_swtWvlia.jpg\" alt=\"小清新唯美景物微信背景意境图片大全\"/></a><a href=\"/89804/59a117495e49c_94\"><img src=\"http://p2.wmpic.me/article/2017/08/26/1503729481_nYyKtljH.jpg\" alt=\"小清新唯美景物微信背景意境图片大全\"/></a><a href=\"/89804/59a117496675f_79\"><img src=\"http://p2.wmpic.me/article/2017/08/26/1503729481_YwDvPbpT.jpg\" alt=\"小清新唯美景物微信背景意境图片大全\"/></a><a href=\"/89804/59a117496ceab_11\"><img src=\"http://p2.wmpic.me/article/2017/08/26/1503729481_JXsJwlmx.jpg\" alt=\"小清新唯美景物微信背景意境图片大全\"/></a><a href=\"/89804/59a117497352b_24\"><img src=\"http://p2.wmpic.me/article/2017/08/26/1503729481_uuyRUFfA.jpg\" alt=\"小清新唯美景物微信背景意境图片大全\"/></a><a href=\"/89804/59a117497a631_33\"><img src=\"http://p2.wmpic.me/article/2017/08/26/1503729481_qHUqYMzc.jpg\" alt=\"小清新唯美景物微信背景意境图片大全\"/></a></p>            ');
INSERT INTO `y_spider_image_content` VALUES ('78', '', '', '', '<p>\r\n	<img alt=\"漂亮的西湖美景小清新唯美意境图片\" src=\"http://p2.wmpic.me/article/2017/08/25/1503641311_GuaaotrR.jpg\" width=\"600\" height=\"450\" /> \r\n</p>\r\n<p>\r\n	静静望着天空，唯一不同的还是你的瞳，失落过后的梦，只剩看着你的背影，离开时间泪流得从容。\r\n</p>\r\n<img alt=\"漂亮的西湖美景小清新唯美意境图片\" src=\"http://p2.wmpic.me/article/2017/08/25/1503641311_uWNYyqBT.jpg\" width=\"600\" height=\"450\" /> \r\n<p>\r\n	是一种伤害！从来不知道这世上有多少东西是可以永恒的。曾几何时认为执着是最美的，可是当这份执着变成心中的枷锁时，我知道自己应该选择放弃。\r\n</p>\r\n<img alt=\"漂亮的西湖美景小清新唯美意境图片\" src=\"http://p2.wmpic.me/article/2017/08/25/1503641311_nlwYmvlQ.jpg\" width=\"600\" height=\"450\" /> \r\n<p>\r\n	分手后不可以做朋友，因为彼此伤害过，不可以做敌人，因为彼此深爱过，所以我们变成了最熟悉的陌生人。\r\n</p>\r\n<img alt=\"漂亮的西湖美景小清新唯美意境图片\" src=\"http://p2.wmpic.me/article/2017/08/25/1503641311_givJrzwI.jpg\" width=\"600\" height=\"450\" /> \r\n<p>\r\n	你和我说的理由在我这里永远都不能成立，我知你心已变，真所谓：痴心女子负心汉。\r\n</p>\r\n<img alt=\"漂亮的西湖美景小清新唯美意境图片\" src=\"http://p3.wmpic.me/article/2017/08/25/1503641312_FKnHwLIj.jpg\" width=\"600\" height=\"450\" /> \r\n<p>\r\n	寂寞的人总是会用心的记住他生命中出现过的每一个人，于是我总是意犹未尽地想起你在每个星光陨落的晚上一遍一遍数我的寂寞。\r\n</p>\r\n<img alt=\"漂亮的西湖美景小清新唯美意境图片\" src=\"http://p3.wmpic.me/article/2017/08/25/1503641312_NkspzpWr.jpg\" width=\"600\" height=\"450\" /> \r\n<p>\r\n	你最爱的，没有选择你。选择你的不是你最爱的，这就是生活！所以去爱你所选择的，你会觉得生活是如此美好！\r\n</p>\r\n<p>\r\n	<br />\r\n</p>');
INSERT INTO `y_spider_image_content` VALUES ('79', '', '', '', '  <center><img alt=\"时光涵意清晰唯美高清意境图片大全\" src=\"http://p2.wmpic.me/article/2017/08/23/1503472738_WfhDbpsM.jpg\" width=\"500\" height=\"370\" _cke_saved_src=\"http://p2.wmpic.me/article/2017/08/23/1503472738_WfhDbpsM.jpg\"/></center><p>　　凡世的喧嚣和明亮，世俗的快乐和幸福，如同清亮的溪涧，在风里，在我眼前，汨汨而过，温暖如同泉水一样涌出来，我没有奢望，我只要你快乐，不要哀伤。</p><center><p><img alt=\"时光涵意清晰唯美高清意境图片大全\" src=\"http://p2.wmpic.me/article/2017/08/23/1503472738_PcEvmYDi.jpg\" width=\"500\" height=\"326\" _cke_saved_src=\"http://p2.wmpic.me/article/2017/08/23/1503472738_PcEvmYDi.jpg\"/></p></center><p>　　我们变得越来越担当了，我们不会轻易说放弃，因为要面对太多的东西，有些事情不可以儿戏，有些人不可以随便，我们慢慢地学会谨慎，学会小心翼翼处理各种关系，因为我们不想遭受不理解，我们活着也有尊严，有自己的生活。原来，我们制造了各种各样的事情，而事情也在悄悄地改变着我们。</p><center><img alt=\"时光涵意清晰唯美高清意境图片大全\" src=\"http://p2.wmpic.me/article/2017/08/23/1503472738_itmBlYRi.jpg\" width=\"500\" height=\"333\" _cke_saved_src=\"http://p2.wmpic.me/article/2017/08/23/1503472738_itmBlYRi.jpg\"/></center><p>　　两个人一起是为了快乐，分手是为了减轻痛苦，你无法再令我快乐，我也唯有离开，我离开的时候，也很痛苦，只是，你肯定比我痛苦，因为我首先说再见，首先追求快乐的是我。</p><center><img alt=\"时光涵意清晰唯美高清意境图片大全\" src=\"http://p2.wmpic.me/article/2017/08/23/1503472738_OyPcKNZl.jpg\" width=\"500\" height=\"335\" _cke_saved_src=\"http://p2.wmpic.me/article/2017/08/23/1503472738_OyPcKNZl.jpg\"/></center><p>　　一个做女人的痛苦：当她和她所爱的男人有了肉体关系以后，她就很自然地把这种关系视为一种永远，但男人却可以不同，他们可能只会觉得那是生存方式的又一种演绎。正如书上说的：男女之间，在没有婚姻的承诺前，还是保持简单的关系为好，否则，真的没有岁月可以回头。</p><center><img alt=\"时光涵意清晰唯美高清意境图片大全\" src=\"http://p2.wmpic.me/article/2017/08/23/1503472738_NDcYhCHY.jpg\" width=\"500\" height=\"382\" _cke_saved_src=\"http://p2.wmpic.me/article/2017/08/23/1503472738_NDcYhCHY.jpg\"/></center><p>　　记忆零落的恨，像被刀子划过叻的鱼鳞，囿些还畱在身体仩，囿些是掉在叻水里叻，讲水一搅，囿几片还会繙腾，闪烁，然而中间混着血丝。</p><p><br/></p>            ');
INSERT INTO `y_spider_image_content` VALUES ('80', '', '', '', '  <center><p><img alt=\"暖色清晰唯美小清新意境图片大全\" src=\"http://p2.wmpic.me/article/2017/08/23/1503471142_dUCVqehg.jpg\" width=\"500\" height=\"333\" _cke_saved_src=\"http://p2.wmpic.me/article/2017/08/23/1503471142_dUCVqehg.jpg\"/></p></center><p>　　有时觉得自己傻，不喜欢争功劳，不喜欢说漂亮话，不喜欢借着别人往上爬，不喜欢摆弄一切在这个世界上可以活得更好的生存技能。不是不够聪明，而是觉得踏踏实实好过卖弄聪明，认真努力好过虚假显摆。也许在很多人看来你活得不够成功，但起码你过得真实快乐富有人生哲理的句子_爱情哲理句子短一点的话语摘抄富有人生哲理的句子_爱情哲理句子短一点的话语摘抄。</p><center><img alt=\"暖色清晰唯美小清新意境图片大全\" src=\"http://p2.wmpic.me/article/2017/08/23/1503471142_YaKjUIpX.jpg\" width=\"500\" height=\"335\" _cke_saved_src=\"http://p2.wmpic.me/article/2017/08/23/1503471142_YaKjUIpX.jpg\"/></center><p>　　生活中，一个真实的自己背负着一个假面的自己。现实中，一个简单的自己装载着一个复杂的自己。看戏，听戏，演戏。生活似乎主宰了一切，其实是表象背后的真实拿的主意。什么是真实？真实的背后，欲望才是主谋。不相信眼睛，不相信耳朵，唯有感知的心是对的，明白就好了。</p><center><img alt=\"暖色清晰唯美小清新意境图片大全\" src=\"http://p2.wmpic.me/article/2017/08/23/1503471142_VQbbekEI.jpg\" width=\"500\" height=\"333\" _cke_saved_src=\"http://p2.wmpic.me/article/2017/08/23/1503471142_VQbbekEI.jpg\"/></center><p>　　有人说狂妄的人有救，自卑的人没有救。但是大多说人都会有一段或狂妄或自卑的经历，不都好好的吗？狂妄如何，受到打击后自然会收敛，学会谨慎；自卑又如何，当发现退无可退、无路可走时，自然会重拾脚下的路，从头开始，一点点的积累自信。人无完人，天亦不完人，只要认识到自己的不足，自然有改正的机会，谁又不是从风风雨雨中闯过来的？一个小小的自卑怎可妄言能阻挡谁？只要有心，凡事都有改变的可能。</p><center><img alt=\"暖色清晰唯美小清新意境图片大全\" src=\"http://p2.wmpic.me/article/2017/08/23/1503471142_EuAdthJB.jpg\" width=\"500\" height=\"334\" _cke_saved_src=\"http://p2.wmpic.me/article/2017/08/23/1503471142_EuAdthJB.jpg\"/></center><p>　　如果说主语是我，而谓语是你，那么我想“爱”是最佳的链接词。</p><center><img alt=\"暖色清晰唯美小清新意境图片大全\" src=\"http://p2.wmpic.me/article/2017/08/23/1503471142_nuQnJkIN.jpg\" width=\"500\" height=\"334\" _cke_saved_src=\"http://p2.wmpic.me/article/2017/08/23/1503471142_nuQnJkIN.jpg\"/></center><p>　　不要走，请逗留，不要再让我心痛，难道你认为伤我还不够?</p><p><br/></p>            ');
INSERT INTO `y_spider_image_content` VALUES ('81', '', '', '', '  <center><p><img alt=\"幽静伤感美女小清新唯美意境图片\" src=\"http://p2.wmpic.me/article/2017/08/23/1503467503_hUVeLqAL.jpg\" width=\"640\" height=\"420\" _cke_saved_src=\"http://p2.wmpic.me/article/2017/08/23/1503467503_hUVeLqAL.jpg\"/></p></center><p>　　初恋：就想一见钟情!热恋：就想以身相许!留恋：就想百依百顺!失恋：就想你东我西!</p><center><img alt=\"幽静伤感美女小清新唯美意境图片\" src=\"http://p3.wmpic.me/article/2017/08/23/1503467504_NKjsrFvK.jpg\" width=\"640\" height=\"420\" _cke_saved_src=\"http://p3.wmpic.me/article/2017/08/23/1503467504_NKjsrFvK.jpg\"/></center><p>　　能让你登高的，不是他人的肩膀，而是内心的学识；能让你站立的，不是卑微的苟活，而是不屈的抗争；能让你重新开始的，不是等待住事的结束，而是勇敢地和它说再见；能让你终生追逐的，不是远方的目标，而是不死的信念。</p><center><img alt=\"幽静伤感美女小清新唯美意境图片\" src=\"http://p3.wmpic.me/article/2017/08/23/1503467504_YAMCFuZp.jpg\" width=\"640\" height=\"420\" _cke_saved_src=\"http://p3.wmpic.me/article/2017/08/23/1503467504_YAMCFuZp.jpg\"/></center><p>　　没有一种服装，比的爱更合身;没有一种装饰，比的爱更迷人。</p><center><img alt=\"幽静伤感美女小清新唯美意境图片\" src=\"http://p3.wmpic.me/article/2017/08/23/1503467504_ZJtlzmlI.jpg\" width=\"640\" height=\"420\" _cke_saved_src=\"http://p3.wmpic.me/article/2017/08/23/1503467504_ZJtlzmlI.jpg\"/></center><p>　　分手后不可以做朋友，因为彼此伤害过，不可以做敌人，因为彼此深爱过，所以我们变成了最熟悉的陌生人……</p><center><img alt=\"幽静伤感美女小清新唯美意境图片\" src=\"http://p3.wmpic.me/article/2017/08/23/1503467504_maFCLDsY.jpg\" width=\"640\" height=\"420\" _cke_saved_src=\"http://p3.wmpic.me/article/2017/08/23/1503467504_maFCLDsY.jpg\"/></center><p>　　要有自己的车子，多少排量也无所谓。是不是宝马，是不是大奔也无所谓，就算是熊猫车也比那些强，因为那是你喜欢的。</p><center><img alt=\"幽静伤感美女小清新唯美意境图片\" src=\"http://p2.wmpic.me/article/2017/08/23/1503467503_JyccMSwP.jpg\" width=\"640\" height=\"420\" _cke_saved_src=\"http://p2.wmpic.me/article/2017/08/23/1503467503_JyccMSwP.jpg\"/></center><p>　　男人最大的秘密往往告诉红颜知己，不是同性、家人或妻子。当红颜知己成了妻子，她的这部分权力马上被取消了。</p><p><br/></p>            ');
INSERT INTO `y_spider_image_content` VALUES ('82', '', '', '', '  <center><p><img alt=\"高清信物微信背景唯美意境图片大全\" src=\"http://p2.wmpic.me/article/2017/08/22/1503380614_MwVBBzLf.jpg\" width=\"500\" height=\"332\" _cke_saved_src=\"http://p2.wmpic.me/article/2017/08/22/1503380614_MwVBBzLf.jpg\"/></p></center><p>　　我曾经以为对一个人的感情和依赖从有到无会会是一个渐渐消减的过程，但事实是，他会在某一个时刻甚至是某一个瞬间，突然的立减为零，就像你听到一个长长的回声突然被切断了，留下了巨大的空虚，我的这个转变就发生在这一天。</p><center><img alt=\"高清信物微信背景唯美意境图片大全\" src=\"http://p2.wmpic.me/article/2017/08/22/1503380614_etRBYKow.jpg\" width=\"500\" height=\"344\" _cke_saved_src=\"http://p2.wmpic.me/article/2017/08/22/1503380614_etRBYKow.jpg\"/></center><p>　　“我们还可以和好朋友一样吃饭，玩乐。但也只是好朋友”</p><center><img alt=\"高清信物微信背景唯美意境图片大全\" src=\"http://p2.wmpic.me/article/2017/08/22/1503380614_jduVOMVz.jpg\" width=\"500\" height=\"333\" _cke_saved_src=\"http://p2.wmpic.me/article/2017/08/22/1503380614_jduVOMVz.jpg\"/></center><p>　　罗子君始终坚信着丈夫陈俊生对自己的承诺，相信丈夫不会背叛自己。乍一听，这话有点幼稚，但是有点单纯、没有心机的“陈太太”被这几句话欺骗了那么久。</p><center><img alt=\"高清信物微信背景唯美意境图片大全\" src=\"http://p2.wmpic.me/article/2017/08/22/1503380614_LckjfxhL.jpg\" width=\"500\" height=\"332\" _cke_saved_src=\"http://p2.wmpic.me/article/2017/08/22/1503380614_LckjfxhL.jpg\"/></center><p>　　没有任何人会成为你以为的今生今世的避风港，只有你才是自己最后的庇护所。</p><center><img alt=\"高清信物微信背景唯美意境图片大全\" src=\"http://p2.wmpic.me/article/2017/08/22/1503380614_AYdSHvMB.jpg\" width=\"500\" height=\"334\" _cke_saved_src=\"http://p2.wmpic.me/article/2017/08/22/1503380614_AYdSHvMB.jpg\"/></center><p>　　男人内心深深深处永远都希望老婆是老婆，情人永远是情人。像两颗行星永远保持在三万光年的距离，且平行运转，永不相交。</p><p><br/></p>            ');
INSERT INTO `y_spider_image_content` VALUES ('83', '', '', '', '  <center><p><img alt=\"雨中唯美高清伤感背影微信背景意境图片\" src=\"http://p1.wmpic.me/article/2017/08/21/1503300858_gLfnxyVE.jpg\" width=\"500\" height=\"333\" _cke_saved_src=\"http://p1.wmpic.me/article/2017/08/21/1503300858_gLfnxyVE.jpg\"/></p></center><p>　　一年已过了一半。你的明天快不快乐，已经与我无关，我们的爱是唱一半的歌。上半年甜蜜的回忆还在心间，可下半年我只能唱着半支情歌入眠。</p><center><img alt=\"雨中唯美高清伤感背影微信背景意境图片\" src=\"http://p1.wmpic.me/article/2017/08/21/1503300858_SUeogUSR.jpg\" width=\"500\" height=\"331\" _cke_saved_src=\"http://p1.wmpic.me/article/2017/08/21/1503300858_SUeogUSR.jpg\"/></center><p>　　借我哆啦A梦，我会努力，给她撑起一片幸福的天空;借我哆啦A梦，我会懂得疼她，给她最幸福的感觉;借我哆啦A梦，我会紧紧抓住的她的手，把我的所有传递给她。爱她，就要让爱常伴她。</p><center><img alt=\"雨中唯美高清伤感背影微信背景意境图片\" src=\"http://p1.wmpic.me/article/2017/08/21/1503300858_mmFYcxbR.jpg\" width=\"500\" height=\"387\" _cke_saved_src=\"http://p1.wmpic.me/article/2017/08/21/1503300858_mmFYcxbR.jpg\"/></center><p>　　如果有一扇任意门在我面前，那么我会毫不犹豫地去我未来婚礼的教堂，好看一看那个人是什么模样。虽然门还未打开，我却感到看见了那个人的容貌，似乎那个人就在我面前。</p><center><img alt=\"雨中唯美高清伤感背影微信背景意境图片\" src=\"http://p1.wmpic.me/article/2017/08/21/1503300858_GYShPKen.jpg\" width=\"500\" height=\"332\" _cke_saved_src=\"http://p1.wmpic.me/article/2017/08/21/1503300858_GYShPKen.jpg\"/></center><p>　　曾经有一份真挚的感情摆在我面前，我没有好好珍惜，知道失去后才后悔莫及，如果借我哆啦a梦的任意门，我要回到过去，不再像懦夫一样开不了口，我要她成我的可爱女人!</p><center><img alt=\"雨中唯美高清伤感背影微信背景意境图片\" src=\"http://p1.wmpic.me/article/2017/08/21/1503300858_eFAOwQoh.jpg\" width=\"500\" height=\"332\" _cke_saved_src=\"http://p1.wmpic.me/article/2017/08/21/1503300858_eFAOwQoh.jpg\"/></center><p>　　十多年前有段恋，皆因任性无缘牵，思念到今空悲叹，只叹时光不复返。今幸打开任意门，忙把愿望向你传，让你今生幸福欢，来世牵手今生缘!</p><p><br/></p>            ');
INSERT INTO `y_spider_image_content` VALUES ('84', '', '', '', '  <center><p><img alt=\"最新盆栽花草高清唯美小清新意境图片\" src=\"http://p2.wmpic.me/article/2017/08/21/1503295708_iPjCadjd.jpg\" width=\"500\" height=\"397\" _cke_saved_src=\"http://p2.wmpic.me/article/2017/08/21/1503295708_iPjCadjd.jpg\"/></p></center><p>　　少女时，某次，在路边池塘边，看见一少年，在柳树下站着钓鱼。那是一个怎样的画面啊，一方池塘，一池闪耀金色光芒的水面，一排杨柳，一个少年。那少年周身，仿佛也发出金色光芒。</p><center><img alt=\"最新盆栽花草高清唯美小清新意境图片\" src=\"http://p2.wmpic.me/article/2017/08/21/1503295708_GppZrhdX.jpg\" width=\"500\" height=\"372\" _cke_saved_src=\"http://p2.wmpic.me/article/2017/08/21/1503295708_GppZrhdX.jpg\"/></center><p>　　在红尘里，在烟火里，在梦里，你都会恰似昙花般的出现，然后消身匿迹。也许这样便好，这样更好，经年以后，终于明白守望一份且近且远，且幻且真的静美，是生命里一溪温润的暖流，足矣!</p><center><img alt=\"最新盆栽花草高清唯美小清新意境图片\" src=\"http://p2.wmpic.me/article/2017/08/21/1503295708_aSNCTqVy.jpg\" width=\"500\" height=\"377\" _cke_saved_src=\"http://p2.wmpic.me/article/2017/08/21/1503295708_aSNCTqVy.jpg\"/></center><p>　　一年春事，桃花红了谁。一眼回眸，尘缘遇了谁。一点灵犀，真情赠了谁。一句珍重，天涯送了谁。一番萧索，鱼书寄了谁。一帘幽梦，凭栏念了谁。一杯浊酒，相逢醉了谁。一声低唱，才情痴了谁。一种相思，闲愁予了谁。</p><center><img alt=\"最新盆栽花草高清唯美小清新意境图片\" src=\"http://p2.wmpic.me/article/2017/08/21/1503295708_AxMpFejO.jpg\" width=\"500\" height=\"362\" _cke_saved_src=\"http://p2.wmpic.me/article/2017/08/21/1503295708_AxMpFejO.jpg\"/></center><p>　　悠悠相思曲，琴弦心下系，风情万里来，花落树家开，不用忖思量，暗自嗟愁离。空翠烟波里，袅袅曲幽尽，我与君相许，来年约他里，琴瑟舞心声，舞姿吟相思，莫道不相忘，从此两厢许。</p><center><img alt=\"最新盆栽花草高清唯美小清新意境图片\" src=\"http://p2.wmpic.me/article/2017/08/21/1503295708_ZdOZeJNj.jpg\" width=\"500\" height=\"417\" _cke_saved_src=\"http://p2.wmpic.me/article/2017/08/21/1503295708_ZdOZeJNj.jpg\"/></center><p>　　翻开岁月的扉页，每一道风景，都在滋养着花香，温暖，一点点在指尖蔓延，文字的感怀里，感谢你用心解读我的每一篇心语，我的世界，你来过，于我，已然是满心欢喜，我于三月的春光中，聆听花开的声音，岁月，便在一记浅笑中安然。</p><center><img alt=\"最新盆栽花草高清唯美小清新意境图片\" src=\"http://p2.wmpic.me/article/2017/08/21/1503295708_ZdLRpBWj.jpg\" width=\"500\" height=\"441\" _cke_saved_src=\"http://p2.wmpic.me/article/2017/08/21/1503295708_ZdLRpBWj.jpg\"/></center><p>　　我的幸福，是缠绵在你的谎言中，永远不愿醒来;我的快乐，是荡漾在你的柔波里，盘踞在你的心里;我的满足，是能够每天融入你的脉动，聆听你的心律;我的心愿，是和你一起在甜蜜中徜徉，在艰辛中跋涉，哪怕吃糠咽菜，平淡无奇我不奢望荣华，不祈求富贵，只想和你走过的地方，都是我们爱的足迹。</p><center><img alt=\"最新盆栽花草高清唯美小清新意境图片\" src=\"http://p2.wmpic.me/article/2017/08/21/1503295708_qwHkzhUu.jpg\" width=\"500\" height=\"374\" _cke_saved_src=\"http://p2.wmpic.me/article/2017/08/21/1503295708_qwHkzhUu.jpg\"/></center><p>　　秋意斑斓，年华流逝，不再是叹息可以挽留。温暖相伴，墨染芳华，请珍存那一份份遗失的美好。花开四季，墨浸流年，风铃，愿你的人生里每一次的相遇都是完美，也希望彼此将这份真挚的情怀恒久珍藏。情暖一生，友爱相随，真心祝愿，明天的你能够依旧保留最美的笑容。</p><center><img alt=\"最新盆栽花草高清唯美小清新意境图片\" src=\"http://p2.wmpic.me/article/2017/08/21/1503295708_zLTLzZDn.jpg\" width=\"500\" height=\"333\" _cke_saved_src=\"http://p2.wmpic.me/article/2017/08/21/1503295708_zLTLzZDn.jpg\"/></center><p>　　当时光的影，温婉成一季深秋的软，我在层层叠叠的朵瓣间，将爱恋，用最安宁的唇语渐渐填满。此刻，你自远方寄来一线牵念，我轻轻和上你的曲调，在爱的原野上，吟唱成指间最美的华年。将秋天的一丝憧憬藏于眸间，在薰衣草的紫色花田里，合拢起芬芳的香气。</p><p><br/></p>            ');
INSERT INTO `y_spider_image_content` VALUES ('85', '', '', '', '  <center><p><img alt=\"高清唯美微信背景小清新意境图片\" src=\"http://p3.wmpic.me/article/2017/08/17/1502950052_LukCemYf.jpg\" width=\"550\" height=\"365\" _cke_saved_src=\"http://p3.wmpic.me/article/2017/08/17/1502950052_LukCemYf.jpg\"/></p></center><p>　　爱，若是存在感没有了。感情，也就结束了。真希望自己的故事很少，很少。</p><center><img alt=\"高清唯美微信背景小清新意境图片\" src=\"http://p3.wmpic.me/article/2017/08/17/1502950052_tPqAUphm.jpg\" width=\"550\" height=\"354\" _cke_saved_src=\"http://p3.wmpic.me/article/2017/08/17/1502950052_tPqAUphm.jpg\"/></center><p>　　千丝万缕的情丝总是剪不尽，抽不断，心再次地碎在这凄凄的冷夜。</p><center><img alt=\"高清唯美微信背景小清新意境图片\" src=\"http://p3.wmpic.me/article/2017/08/17/1502950052_QMOmSuZW.jpg\" width=\"550\" height=\"367\" _cke_saved_src=\"http://p3.wmpic.me/article/2017/08/17/1502950052_QMOmSuZW.jpg\"/></center><p>　　也许就仅仅因为见惯了孤独，发现孤独也可以悠然，也许收获了太多的忧伤，发现忧伤也可以释怀。</p><center><img alt=\"高清唯美微信背景小清新意境图片\" src=\"http://p3.wmpic.me/article/2017/08/17/1502950052_QMmrsbQV.jpg\" width=\"550\" height=\"363\" _cke_saved_src=\"http://p3.wmpic.me/article/2017/08/17/1502950052_QMmrsbQV.jpg\"/></center><p>　　夜很深很安静，心却早起涟漪，记忆也总会在深夜伴着心碎、伴着痛苦，悄然落地。有时候真不明白，为什么昨天快乐还在，今天却彼此分离？</p><center><img alt=\"高清唯美微信背景小清新意境图片\" src=\"http://p1.wmpic.me/article/2017/08/17/1502950053_wwWJjomI.jpg\" width=\"550\" height=\"422\" _cke_saved_src=\"http://p1.wmpic.me/article/2017/08/17/1502950053_wwWJjomI.jpg\"/></center><p>　　喜欢一个人没有错，错就错在喜欢一个不喜欢自己的人。</p><center><img alt=\"高清唯美微信背景小清新意境图片\" src=\"http://p3.wmpic.me/article/2017/08/17/1502950052_vTFVDUQH.jpg\" width=\"550\" height=\"371\" _cke_saved_src=\"http://p3.wmpic.me/article/2017/08/17/1502950052_vTFVDUQH.jpg\"/></center><p>　　当你真正爱一样东西的时候你就会发现语言多么的脆弱和无力。文字与感觉永远有隔阂。</p><center><img alt=\"高清唯美微信背景小清新意境图片\" src=\"http://p3.wmpic.me/article/2017/08/17/1502950052_yBQvVisT.jpg\" width=\"550\" height=\"541\" _cke_saved_src=\"http://p3.wmpic.me/article/2017/08/17/1502950052_yBQvVisT.jpg\"/></center><p>　　寂寞的人总是会用心的记住他生命中出现过的每一个人，于是我总是意犹未尽地想起你在每个星光陨落的晚上一遍一遍数我的寂寞。</p><center><img alt=\"高清唯美微信背景小清新意境图片\" src=\"http://p3.wmpic.me/article/2017/08/17/1502950052_pvTXyJlt.jpg\" width=\"550\" height=\"440\" _cke_saved_src=\"http://p3.wmpic.me/article/2017/08/17/1502950052_pvTXyJlt.jpg\"/></center><p>　　躲在某一时间，想念一段时光的掌纹；躲在某一地点，想念一个站在来路也站在去路的，让我牵挂的人。</p><p><br/></p>            ');
INSERT INTO `y_spider_image_content` VALUES ('86', '', '', '', '  <center><p><img alt=\"高清唯美孤树风景小清新意境图片\" src=\"http://p2.wmpic.me/article/2017/08/17/1502948986_QXelbssm.jpg\" width=\"550\" height=\"550\" _cke_saved_src=\"http://p2.wmpic.me/article/2017/08/17/1502948986_QXelbssm.jpg\"/></p></center><p>　　总有一个人，会以实际行动告诉你，有些错误，是永远不会被原谅的。</p><center><img alt=\"高清唯美孤树风景小清新意境图片\" src=\"http://p2.wmpic.me/article/2017/08/17/1502948986_xpHBkJkU.jpg\" width=\"550\" height=\"550\" _cke_saved_src=\"http://p2.wmpic.me/article/2017/08/17/1502948986_xpHBkJkU.jpg\"/></center><p>　　我相信，总会有不期而遇的温暖，和生生不息的希望，在不经意间出现在我的生命里。</p><center><img alt=\"高清唯美孤树风景小清新意境图片\" src=\"http://p2.wmpic.me/article/2017/08/17/1502948986_ZPciodBY.jpg\" width=\"550\" height=\"550\" _cke_saved_src=\"http://p2.wmpic.me/article/2017/08/17/1502948986_ZPciodBY.jpg\"/></center><p>　　在雨中寻找，在雨中泪奔，在雨中等待，在雨中奔放，为了就是等待雨中的她。</p><center><img alt=\"高清唯美孤树风景小清新意境图片\" src=\"http://p2.wmpic.me/article/2017/08/17/1502948989_inCvgMFf.jpg\" width=\"550\" height=\"550\" _cke_saved_src=\"http://p2.wmpic.me/article/2017/08/17/1502948989_inCvgMFf.jpg\"/></center><p>　　前面的路还很远，我可能会哭，但是一定要走下去，一定不能停，更不能倒下。</p><p><br/></p>            ');
INSERT INTO `y_spider_image_content` VALUES ('87', '', '', '', '  <center><p><img alt=\"等你，在寂寞的夜里  日系风格小清新空间背景唯美意境图片\" src=\"http://p2.wmpic.me/article/2017/08/16/1502865673_OJCSXjCL.jpg\" width=\"500\" height=\"348\" _cke_saved_src=\"http://p2.wmpic.me/article/2017/08/16/1502865673_OJCSXjCL.jpg\"/></p></center><p>　　这酒杯是甜蜜而悦人的，因为它曾碰过那知心人儿的樱唇。哦！但愿上帝把她的嘴唇放到我的嘴唇上，让她一口气饮尽我心灵的烈酒！</p><center><img alt=\"等你，在寂寞的夜里  日系风格小清新空间背景唯美意境图片\" src=\"http://p2.wmpic.me/article/2017/08/16/1502865673_ASIkNUyo.jpg\" width=\"500\" height=\"354\" _cke_saved_src=\"http://p2.wmpic.me/article/2017/08/16/1502865673_ASIkNUyo.jpg\"/></center><p>　　不是因为寂寞才想你，是因为想你才寂寞。孤独的感觉之所以如此之重，只是因为太想你。常常想起曾和你在一起的那些日子。开心、快乐、幸福、失落、伤心、痛苦的所有日子。</p><center><img alt=\"等你，在寂寞的夜里  日系风格小清新空间背景唯美意境图片\" src=\"http://p2.wmpic.me/article/2017/08/16/1502865673_hnzpsKgE.jpg\" width=\"500\" height=\"335\" _cke_saved_src=\"http://p2.wmpic.me/article/2017/08/16/1502865673_hnzpsKgE.jpg\"/></center><p>　　你的轻怜与不舍，是我唇边最柔软的笑意;你的柔情与懂得，如春风轻轻划过心扉，那迢遥而至的暖，抵过世间千万的寒!这，就是我生命所需、心灵所求!</p><center><img alt=\"等你，在寂寞的夜里  日系风格小清新空间背景唯美意境图片\" src=\"http://p2.wmpic.me/article/2017/08/16/1502865673_JFVaWtQM.jpg\" width=\"500\" height=\"334\" _cke_saved_src=\"http://p2.wmpic.me/article/2017/08/16/1502865673_JFVaWtQM.jpg\"/></center><p>　　魂与魂的取暖，并不需要太多的言语，一句心灵的问候，已是最深的暖意;心与心的悸动，并不需要太多的修饰，一抹温柔的牵挂，已是最好的安慰。</p><center><img alt=\"等你，在寂寞的夜里  日系风格小清新空间背景唯美意境图片\" src=\"http://p2.wmpic.me/article/2017/08/16/1502865673_myCfjyDT.jpg\" width=\"500\" height=\"334\" _cke_saved_src=\"http://p2.wmpic.me/article/2017/08/16/1502865673_myCfjyDT.jpg\"/></center><p>　　寂寞是如此的伤，又如此的美;孤独是如此的难，又如此的好。“只要你过得比我好”，心灵的柔弱处，这便是我最为真实、真诚的表达了。</p><center><img alt=\"等你，在寂寞的夜里  日系风格小清新空间背景唯美意境图片\" src=\"http://p2.wmpic.me/article/2017/08/16/1502865673_WapUpQNR.jpg\" width=\"496\" height=\"492\" _cke_saved_src=\"http://p2.wmpic.me/article/2017/08/16/1502865673_WapUpQNR.jpg\"/></center><p>　　有条不紊的时光中，爱情很容易变得静如止水，失去韵律和色彩。适时地表达爱情不仅能换回逝去的温情，而且它还是生活的调味剂，让每一天都沉浸在期盼和喜悦中。</p><center><img alt=\"等你，在寂寞的夜里  日系风格小清新空间背景唯美意境图片\" src=\"http://p2.wmpic.me/article/2017/08/16/1502865673_PVOotcPA.jpg\" width=\"500\" height=\"328\" _cke_saved_src=\"http://p2.wmpic.me/article/2017/08/16/1502865673_PVOotcPA.jpg\"/></center><p>　　温柔的暗恋，用牛奶巧克力表白，让他感受甜美细致;火辣的感情，要选果仁巧克力，显出你的独特;陷入苦恋，用纯巧克力来化解情感的冰冻。</p><center><img alt=\"等你，在寂寞的夜里  日系风格小清新空间背景唯美意境图片\" src=\"http://p2.wmpic.me/article/2017/08/16/1502865673_aUAbVHXS.jpg\" width=\"500\" height=\"333\" _cke_saved_src=\"http://p2.wmpic.me/article/2017/08/16/1502865673_aUAbVHXS.jpg\"/></center><p>　　我始终都相信，一切高贵的情感都羞于表白，一切深刻的体验都会拙于言辞。</p><center><img alt=\"等你，在寂寞的夜里  日系风格小清新空间背景唯美意境图片\" src=\"http://p2.wmpic.me/article/2017/08/16/1502865673_kOSZYfCo.jpg\" width=\"500\" height=\"338\" _cke_saved_src=\"http://p2.wmpic.me/article/2017/08/16/1502865673_kOSZYfCo.jpg\"/></center><p>　　“朋友”是不在当面表白，而是背后说起朋友的时候，是否提到过你。世界上最可怕的事，是你把别人当成了朋友，别人并没拿你当朋友。有一个判断朋友的标准是，在你走投无路时，想投奔的人和你能投奔的人，到底几个。</p><p><br/></p>            ');
INSERT INTO `y_spider_image_content` VALUES ('88', '', '', '', '<p>\r\n	<img alt=\"我并不快乐，但我可以笑着生活 非主流伤感女生唯美意境图片\" src=\"http://p3.wmpic.me/article/2017/08/16/1502864501_SEeINhuY.jpg\" width=\"500\" height=\"329\" />\r\n</p>\r\n<p>\r\n	勿持才自傲，要虚怀若谷，勿卖弄口才，要多思慎言，勿拼命外显，要韬光养晦，勿高高在上，要保持低调，勿趾高气扬，要不显不炫，勿直来直去，要融方于圆，勿你争我斗，要远离是非，勿拿放不起，要能屈能伸，勿争破头颅，要有进有退。\r\n</p>\r\n<img alt=\"我并不快乐，但我可以笑着生活 非主流伤感女生唯美意境图片\" src=\"http://p3.wmpic.me/article/2017/08/16/1502864501_xGUKCSut.jpg\" width=\"500\" height=\"338\" />\r\n<p>\r\n	人生最大的投资，不是房子，不是股票，是人，跟什么人交往，跟随什么人，交什么样的朋友是对人生影响最大的。\r\n</p>\r\n<img alt=\"我并不快乐，但我可以笑着生活 非主流伤感女生唯美意境图片\" src=\"http://p3.wmpic.me/article/2017/08/16/1502864501_JJbwubXH.jpg\" width=\"500\" height=\"335\" />\r\n<p>\r\n	同样一件事情的发生，有的人感到非常痛苦，有的人能够接受。因为这两者的忍耐能力不同，有忍耐能力的人才容易成功。\r\n</p>\r\n<img alt=\"我并不快乐，但我可以笑着生活 非主流伤感女生唯美意境图片\" src=\"http://p3.wmpic.me/article/2017/08/16/1502864501_yYzuXBrw.jpg\" width=\"500\" height=\"352\" />\r\n<p>\r\n	美丽的花虽然会凋谢，可是盛开的时刻值得欣赏。要在美好的时候创造出美好的东西，人生才会充满意义。\r\n</p>\r\n<img alt=\"我并不快乐，但我可以笑着生活 非主流伤感女生唯美意境图片\" src=\"http://p3.wmpic.me/article/2017/08/16/1502864501_CjvwLabt.jpg\" width=\"500\" height=\"331\" />\r\n<p>\r\n	人们最害怕的是无常的变化，要学习适应环境的变化，在变化中另找创新，并不是停留在变化的痛苦中。\r\n</p>\r\n<p>\r\n	<br />\r\n</p>');
INSERT INTO `y_spider_image_content` VALUES ('89', '', '', '', '<p>\r\n	<img alt=\"忘了，不代表它没有过 高清唯美风景微信背景意境图片精选\" src=\"http://p3.wmpic.me/article/2017/08/15/1502767271_IotxfGTx.jpg\" width=\"500\" height=\"330\" /> \r\n</p>\r\n<p>\r\n	我不会和别人抢不属于我的东西，我也不会让别人抢我拥有且珍惜的一切。\r\n</p>\r\n<img alt=\"忘了，不代表它没有过 高清唯美风景微信背景意境图片精选\" src=\"http://p3.wmpic.me/article/2017/08/15/1502767271_DqNPeLnY.jpg\" width=\"500\" height=\"330\" /> \r\n<p>\r\n	穿梭在纵横交错的弄堂，他在这里度过轻狂不识愁滋味的少年时代，陪着他的，是一个丑丑的黄毛丫头。\r\n</p>\r\n<img alt=\"忘了，不代表它没有过 高清唯美风景微信背景意境图片精选\" src=\"http://p3.wmpic.me/article/2017/08/15/1502767271_uIMipVDS.jpg\" width=\"500\" height=\"330\" /> \r\n<p>\r\n	即使它曾经从沉沦与血腥的土壤中发芽，却依旧挡不住那新生的坚定信念。\r\n</p>\r\n<img alt=\"忘了，不代表它没有过 高清唯美风景微信背景意境图片精选\" src=\"http://p3.wmpic.me/article/2017/08/15/1502767271_LfMfNQfw.jpg\" width=\"500\" height=\"330\" /> \r\n<p>\r\n	当你摊开手的那一瞬间，纸上的图案，就像千万朵繁华焰火在黑暗中怒放。令我们在飘荡着灰烬的长夜里，看见星辰与大海间的一抹曙光。\r\n</p>\r\n<img alt=\"忘了，不代表它没有过 高清唯美风景微信背景意境图片精选\" src=\"http://p3.wmpic.me/article/2017/08/15/1502767271_ubEHzwaF.jpg\" width=\"500\" height=\"500\" /> \r\n<p>\r\n	只有时间能证明一切，命运飘渺而遥远，正如那位独自走上旅途的，带着一本诗集，一个枕头的做梦者。\r\n</p>\r\n<img alt=\"忘了，不代表它没有过 高清唯美风景微信背景意境图片精选\" src=\"http://p1.wmpic.me/article/2017/08/15/1502767272_YiuDGYYP.jpg\" width=\"500\" height=\"330\" /> \r\n<p>\r\n	那些往事早已逝去无痕，就像每一年三中门口秋季的梧桐叶，年年变黄，年年落了满街，却年年都不再相同。\r\n</p>\r\n<img alt=\"忘了，不代表它没有过 高清唯美风景微信背景意境图片精选\" src=\"http://p1.wmpic.me/article/2017/08/15/1502767272_WSznLzYw.jpg\" width=\"500\" height=\"330\" /> \r\n<p>\r\n	上苍赐予你爱，不是为了最后从你的灵魂里带走它。\r\n</p>\r\n<img alt=\"忘了，不代表它没有过 高清唯美风景微信背景意境图片精选\" src=\"http://p1.wmpic.me/article/2017/08/15/1502767272_FIgWUbPy.jpg\" width=\"500\" height=\"330\" /> \r\n<p>\r\n	南到南沙群岛，北到漠河，你所站的地方，你在逃亡里走过的每一寸土地，满目疮痍的故乡，变成废墟的城市，就是你的祖国。\r\n</p>\r\n<p>\r\n	<br />\r\n</p>');

-- ----------------------------
-- Table structure for `y_spider_image_list`
-- ----------------------------
DROP TABLE IF EXISTS `y_spider_image_list`;
CREATE TABLE `y_spider_image_list` (
  `id` int(10) unsigned NOT NULL AUTO_INCREMENT,
  `site_id` int(10) unsigned NOT NULL DEFAULT '0' COMMENT '站点id',
  `url` varchar(100) NOT NULL DEFAULT '' COMMENT '详情页地址',
  `title` varchar(100) NOT NULL DEFAULT '' COMMENT '标题',
  `status` tinyint(2) unsigned NOT NULL DEFAULT '0' COMMENT '状态 0 - 内容未采集  1-内容已采集 2-数据已导入',
  PRIMARY KEY (`id`),
  UNIQUE KEY `unique_index` (`url`)
) ENGINE=InnoDB AUTO_INCREMENT=90 DEFAULT CHARSET=utf8 COMMENT='采集图集列表数据表';

-- ----------------------------
-- Records of y_spider_image_list
-- ----------------------------
INSERT INTO `y_spider_image_list` VALUES ('1', '4', 'http://www.wmpic.me/92282', '美好的校园教室唯美意境图片', '1');
INSERT INTO `y_spider_image_list` VALUES ('2', '4', 'http://www.wmpic.me/92276', '抢眼绿色背景唯美意境图片大全', '1');
INSERT INTO `y_spider_image_list` VALUES ('3', '4', 'http://www.wmpic.me/92244', '青春时光唯美意境精美图片网', '1');
INSERT INTO `y_spider_image_list` VALUES ('4', '4', 'http://www.wmpic.me/92241', '精选高清静物唯美意境图片大全', '1');
INSERT INTO `y_spider_image_list` VALUES ('5', '4', 'http://www.wmpic.me/92240', '伤感女生背影唯美意境图片', '1');
INSERT INTO `y_spider_image_list` VALUES ('6', '4', 'http://www.wmpic.me/92189', '2017好看的空间静物意境图片', '1');
INSERT INTO `y_spider_image_list` VALUES ('7', '4', 'http://www.wmpic.me/92185', '高清养眼静物唯美意境图片', '1');
INSERT INTO `y_spider_image_list` VALUES ('8', '4', 'http://www.wmpic.me/92182', '治愈系复古唯美意境图片大全', '1');
INSERT INTO `y_spider_image_list` VALUES ('9', '4', 'http://www.wmpic.me/92132', '校园系空间唯美意境图片大全', '1');
INSERT INTO `y_spider_image_list` VALUES ('10', '4', 'http://www.wmpic.me/92131', '高清微信背景唯美意境美图', '1');
INSERT INTO `y_spider_image_list` VALUES ('11', '4', 'http://www.wmpic.me/92129', '伤感哭泣女生唯美意境图片', '1');
INSERT INTO `y_spider_image_list` VALUES ('12', '4', 'http://www.wmpic.me/92088', '一段美好的旧时光唯美意境图片', '1');
INSERT INTO `y_spider_image_list` VALUES ('13', '4', 'http://www.wmpic.me/92085', '精致彩色气球唯美意境图片', '1');
INSERT INTO `y_spider_image_list` VALUES ('14', '4', 'http://www.wmpic.me/92047', '美丽清新的意境草原图片大全', '1');
INSERT INTO `y_spider_image_list` VALUES ('15', '4', 'http://www.wmpic.me/92002', '空间个性唯美意境图片大全', '1');
INSERT INTO `y_spider_image_list` VALUES ('16', '4', 'http://www.wmpic.me/92001', '唯美个性意境图片网络美图', '1');
INSERT INTO `y_spider_image_list` VALUES ('17', '4', 'http://www.wmpic.me/91908', '高清绿色桌面唯美意境图片', '1');
INSERT INTO `y_spider_image_list` VALUES ('18', '4', 'http://www.wmpic.me/91905', '海边伤感少女唯美意境图片', '1');
INSERT INTO `y_spider_image_list` VALUES ('19', '4', 'http://www.wmpic.me/91903', '好闺蜜好姐妹唯美意境图片', '1');
INSERT INTO `y_spider_image_list` VALUES ('20', '4', 'http://www.wmpic.me/91896', '小清新微信背景唯美意境图片', '1');
INSERT INTO `y_spider_image_list` VALUES ('21', '4', 'http://www.wmpic.me/91868', '岁月变不老的闺蜜姐妹意境图片', '1');
INSERT INTO `y_spider_image_list` VALUES ('22', '4', 'http://www.wmpic.me/91865', '清新风景静物唯美意境图片', '1');
INSERT INTO `y_spider_image_list` VALUES ('23', '4', 'http://www.wmpic.me/91841', '校园的风景唯美意境图片', '1');
INSERT INTO `y_spider_image_list` VALUES ('24', '4', 'http://www.wmpic.me/91806', '美丽的清晨唯美意境图片大全', '1');
INSERT INTO `y_spider_image_list` VALUES ('25', '4', 'http://www.wmpic.me/91799', '唯美空间书本背景意境图片', '1');
INSERT INTO `y_spider_image_list` VALUES ('26', '4', 'http://www.wmpic.me/91798', '唯美时光校园教室意境图片', '1');
INSERT INTO `y_spider_image_list` VALUES ('27', '4', 'http://www.wmpic.me/91754', '好闺蜜个性意境背影图片', '1');
INSERT INTO `y_spider_image_list` VALUES ('28', '4', 'http://www.wmpic.me/91740', '高清唯美闺蜜姐妹意境图片', '1');
INSERT INTO `y_spider_image_list` VALUES ('29', '4', 'http://www.wmpic.me/91702', '唯美闺蜜一对意境图片大全', '1');
INSERT INTO `y_spider_image_list` VALUES ('30', '4', 'http://www.wmpic.me/91591', '漫漫旅途背景唯美意境图片', '1');
INSERT INTO `y_spider_image_list` VALUES ('31', '4', 'http://www.wmpic.me/91540', '难忘的校园生活唯美意境图片', '1');
INSERT INTO `y_spider_image_list` VALUES ('32', '4', 'http://www.wmpic.me/91526', '温馨高请唯美图片意境美图', '1');
INSERT INTO `y_spider_image_list` VALUES ('33', '4', 'http://www.wmpic.me/91524', '唯美姐妹花女生qq图片大全', '1');
INSERT INTO `y_spider_image_list` VALUES ('34', '4', 'http://www.wmpic.me/91515', '高清唯美意境图片精美图片网', '1');
INSERT INTO `y_spider_image_list` VALUES ('35', '4', 'http://www.wmpic.me/91472', '好看流行唯美清新意境图片', '1');
INSERT INTO `y_spider_image_list` VALUES ('36', '4', 'http://www.wmpic.me/91460', '高清最新唯美意境图片大全', '1');
INSERT INTO `y_spider_image_list` VALUES ('37', '4', 'http://www.wmpic.me/91413', '异国雪景微信背景意境图片精选', '1');
INSERT INTO `y_spider_image_list` VALUES ('38', '4', 'http://www.wmpic.me/91355', '一组很美的唯美意境图片大全', '1');
INSERT INTO `y_spider_image_list` VALUES ('39', '4', 'http://www.wmpic.me/91211', '阅读一本书的空间背景意境图片', '1');
INSERT INTO `y_spider_image_list` VALUES ('40', '4', 'http://www.wmpic.me/91208', '高清唯美小清新意境图片大全', '1');
INSERT INTO `y_spider_image_list` VALUES ('41', '4', 'http://www.wmpic.me/91170', '最新小清新空间唯美意境图片', '1');
INSERT INTO `y_spider_image_list` VALUES ('42', '4', 'http://www.wmpic.me/91161', '高清沙滩岸边风景意境图片大全', '1');
INSERT INTO `y_spider_image_list` VALUES ('43', '4', 'http://www.wmpic.me/91121', '小清新微信背景唯美意境图片', '1');
INSERT INTO `y_spider_image_list` VALUES ('44', '4', 'http://www.wmpic.me/91029', '简约单人卧室清新空间意境图片', '1');
INSERT INTO `y_spider_image_list` VALUES ('45', '4', 'http://www.wmpic.me/90975', '伤感背影美女唯美意境图片', '1');
INSERT INTO `y_spider_image_list` VALUES ('46', '4', 'http://www.wmpic.me/90969', '最新唯美威信背景意境图片大全', '1');
INSERT INTO `y_spider_image_list` VALUES ('47', '4', 'http://www.wmpic.me/90916', '小清新微信背景意境图片大全', '1');
INSERT INTO `y_spider_image_list` VALUES ('48', '4', 'http://www.wmpic.me/90874', '食品工作室清新装修意境美图大全', '1');
INSERT INTO `y_spider_image_list` VALUES ('49', '4', 'http://www.wmpic.me/90868', '老城区的街景清新意境图片大全', '1');
INSERT INTO `y_spider_image_list` VALUES ('50', '4', 'http://www.wmpic.me/90828', '高清唯美清新微信背景意境图片', '1');
INSERT INTO `y_spider_image_list` VALUES ('51', '4', 'http://www.wmpic.me/90804', '唯美微信背景意境图片大全', '1');
INSERT INTO `y_spider_image_list` VALUES ('52', '4', 'http://www.wmpic.me/90725', '伤感哭泣的唯美背影女生意境图片', '1');
INSERT INTO `y_spider_image_list` VALUES ('53', '4', 'http://www.wmpic.me/90676', '\\时光印记唯美背景意境图片精选', '1');
INSERT INTO `y_spider_image_list` VALUES ('54', '4', 'http://www.wmpic.me/90675', '时光微信背景唯美意境图片大全', '1');
INSERT INTO `y_spider_image_list` VALUES ('55', '4', 'http://www.wmpic.me/90628', '高清唯美植物微信背景意境图片', '1');
INSERT INTO `y_spider_image_list` VALUES ('56', '4', 'http://www.wmpic.me/90580', '阳台小清新唯美意境图片大全', '1');
INSERT INTO `y_spider_image_list` VALUES ('57', '4', 'http://www.wmpic.me/90579', '高清唯美静物空间意境图片大全', '1');
INSERT INTO `y_spider_image_list` VALUES ('58', '4', 'http://www.wmpic.me/90487', '笔记本居家私房唯美意境图片大全', '1');
INSERT INTO `y_spider_image_list` VALUES ('59', '4', 'http://www.wmpic.me/90483', '清新森信背景唯美意境图片大全', '1');
INSERT INTO `y_spider_image_list` VALUES ('60', '4', 'http://www.wmpic.me/90441', '清新校园唯美空间意境图片大全', '1');
INSERT INTO `y_spider_image_list` VALUES ('61', '4', 'http://www.wmpic.me/90392', '唯美小清新静物意境图片大全', '1');
INSERT INTO `y_spider_image_list` VALUES ('62', '4', 'http://www.wmpic.me/90388', '骑车女孩唯美美图意境图片大全', '1');
INSERT INTO `y_spider_image_list` VALUES ('63', '4', 'http://www.wmpic.me/90350', '治愈系小清新唯美意境图片', '1');
INSERT INTO `y_spider_image_list` VALUES ('64', '4', 'http://www.wmpic.me/90337', '自然清新森女系唯美意境图片', '1');
INSERT INTO `y_spider_image_list` VALUES ('65', '4', 'http://www.wmpic.me/90294', '唯美文艺风格调意境图片大全', '1');
INSERT INTO `y_spider_image_list` VALUES ('66', '4', 'http://www.wmpic.me/90252', '高清治愈系唯美意境图片大全', '1');
INSERT INTO `y_spider_image_list` VALUES ('67', '4', 'http://www.wmpic.me/90251', '好看的唯美静物意境图片大全', '1');
INSERT INTO `y_spider_image_list` VALUES ('68', '4', 'http://www.wmpic.me/90158', '清新唯美简单生活空间意境图片', '1');
INSERT INTO `y_spider_image_list` VALUES ('69', '4', 'http://www.wmpic.me/90157', '唯美清新个性背景意境图片大全', '2');
INSERT INTO `y_spider_image_list` VALUES ('70', '4', 'http://www.wmpic.me/90155', '日系好看的花草唯美小清新图片', '1');
INSERT INTO `y_spider_image_list` VALUES ('71', '4', 'http://www.wmpic.me/90112', '文艺唯美静物小清新空间图片大全', '1');
INSERT INTO `y_spider_image_list` VALUES ('72', '4', 'http://www.wmpic.me/90108', '高清日系唯美风景意境图片大全', '1');
INSERT INTO `y_spider_image_list` VALUES ('73', '4', 'http://www.wmpic.me/90057', '纽约街头的唯美芭蕾舞者意境图片大全', '1');
INSERT INTO `y_spider_image_list` VALUES ('74', '4', 'http://www.wmpic.me/89955', '深情伤感的唯美QQ空间意境图片大全', '1');
INSERT INTO `y_spider_image_list` VALUES ('75', '4', 'http://www.wmpic.me/89877', '高清唯美微信背景空间意境图片大全', '1');
INSERT INTO `y_spider_image_list` VALUES ('76', '4', 'http://www.wmpic.me/89835', '寂寞伤感孤单女生背影意境图片', '1');
INSERT INTO `y_spider_image_list` VALUES ('77', '4', 'http://www.wmpic.me/89804', '小清新唯美景物微信背景意境图片大全', '1');
INSERT INTO `y_spider_image_list` VALUES ('78', '4', 'http://www.wmpic.me/89757', '漂亮的西湖美景小清新唯美意境图片6666', '1');
INSERT INTO `y_spider_image_list` VALUES ('79', '4', 'http://www.wmpic.me/89689', '时光涵意清晰唯美高清意境图片大全', '1');
INSERT INTO `y_spider_image_list` VALUES ('80', '4', 'http://www.wmpic.me/89687', '暖色清晰唯美小清新意境图片大全', '1');
INSERT INTO `y_spider_image_list` VALUES ('81', '4', 'http://www.wmpic.me/89680', '幽静伤感美女小清新唯美意境图片', '1');
INSERT INTO `y_spider_image_list` VALUES ('82', '4', 'http://www.wmpic.me/89651', '高清信物微信背景唯美意境图片大全', '1');
INSERT INTO `y_spider_image_list` VALUES ('83', '4', 'http://www.wmpic.me/89618', '雨中唯美高清伤感背影微信背景意境图片', '1');
INSERT INTO `y_spider_image_list` VALUES ('84', '4', 'http://www.wmpic.me/89611', '最新盆栽花草高清唯美小清新意境图片', '1');
INSERT INTO `y_spider_image_list` VALUES ('85', '4', 'http://www.wmpic.me/89527', '高清唯美微信背景小清新意境图片', '1');
INSERT INTO `y_spider_image_list` VALUES ('86', '4', 'http://www.wmpic.me/89525', '高清唯美孤树风景小清新意境图片', '1');
INSERT INTO `y_spider_image_list` VALUES ('87', '4', 'http://www.wmpic.me/89497', '等你，在寂寞的夜里  日系风格小清新空间背景唯美意境图片', '1');
INSERT INTO `y_spider_image_list` VALUES ('88', '4', 'http://www.wmpic.me/89494', '我并不快乐，但我可以笑着生活  非主流伤感女生唯美意境图片', '1');
INSERT INTO `y_spider_image_list` VALUES ('89', '4', 'http://www.wmpic.me/89449', '忘了，不代表它没有过  高清唯美风景微信背景意境图片精选', '1');

-- ----------------------------
-- Table structure for `y_spider_post_content`
-- ----------------------------
DROP TABLE IF EXISTS `y_spider_post_content`;
CREATE TABLE `y_spider_post_content` (
  `list_id` int(10) unsigned NOT NULL COMMENT '列表id',
  `content` text NOT NULL COMMENT '详细内容',
  PRIMARY KEY (`list_id`)
) ENGINE=InnoDB DEFAULT CHARSET=utf8 COMMENT='采集文章内容数据表';

-- ----------------------------
-- Records of y_spider_post_content
-- ----------------------------
INSERT INTO `y_spider_post_content` VALUES ('39', '<p>\r\n	@北京海淀法院：【播放影片《观音山》，<a href=\"http://tech.163.com/company/letv/\">乐视网</a>诉<a href=\"http://tech.163.com/company/youku/\">优酷</a>网侵权】因认为优酷手机端未经允许提供其权属影片《观音山》的在线播放服务，原告乐视网信息技术（北京）股份有限公司以侵害信息网络传播权纠纷为由诉至法院，请求判令被告合一信息技术（北京）有限公司停止侵害、赔偿损失。目前，海淀法院受理了此案。\r\n</p>\r\n<p>\r\n	原告乐视网称，被告侵犯了其信息网络传播权，给原告造成了巨大经济损失。请求法院判令其立刻停止在优酷手机端上传播《观音山》，并立即删除；赔偿乐视网9.5万元，并承担因本案而支出的合理费用共计5000元。\r\n</p>\r\n<p>\r\n	目前此案正在进一步审理中。\r\n</p>\r\n<p class=\"f_center\">\r\n	<img alt=\"乐视网诉优酷网侵权播影片：索赔10万元\" src=\"http://img6.cache.netease.com/tech/2016/5/30/20160530172611e7c57.jpg\" />\r\n</p>\r\n<p>\r\n	<br />\r\n</p>\r\n<div class=\"gg200x300\">\r\n	<div>\r\n		<a href=\"http://gb.corp.163.com/gb/legal.html\" class=\"ad_hover_href\"></a> \r\n	</div>\r\n</div>');
INSERT INTO `y_spider_post_content` VALUES ('40', '<p class=\"oti<x>tle\">\r\n	（原标题：无忧英语更新招股文件 每股定价区间为18-20美元）\r\n</p>\r\n<p>\r\n	蓝鲸TMT讯&nbsp;5月30日消息，在线教育平台无忧英语近日发布了更新后的招股文件。文件显示，51Talk将把每股美国存托凭证（ADS）发行价区间定在18-20美元，每股ADS相当于15股普通股，共发行240万股ADS，按照招股定价上先计算，公司融资额将为4800万美元。如承销商行使超额配售权，融资额将达5520万美元。估值将达4.07亿美元。\r\n</p>\r\n<p>\r\n	此外，文件中还显示，51Talk的早期投资人为DCM和红杉将各自认购1500万美元和500万美元，合计2000万美元股票。\r\n</p>\r\n<p>\r\n	在本月中旬，无忧英语向SEC递交的F-1上市申请文件中，暴露了其融资造假的事实。对此，无忧英语承认其C轮融资造假，并表示“D轮融资是在进行C轮融资谈判时，和投资人商定的后续协议，当达到此协议要求时，所触发D轮融资是基于相同框架、相同投资方完成的，相当于是C轮融资的延续。”\r\n</p>\r\n<p>\r\n	<br />\r\n</p>\r\n<div class=\"gg200x300\">\r\n	<div>\r\n		<a href=\"http://gb.corp.163.com/gb/legal.html\" class=\"ad_hover_href\"></a> \r\n	</div>\r\n</div>');

-- ----------------------------
-- Table structure for `y_spider_post_list`
-- ----------------------------
DROP TABLE IF EXISTS `y_spider_post_list`;
CREATE TABLE `y_spider_post_list` (
  `id` int(10) unsigned NOT NULL AUTO_INCREMENT,
  `site_id` int(10) unsigned NOT NULL DEFAULT '0' COMMENT '站点id',
  `url` varchar(100) NOT NULL DEFAULT '' COMMENT '详情页地址',
  `title` varchar(100) NOT NULL DEFAULT '' COMMENT '标题',
  `status` tinyint(2) unsigned NOT NULL DEFAULT '0' COMMENT '状态 0 - 内容未采集  1-内容已采集 2-数据已导入',
  PRIMARY KEY (`id`),
  UNIQUE KEY `unique_index` (`url`)
) ENGINE=InnoDB AUTO_INCREMENT=91 DEFAULT CHARSET=utf8 COMMENT='采集文章列表数据表';

-- ----------------------------
-- Records of y_spider_post_list
-- ----------------------------
INSERT INTO `y_spider_post_list` VALUES ('39', '1', 'http://tech.163.com/16/0530/17/BOB453BH000915BF.html', '乐视网诉优酷网侵权播影片：索赔10万元', '2');
INSERT INTO `y_spider_post_list` VALUES ('40', '1', 'http://tech.163.com/16/0530/17/BOB44457000915BF.html', '无忧英语更新招股文件 每股定价区间为18-20美元', '2');
INSERT INTO `y_spider_post_list` VALUES ('41', '3', 'https://www.oschina.net/code/snippet_2858125_58818', 'hibernate', '0');
INSERT INTO `y_spider_post_list` VALUES ('42', '3', 'https://www.oschina.net/code/snippet_2892295_58817', 'HTML5 File API +JavaSevlet 实现文件上传实时...', '0');
INSERT INTO `y_spider_post_list` VALUES ('43', '3', 'https://www.oschina.net/code/snippet_2888856_58816', '爬取某图片网站多页图片的python爬虫', '0');
INSERT INTO `y_spider_post_list` VALUES ('44', '3', 'https://www.oschina.net/code/snippet_2392809_58815', '斐波那契数列', '0');
INSERT INTO `y_spider_post_list` VALUES ('45', '3', 'https://www.oschina.net/code/snippet_2884666_58814', '简单的移动', '0');
INSERT INTO `y_spider_post_list` VALUES ('46', '3', 'https://www.oschina.net/code/snippet_175116_58812', 'PHP读取文本文件并逐行输出该行使用最多的字符串...', '0');
INSERT INTO `y_spider_post_list` VALUES ('47', '3', 'https://www.oschina.net/code/snippet_2887409_58811', 'jQuery正则运算验证-经典例子', '0');
INSERT INTO `y_spider_post_list` VALUES ('48', '3', 'https://www.oschina.net/code/snippet_2483846_58810', '【速度收藏起来】非常漂亮的网站引导页模板', '0');
INSERT INTO `y_spider_post_list` VALUES ('49', '3', 'https://www.oschina.net/code/snippet_2807088_58808', 'properties文件转为json字符串', '0');
INSERT INTO `y_spider_post_list` VALUES ('50', '3', 'https://www.oschina.net/code/snippet_2661353_58807', 'find', '0');
INSERT INTO `y_spider_post_list` VALUES ('51', '3', 'https://www.oschina.net/code/snippet_2661353_58806', '输入年龄', '0');
INSERT INTO `y_spider_post_list` VALUES ('52', '3', 'https://www.oschina.net/code/snippet_2549561_58805', '解决scrollview嵌套listview的滑动冲突问题...', '0');
INSERT INTO `y_spider_post_list` VALUES ('53', '3', 'https://www.oschina.net/code/snippet_2770641_58804', '微信授权获取用户的openid', '0');
INSERT INTO `y_spider_post_list` VALUES ('54', '3', 'https://www.oschina.net/code/snippet_2725767_58803', 'JS组合按键事件监听插件', '0');
INSERT INTO `y_spider_post_list` VALUES ('55', '3', 'https://www.oschina.net/code/snippet_2661353_58802', '退出按钮', '0');
INSERT INTO `y_spider_post_list` VALUES ('56', '3', 'https://www.oschina.net/code/snippet_2332019_58801', '通过当前的view找到所在view的控制器', '0');
INSERT INTO `y_spider_post_list` VALUES ('57', '3', 'https://www.oschina.net/code/snippet_79159_58799', '替换所有指定字符串', '0');
INSERT INTO `y_spider_post_list` VALUES ('58', '3', 'https://www.oschina.net/code/snippet_2857568_58798', 'MVC循环产生数据', '0');
INSERT INTO `y_spider_post_list` VALUES ('59', '3', 'https://www.oschina.net/code/snippet_2887055_58797', '输入当前页码和每页显示数目，返回当前页第一条数...', '0');
INSERT INTO `y_spider_post_list` VALUES ('60', '3', 'https://www.oschina.net/code/snippet_105637_58796', 'php随机生成国内ip地址', '0');
INSERT INTO `y_spider_post_list` VALUES ('61', '3', 'https://www.oschina.net/code/snippet_2828331_58795', '无限极分类删除父节点时将父节点的所有子节点删除', '0');
INSERT INTO `y_spider_post_list` VALUES ('62', '3', 'https://www.oschina.net/code/snippet_240329_58793', '简陋的贪吃蛇', '0');
INSERT INTO `y_spider_post_list` VALUES ('63', '3', 'https://www.oschina.net/code/snippet_2661353_58792', 'Hello Qt', '0');
INSERT INTO `y_spider_post_list` VALUES ('64', '3', 'https://www.oschina.net/code/snippet_2607773_58791', '数据库操作的model类,用到了__call方法...', '0');
INSERT INTO `y_spider_post_list` VALUES ('65', '3', 'https://www.oschina.net/code/snippet_2858125_58790', 'jetty+Maven', '0');
INSERT INTO `y_spider_post_list` VALUES ('66', '3', 'https://www.oschina.net/code/snippet_1587519_58788', '判断JSON返回的对象中的firstName这一列的值是...', '0');
INSERT INTO `y_spider_post_list` VALUES ('67', '3', 'https://www.oschina.net/code/snippet_561859_58787', 'MD5算法', '0');
INSERT INTO `y_spider_post_list` VALUES ('68', '3', 'https://www.oschina.net/code/snippet_1587519_58785', 'JS正则表达式要求格式为 员工编号：姓名 的正则...', '0');
INSERT INTO `y_spider_post_list` VALUES ('69', '3', 'https://www.oschina.net/code/snippet_2607773_58784', '微信接口类', '0');
INSERT INTO `y_spider_post_list` VALUES ('70', '3', 'https://www.oschina.net/code/snippet_2860654_58783', '单态', '0');
INSERT INTO `y_spider_post_list` VALUES ('71', '3', 'https://www.oschina.net/code/snippet_1182881_58781', '将文件编码为图片以逃避防火墙文件类型检测', '0');
INSERT INTO `y_spider_post_list` VALUES ('72', '3', 'https://www.oschina.net/code/snippet_2756874_58780', '多边形组成的旋转图案（动画）', '0');
INSERT INTO `y_spider_post_list` VALUES ('73', '3', 'https://www.oschina.net/code/snippet_2756874_58779', '多边形组成的旋转图案', '0');
INSERT INTO `y_spider_post_list` VALUES ('74', '3', 'https://www.oschina.net/code/snippet_2882304_58778', '图片切换，淡入淡出', '0');
INSERT INTO `y_spider_post_list` VALUES ('75', '3', 'https://www.oschina.net/code/snippet_2881024_58776', '求最大公约数与最小公倍数', '0');
INSERT INTO `y_spider_post_list` VALUES ('76', '3', 'https://www.oschina.net/code/snippet_876614_58775', 'img容错', '0');
INSERT INTO `y_spider_post_list` VALUES ('77', '3', 'https://www.oschina.net/code/snippet_2693731_58774', '如何操作cookie', '0');
INSERT INTO `y_spider_post_list` VALUES ('78', '3', 'https://www.oschina.net/code/snippet_2693731_58773', 'Java爬虫的底层获取模块，构造POC和漏洞检...', '0');
INSERT INTO `y_spider_post_list` VALUES ('79', '3', 'https://www.oschina.net/code/snippet_2756874_58772', '12 三角形组成的图案', '0');
INSERT INTO `y_spider_post_list` VALUES ('80', '3', 'https://www.oschina.net/code/snippet_2756874_58771', '12个三角形 组成的图案', '0');
INSERT INTO `y_spider_post_list` VALUES ('81', '3', 'https://www.oschina.net/code/snippet_2756874_58770', '涂色 随时间渐变的 12个三角形 组成的图案', '0');
INSERT INTO `y_spider_post_list` VALUES ('82', '3', 'https://www.oschina.net/code/snippet_1443477_58769', 'PHP显示错误信息', '0');
INSERT INTO `y_spider_post_list` VALUES ('83', '3', 'https://www.oschina.net/code/snippet_2807088_58768', 'mock父类的成员变量', '0');
INSERT INTO `y_spider_post_list` VALUES ('84', '3', 'https://www.oschina.net/code/snippet_584165_58767', 'IIS7+优化工具（10W个请求算什么）', '0');
INSERT INTO `y_spider_post_list` VALUES ('85', '3', 'https://www.oschina.net/code/snippet_2499270_58763', 'zabbix通用API', '0');
INSERT INTO `y_spider_post_list` VALUES ('86', '3', 'https://www.oschina.net/code/snippet_2499270_58762', '游戏离线日志监控', '0');
INSERT INTO `y_spider_post_list` VALUES ('87', '3', 'https://www.oschina.net/code/snippet_1538729_58758', 'JavaCV 随机获取视频中的某些帧的图片', '0');
INSERT INTO `y_spider_post_list` VALUES ('88', '3', 'https://www.oschina.net/code/snippet_2887409_58756', 'jQuery购物网页经典制作', '0');
INSERT INTO `y_spider_post_list` VALUES ('89', '3', 'https://www.oschina.net/code/snippet_173995_58755', 'SQLite Samples', '0');
INSERT INTO `y_spider_post_list` VALUES ('90', '3', 'https://www.oschina.net/code/snippet_2834845_58754', '一行代码获取通讯录联系人,并进行A~Z排序( 已对名...', '0');

-- ----------------------------
-- Table structure for `y_spider_setting`
-- ----------------------------
DROP TABLE IF EXISTS `y_spider_setting`;
CREATE TABLE `y_spider_setting` (
  `id` tinyint(3) unsigned NOT NULL AUTO_INCREMENT COMMENT '站点id',
  `site` varchar(50) NOT NULL DEFAULT '' COMMENT '站点名称',
  `url` varchar(100) NOT NULL DEFAULT '' COMMENT '站点列表页地址',
  `list_charset` enum('UTF-8','GB2312','GBK') NOT NULL DEFAULT 'UTF-8' COMMENT '列表页编码',
  `content_charset` enum('UTF-8','GB2312','GBK') NOT NULL DEFAULT 'UTF-8' COMMENT '内容页编码',
  `item_rule_li` varchar(50) NOT NULL DEFAULT '' COMMENT '列表项Li选择规则',
  `item_rule_a` varchar(50) NOT NULL DEFAULT '' COMMENT '列表项A标签选择规则',
  `content_rule` varchar(50) NOT NULL DEFAULT '' COMMENT '详细页内容选择规则',
  `page_rule` varchar(100) NOT NULL DEFAULT '' COMMENT '分页正则',
  `cur_page` smallint(5) unsigned NOT NULL DEFAULT '0' COMMENT '当前已采集页数',
  `total_page` smallint(5) unsigned NOT NULL DEFAULT '1' COMMENT '需要采集总页数',
  `type` tinyint(2) unsigned NOT NULL DEFAULT '1' COMMENT '采集内容类型 与内容模型保持一致',
  `filter_rule` text NOT NULL COMMENT '内容过滤规则',
  `soft_icon_rule` varchar(50) NOT NULL DEFAULT '' COMMENT '软件图标标签规则',
  `video_cover_rule` varchar(50) NOT NULL DEFAULT '' COMMENT '视频封面图片标签规则',
  PRIMARY KEY (`id`)
) ENGINE=InnoDB AUTO_INCREMENT=7 DEFAULT CHARSET=utf8 COMMENT='采集站点配置表';

-- ----------------------------
-- Records of y_spider_setting
-- ----------------------------
INSERT INTO `y_spider_setting` VALUES ('1', '网易互联网科技阅读', 'http://tech.163.com/internet/', 'GBK', 'GB2312', '#news-flow-content li', '.titleBar h3 a', '#endText', 'http://tech.163.com/special/0009rt/tech_hlw_0[PAGE_NUM].html', '2', '2', '1', '/(<iframe(.*?)>(.*?)<\\/iframe>)/is\r\n/(<div class=\"ep-source cDGray\">(.*?)<\\/div>)/is\r\n', '', '');
INSERT INTO `y_spider_setting` VALUES ('2', 'csdn互联网新闻', 'http://blog.csdn.net/web/newest.html', 'UTF-8', 'UTF-8', 'div.main_center .blog_list', 'h1 a', '#article_content', 'http://blog.csdn.net/web/newest.html?&page=[PAGE_NUM]', '0', '2', '1', '', '', '');
INSERT INTO `y_spider_setting` VALUES ('3', '开源中国-php', 'http://www.oschina.net/code/list?lang=php&catalog=&show=time', 'UTF-8', 'UTF-8', 'div.code_list ul li', 'h3.code_title a', 'div.Body', 'http://www.oschina.net/code/list?lang=php&catalog=&show=time&sort=&p=[PAGE_NUM]', '2', '2', '1', '', '', '');
INSERT INTO `y_spider_setting` VALUES ('4', '唯美图片-意境', 'http://www.wmpic.me/tupian/yijing/', 'UTF-8', 'UTF-8', '#mainbox .item_list .item_box', 'div.inner_item_box h2 a', '#content .content-c', 'http://www.wmpic.me/tupian/yijing/page/[PAGE_NUM]', '3', '3', '2', '', '', '');
INSERT INTO `y_spider_setting` VALUES ('5', '非凡软件-应用软件', 'http://www.crsky.com/list/r_2_1.html', 'GB2312', 'GB2312', 'div.entry', 'h3 a', '#rom_des', 'http://www.crsky.com/list/r_2_[PAGE_NUM].html', '0', '1', '3', '', '.left p a img', '');
INSERT INTO `y_spider_setting` VALUES ('6', '爱奇艺 - 电影', 'http://list.iqiyi.com/www/1/----------------iqiyi--.html', 'UTF-8', 'UTF-8', '.wrapper-piclist ul li', 'p.site-piclist_info_title a', '#datainfo-desc-text', 'http://list.iqiyi.com/www/1/-------------11-[PAGE_NUM]-1-iqiyi--.html', '0', '1', '4', '', '', '.site-piclist_pic a img');

-- ----------------------------
-- Table structure for `y_spider_soft_content`
-- ----------------------------
DROP TABLE IF EXISTS `y_spider_soft_content`;
CREATE TABLE `y_spider_soft_content` (
  `list_id` int(10) unsigned NOT NULL COMMENT '列表id',
  `soft_img` varchar(100) NOT NULL DEFAULT '' COMMENT '软件图片',
  `soft_icon` varchar(100) NOT NULL DEFAULT '' COMMENT '软件图标',
  `content` text NOT NULL COMMENT '详细内容',
  PRIMARY KEY (`list_id`)
) ENGINE=InnoDB DEFAULT CHARSET=utf8 COMMENT='采集软件内容数据表';

-- ----------------------------
-- Records of y_spider_soft_content
-- ----------------------------

-- ----------------------------
-- Table structure for `y_spider_soft_list`
-- ----------------------------
DROP TABLE IF EXISTS `y_spider_soft_list`;
CREATE TABLE `y_spider_soft_list` (
  `id` int(10) unsigned NOT NULL AUTO_INCREMENT,
  `site_id` int(10) unsigned NOT NULL DEFAULT '0' COMMENT '站点id',
  `url` varchar(100) NOT NULL DEFAULT '' COMMENT '详情页地址',
  `title` varchar(100) NOT NULL DEFAULT '' COMMENT '标题',
  `status` tinyint(2) unsigned NOT NULL DEFAULT '0' COMMENT '状态 0 - 内容未采集  1-内容已采集 2-数据已导入',
  PRIMARY KEY (`id`),
  UNIQUE KEY `unique_index` (`url`)
) ENGINE=InnoDB DEFAULT CHARSET=utf8 COMMENT='采集软件列表数据表';

-- ----------------------------
-- Records of y_spider_soft_list
-- ----------------------------

-- ----------------------------
-- Table structure for `y_spider_video_content`
-- ----------------------------
DROP TABLE IF EXISTS `y_spider_video_content`;
CREATE TABLE `y_spider_video_content` (
  `list_id` int(10) unsigned NOT NULL COMMENT '列表id',
  `cover_img` varchar(100) NOT NULL DEFAULT '' COMMENT '视频封面',
  `content` text NOT NULL COMMENT '详细内容',
  PRIMARY KEY (`list_id`)
) ENGINE=InnoDB DEFAULT CHARSET=utf8 COMMENT='采集视频内容数据表';

-- ----------------------------
-- Records of y_spider_video_content
-- ----------------------------

-- ----------------------------
-- Table structure for `y_spider_video_list`
-- ----------------------------
DROP TABLE IF EXISTS `y_spider_video_list`;
CREATE TABLE `y_spider_video_list` (
  `id` int(10) unsigned NOT NULL AUTO_INCREMENT,
  `site_id` int(10) unsigned NOT NULL DEFAULT '0' COMMENT '站点id',
  `url` varchar(100) NOT NULL DEFAULT '' COMMENT '详情页地址',
  `title` varchar(100) NOT NULL DEFAULT '' COMMENT '标题',
  `status` tinyint(2) unsigned NOT NULL DEFAULT '0' COMMENT '状态 0 - 内容未采集  1-内容已采集 2-数据已导入',
  PRIMARY KEY (`id`),
  UNIQUE KEY `unique_index` (`url`)
) ENGINE=InnoDB AUTO_INCREMENT=2 DEFAULT CHARSET=utf8 COMMENT='采集视频列表数据表';

-- ----------------------------
-- Records of y_spider_video_list
-- ----------------------------
INSERT INTO `y_spider_video_list` VALUES ('1', '6', 'http://www.iqiyi.com/v_19rre19on4.html#vfrm=2-4-0-1', '战狼2', '0');

-- ----------------------------
-- Table structure for `y_tag`
-- ----------------------------
DROP TABLE IF EXISTS `y_tag`;
CREATE TABLE `y_tag` (
  `id` int(10) NOT NULL AUTO_INCREMENT,
  `tag_name` varchar(100) NOT NULL COMMENT 'tag名称',
  `data_count` int(10) unsigned NOT NULL DEFAULT '0' COMMENT '数据总数',
  PRIMARY KEY (`id`),
  KEY `data_count` (`data_count`)
) ENGINE=InnoDB AUTO_INCREMENT=108 DEFAULT CHARSET=utf8 COMMENT='新闻标签';

-- ----------------------------
-- Records of y_tag
-- ----------------------------
INSERT INTO `y_tag` VALUES ('77', 'web', '5');
INSERT INTO `y_tag` VALUES ('78', 'yii', '1');
INSERT INTO `y_tag` VALUES ('79', 'php', '6');
INSERT INTO `y_tag` VALUES ('80', 'js', '1');
INSERT INTO `y_tag` VALUES ('81', 'jquery', '2');
INSERT INTO `y_tag` VALUES ('82', 'mysql', '4');
INSERT INTO `y_tag` VALUES ('83', 'html', '3');
INSERT INTO `y_tag` VALUES ('84', 'sql', '4');
INSERT INTO `y_tag` VALUES ('85', 'apache', '1');
INSERT INTO `y_tag` VALUES ('86', 'nginx', '1');
INSERT INTO `y_tag` VALUES ('98', '手册', '7');
INSERT INTO `y_tag` VALUES ('99', 'w3c', '1');
INSERT INTO `y_tag` VALUES ('104', 'redis', '1');
INSERT INTO `y_tag` VALUES ('106', '指南', '2');
INSERT INTO `y_tag` VALUES ('107', 'myisam', '1');

-- ----------------------------
-- Table structure for `y_tag_data`
-- ----------------------------
DROP TABLE IF EXISTS `y_tag_data`;
CREATE TABLE `y_tag_data` (
  `tag_id` int(10) unsigned NOT NULL DEFAULT '0',
  `content_id` int(10) unsigned NOT NULL DEFAULT '0',
  `type` tinyint(3) unsigned DEFAULT '1' COMMENT '栏目类型',
  `status` enum('Y','N') DEFAULT 'Y' COMMENT '是否显示',
  PRIMARY KEY (`tag_id`,`content_id`)
) ENGINE=InnoDB DEFAULT CHARSET=utf8 COMMENT='内容标签关联表';

-- ----------------------------
-- Records of y_tag_data
-- ----------------------------
INSERT INTO `y_tag_data` VALUES ('77', '16', '3', 'Y');
INSERT INTO `y_tag_data` VALUES ('77', '29', '1', 'Y');
INSERT INTO `y_tag_data` VALUES ('77', '31', '1', 'Y');
INSERT INTO `y_tag_data` VALUES ('77', '34', '1', 'Y');
INSERT INTO `y_tag_data` VALUES ('77', '35', '1', 'Y');
INSERT INTO `y_tag_data` VALUES ('78', '7', '3', 'Y');
INSERT INTO `y_tag_data` VALUES ('78', '8', '3', 'Y');
INSERT INTO `y_tag_data` VALUES ('78', '9', '3', 'Y');
INSERT INTO `y_tag_data` VALUES ('78', '10', '3', 'Y');
INSERT INTO `y_tag_data` VALUES ('78', '11', '3', 'Y');
INSERT INTO `y_tag_data` VALUES ('78', '29', '1', 'Y');
INSERT INTO `y_tag_data` VALUES ('79', '6', '3', 'Y');
INSERT INTO `y_tag_data` VALUES ('79', '7', '3', 'Y');
INSERT INTO `y_tag_data` VALUES ('79', '8', '3', 'Y');
INSERT INTO `y_tag_data` VALUES ('79', '9', '3', 'Y');
INSERT INTO `y_tag_data` VALUES ('79', '10', '3', 'Y');
INSERT INTO `y_tag_data` VALUES ('79', '11', '3', 'Y');
INSERT INTO `y_tag_data` VALUES ('79', '15', '3', 'Y');
INSERT INTO `y_tag_data` VALUES ('79', '29', '1', 'Y');
INSERT INTO `y_tag_data` VALUES ('79', '30', '1', 'Y');
INSERT INTO `y_tag_data` VALUES ('79', '31', '1', 'Y');
INSERT INTO `y_tag_data` VALUES ('79', '35', '1', 'Y');
INSERT INTO `y_tag_data` VALUES ('80', '15', '3', 'Y');
INSERT INTO `y_tag_data` VALUES ('80', '30', '1', 'Y');
INSERT INTO `y_tag_data` VALUES ('81', '7', '3', 'Y');
INSERT INTO `y_tag_data` VALUES ('81', '8', '3', 'Y');
INSERT INTO `y_tag_data` VALUES ('81', '9', '3', 'Y');
INSERT INTO `y_tag_data` VALUES ('81', '10', '3', 'Y');
INSERT INTO `y_tag_data` VALUES ('81', '11', '3', 'Y');
INSERT INTO `y_tag_data` VALUES ('81', '30', '1', 'Y');
INSERT INTO `y_tag_data` VALUES ('82', '15', '3', 'Y');
INSERT INTO `y_tag_data` VALUES ('82', '29', '1', 'Y');
INSERT INTO `y_tag_data` VALUES ('82', '31', '1', 'Y');
INSERT INTO `y_tag_data` VALUES ('82', '34', '1', 'Y');
INSERT INTO `y_tag_data` VALUES ('82', '35', '1', 'Y');
INSERT INTO `y_tag_data` VALUES ('83', '9', '3', 'Y');
INSERT INTO `y_tag_data` VALUES ('83', '15', '3', 'Y');
INSERT INTO `y_tag_data` VALUES ('83', '31', '1', 'Y');
INSERT INTO `y_tag_data` VALUES ('83', '32', '1', 'Y');
INSERT INTO `y_tag_data` VALUES ('83', '33', '1', 'Y');
INSERT INTO `y_tag_data` VALUES ('84', '15', '3', 'Y');
INSERT INTO `y_tag_data` VALUES ('84', '29', '1', 'Y');
INSERT INTO `y_tag_data` VALUES ('84', '31', '1', 'Y');
INSERT INTO `y_tag_data` VALUES ('84', '34', '1', 'Y');
INSERT INTO `y_tag_data` VALUES ('84', '35', '1', 'Y');
INSERT INTO `y_tag_data` VALUES ('85', '9', '3', 'Y');
INSERT INTO `y_tag_data` VALUES ('85', '29', '1', 'Y');
INSERT INTO `y_tag_data` VALUES ('85', '31', '1', 'Y');
INSERT INTO `y_tag_data` VALUES ('86', '32', '1', 'Y');
INSERT INTO `y_tag_data` VALUES ('87', '29', '1', 'Y');
INSERT INTO `y_tag_data` VALUES ('88', '7', '3', 'Y');
INSERT INTO `y_tag_data` VALUES ('88', '8', '3', 'Y');
INSERT INTO `y_tag_data` VALUES ('88', '9', '3', 'Y');
INSERT INTO `y_tag_data` VALUES ('88', '10', '3', 'Y');
INSERT INTO `y_tag_data` VALUES ('88', '11', '3', 'Y');
INSERT INTO `y_tag_data` VALUES ('88', '29', '1', 'Y');
INSERT INTO `y_tag_data` VALUES ('95', '7', '3', 'Y');
INSERT INTO `y_tag_data` VALUES ('95', '8', '3', 'Y');
INSERT INTO `y_tag_data` VALUES ('95', '9', '3', 'Y');
INSERT INTO `y_tag_data` VALUES ('95', '10', '3', 'Y');
INSERT INTO `y_tag_data` VALUES ('95', '11', '3', 'Y');
INSERT INTO `y_tag_data` VALUES ('95', '29', '1', 'Y');
INSERT INTO `y_tag_data` VALUES ('107', '35', '1', 'Y');

-- ----------------------------
-- Table structure for `y_user`
-- ----------------------------
DROP TABLE IF EXISTS `y_user`;
CREATE TABLE `y_user` (
  `uid` int(10) unsigned NOT NULL AUTO_INCREMENT,
  `username` varchar(100) NOT NULL,
  `password` varchar(100) NOT NULL,
  `email` varchar(100) NOT NULL,
  `groupid` int(10) unsigned DEFAULT '1' COMMENT '用户组id',
  `status` tinyint(2) DEFAULT '1' COMMENT '-1待审核 0 -禁用  1-通过',
  `addtime` int(10) DEFAULT NULL COMMENT '注册时间',
  `avatar` varchar(100) DEFAULT NULL COMMENT '头像',
  `nickname` varchar(50) DEFAULT NULL COMMENT '昵称',
  `sign` varchar(100) DEFAULT NULL COMMENT '个性签名',
  `web` varchar(100) DEFAULT NULL,
  `mobile` varchar(11) DEFAULT NULL COMMENT '手机号码',
  `qq` varchar(11) DEFAULT NULL COMMENT 'qq号码',
  `register_ip` varchar(15) DEFAULT '0.0.0.0' COMMENT '注册ip',
  `last_login_ip` varchar(15) DEFAULT '0.0.0.0' COMMENT '上次登录ip',
  `logins` int(10) unsigned DEFAULT '0' COMMENT '登录次数',
  `username_editable` enum('Y','N') DEFAULT 'N' COMMENT '用户名是否可编辑',
  PRIMARY KEY (`uid`),
  UNIQUE KEY `username` (`username`)
) ENGINE=InnoDB AUTO_INCREMENT=67 DEFAULT CHARSET=utf8 DELAY_KEY_WRITE=1 COMMENT='用户表';

-- ----------------------------
-- Records of y_user
-- ----------------------------
INSERT INTO `y_user` VALUES ('1', 'yiifcms', '946057417ad3aa038635c4b27db5a87b', '', '10', '1', '1510037672', null, null, null, null, null, null, '127.0.0.1', '0.0.0.0', '0', 'N');
INSERT INTO `y_user` VALUES ('66', '喜之狼_qq', '$2a$08$RtjwipYrvgSuHKvBhN.rEOPSiUDqkaPJgiGDJrB0z/xO/.G6hXV52', '', '1', '1', '1411172114', 'uploads/avatar/201409/small_66_ea4ff4dff47.jpeg', '', '', '', '', '', '0.0.0.0', '114.97.117.208', '1', 'Y');

-- ----------------------------
-- Table structure for `y_user_group`
-- ----------------------------
DROP TABLE IF EXISTS `y_user_group`;
CREATE TABLE `y_user_group` (
  `id` int(10) unsigned NOT NULL AUTO_INCREMENT,
  `group_name` varchar(30) NOT NULL DEFAULT '' COMMENT '用户组名称',
  `acl` text NOT NULL COMMENT '权限控制',
  PRIMARY KEY (`id`)
) ENGINE=InnoDB AUTO_INCREMENT=11 DEFAULT CHARSET=utf8 COMMENT='用户组';

-- ----------------------------
-- Records of y_user_group
-- ----------------------------
INSERT INTO `y_user_group` VALUES ('1', '普通用户', '');
INSERT INTO `y_user_group` VALUES ('2', 'VIP①用户', '');
INSERT INTO `y_user_group` VALUES ('3', 'VIP②用户', '');
INSERT INTO `y_user_group` VALUES ('4', 'VIP④用户', '');
INSERT INTO `y_user_group` VALUES ('5', 'VIP⑤用户', '');
INSERT INTO `y_user_group` VALUES ('6', 'VIP⑥用户', '');
INSERT INTO `y_user_group` VALUES ('7', 'VIP⑦用户', '');
INSERT INTO `y_user_group` VALUES ('8', 'VIP⑧用户', '');
INSERT INTO `y_user_group` VALUES ('9', '网站编辑', 'default|login,catalog|index,menu|index,special|index,post|index,album|index,soft|index,video|index,goods|index,page|index,comment|index,reply|index,tag|index,recommendPosition|index,user|index,question|index,link|index,adPosition|index,ad|index,attach|index,modeltype|index,database|index,cache|index,maillog|index,oAuth|index');
INSERT INTO `y_user_group` VALUES ('10', '系统管理员', 'Administrator');

-- ----------------------------
-- Table structure for `y_video`
-- ----------------------------
DROP TABLE IF EXISTS `y_video`;
CREATE TABLE `y_video` (
  `id` mediumint(8) unsigned NOT NULL AUTO_INCREMENT,
  `title` varchar(100) NOT NULL DEFAULT '' COMMENT '视频名称',
  `catalog_id` smallint(5) unsigned NOT NULL DEFAULT '0' COMMENT '分类id ',
  `cover_image` varchar(100) NOT NULL DEFAULT '' COMMENT '封面图片',
  `language` varchar(10) NOT NULL DEFAULT '' COMMENT '视频语言',
  `video_type` varchar(10) NOT NULL DEFAULT '' COMMENT '视频类型',
  `video_score` decimal(3,1) unsigned NOT NULL DEFAULT '0.0' COMMENT '视频评分',
  `video_size` varchar(10) NOT NULL DEFAULT '' COMMENT '视频大小',
  `download` varchar(100) NOT NULL DEFAULT '' COMMENT '下载链接',
  `update_time` int(10) unsigned NOT NULL DEFAULT '0' COMMENT '最近更新时间',
  `create_time` int(10) unsigned NOT NULL DEFAULT '0' COMMENT '发布时间',
  `view_count` smallint(8) unsigned NOT NULL DEFAULT '0' COMMENT '观看次数',
  `down_count` smallint(8) unsigned NOT NULL DEFAULT '0' COMMENT '下载次数',
  `reply_count` int(10) unsigned NOT NULL DEFAULT '0' COMMENT '评论次数',
  `voted` varchar(100) NOT NULL DEFAULT '' COMMENT '投票结果',
  `status` enum('Y','N') NOT NULL DEFAULT 'Y' COMMENT '是否显示',
  `tags` varchar(100) NOT NULL DEFAULT '' COMMENT '标签',
  PRIMARY KEY (`id`)
) ENGINE=InnoDB AUTO_INCREMENT=31 DEFAULT CHARSET=utf8 COMMENT='视频管理表';

-- ----------------------------
-- Records of y_video
-- ----------------------------
INSERT INTO `y_video` VALUES ('1', '前任2：备胎反击战', '16', 'upload/spider/201601/36efb7b2c67.jpg', '', '', '0.0', '', 'http://www.iqiyi.com/v_19rrkih1u4.html#vfrm=2-4-0-1', '1454063258', '1454063258', '0', '0', '0', '', 'Y', '');
INSERT INTO `y_video` VALUES ('2', '爱夜蒲之备胎上位', '16', 'upload/spider/201601/be68e449de2.jpg', '', '', '0.0', '', 'http://www.iqiyi.com/v_19rrl489o8.html#vfrm=2-4-0-1', '1454063258', '1454063258', '0', '0', '0', '', 'Y', '');
INSERT INTO `y_video` VALUES ('3', '半夜叫你别回头', '16', 'upload/spider/201601/4e951bb50fb.jpg', '', '', '0.0', '', 'http://www.iqiyi.com/v_19rrkbbk3w.html#vfrm=2-4-0-1', '1454063258', '1454063258', '0', '0', '0', '', 'Y', '');
INSERT INTO `y_video` VALUES ('4', '功夫熊猫', '16', 'upload/spider/201601/1c9465653e3.jpg', '', '', '0.0', '', 'http://www.iqiyi.com/v_19rrnppf4o.html#vfrm=2-4-0-1', '1454063258', '1454063258', '0', '0', '0', '', 'Y', '');
INSERT INTO `y_video` VALUES ('5', '从天儿降', '16', 'upload/spider/201601/de975bb1a7a.jpg', '', '', '0.0', '', 'http://www.iqiyi.com/v_19rrkggkio.html#vfrm=2-4-0-1', '1454063258', '1454063258', '0', '0', '0', '', 'Y', '');
INSERT INTO `y_video` VALUES ('6', '滚蛋吧！肿瘤君', '16', 'upload/spider/201601/71128e2abbb.jpg', '', '', '0.0', '', 'http://www.iqiyi.com/v_19rrkmkqsw.html#vfrm=2-4-0-1', '1454063258', '1454063258', '0', '0', '0', '', 'Y', '');
INSERT INTO `y_video` VALUES ('7', '道士下山', '16', 'upload/spider/201601/855a71a994f.jpg', '', '', '0.0', '', 'http://www.iqiyi.com/v_19rrntfzyc.html#vfrm=2-4-0-1', '1454063258', '1454063258', '0', '0', '0', '', 'Y', '');
INSERT INTO `y_video` VALUES ('8', '道士出山2伏魔军团', '16', 'upload/spider/201601/bf4114f5c36.jpg', '', '', '0.0', '', 'http://www.iqiyi.com/v_19rroie3w0.html#vfrm=2-4-0-1', '1454063258', '1454063258', '0', '0', '0', '', 'Y', '');
INSERT INTO `y_video` VALUES ('9', '栀子花开', '16', 'upload/spider/201601/d0bdb94a08b.jpg', '', '', '0.0', '', 'http://www.iqiyi.com/v_19rro9skv8.html#vfrm=2-4-0-1', '1454063258', '1454063258', '0', '0', '0', '', 'Y', '');
INSERT INTO `y_video` VALUES ('10', '澳门风云2', '16', 'upload/spider/201601/ee6dc378501.jpg', '', '', '0.0', '', 'http://www.iqiyi.com/v_19rro2q4mg.html#vfrm=2-4-0-1', '1454063258', '1454063258', '0', '0', '0', '', 'Y', '');
INSERT INTO `y_video` VALUES ('11', '黑猫警长之翡翠之星', '16', 'upload/spider/201601/eabfa2752f0.jpg', '', '', '0.0', '', 'http://www.iqiyi.com/v_19rrkngon8.html#vfrm=2-4-0-1', '1454063258', '1454063258', '0', '0', '0', '', 'Y', '');
INSERT INTO `y_video` VALUES ('12', '僵尸先生', '16', 'upload/spider/201601/7e8aa56df3c.jpg', '', '', '0.0', '', 'http://www.iqiyi.com/dianying/20110414/6068bed86feb47ed.html#vfrm=2-4-0-1', '1454063258', '1454063258', '1', '0', '0', '', 'Y', '');
INSERT INTO `y_video` VALUES ('13', '不可思异', '16', 'upload/spider/201601/fdf0bbd7e9c.jpg', '', '', '0.0', '', 'http://www.iqiyi.com/v_19rrkfn42s.html#vfrm=2-4-0-1', '1454063258', '1454063258', '0', '0', '0', '', 'Y', '');
INSERT INTO `y_video` VALUES ('14', '奔跑吧！兄弟', '16', 'upload/spider/201601/c4d349f29c4.jpg', '', '', '0.0', '', 'http://www.iqiyi.com/v_19rrny8yd4.html#vfrm=2-4-0-1', '1454063258', '1454063258', '0', '0', '0', '', 'Y', '');
INSERT INTO `y_video` VALUES ('15', '功夫熊猫2', '16', 'upload/spider/201601/cde5f7a208f.jpg', '', '', '0.0', '', 'http://www.iqiyi.com/dianying/20120417/ecd3d9bb184c399f.html#vfrm=2-4-0-1', '1454063258', '1454063258', '0', '0', '0', '', 'Y', '');
INSERT INTO `y_video` VALUES ('16', '僵尸先生2', '16', 'upload/spider/201601/0318f57e70a.jpg', '', '', '0.0', '', 'http://www.iqiyi.com/v_19rrho7fvc.html#vfrm=2-4-0-1', '1454063258', '1454063258', '0', '0', '0', '', 'Y', '');
INSERT INTO `y_video` VALUES ('17', '道士出山3外星古墓（下）', '16', 'upload/spider/201601/1604f19e0b0.jpg', '', '', '0.0', '', 'http://www.iqiyi.com/v_19rrkhr33w.html#vfrm=2-4-0-1', '1454063258', '1454063258', '0', '0', '0', '', 'Y', '');
INSERT INTO `y_video` VALUES ('18', '煎饼侠', '16', 'upload/spider/201601/3556b58fea1.jpg', '', '', '0.0', '', 'http://www.iqiyi.com/v_19rro8dev0.html#vfrm=2-4-0-1', '1454063258', '1454063258', '1', '0', '0', '', 'Y', '');
INSERT INTO `y_video` VALUES ('19', '我是证人', '16', 'upload/spider/201601/4ab47b364b6.jpg', '', '', '0.0', '', 'http://www.iqiyi.com/v_19rrk9p9uo.html#vfrm=2-4-0-1', '1454063258', '1454063258', '0', '0', '0', '', 'Y', '');
INSERT INTO `y_video` VALUES ('20', '四平青年3偷天换日', '16', 'upload/spider/201601/49154fedc0c.jpg', '', '', '0.0', '', 'http://www.iqiyi.com/v_19rrl6dbzc.html#vfrm=2-4-0-1', '1454063258', '1454063258', '0', '0', '0', '', 'Y', '');
INSERT INTO `y_video` VALUES ('21', '港囧', '16', 'upload/spider/201601/f3392d4a311.jpg', '', '', '0.0', '', 'http://www.iqiyi.com/v_19rrkbsxa4.html#vfrm=2-4-0-1', '1454063282', '1454063282', '0', '0', '0', '', 'Y', '');
INSERT INTO `y_video` VALUES ('22', '新娘大作战', '16', 'upload/spider/201601/fd2190fc8fb.jpg', '', '', '0.0', '', 'http://www.iqiyi.com/v_19rrkltfq0.html#vfrm=2-4-0-1', '1454063282', '1454063282', '0', '0', '0', '', 'Y', '');
INSERT INTO `y_video` VALUES ('23', '我的少女时代', '16', 'upload/spider/201601/c577399054b.jpg', '', '', '0.0', '', 'http://www.iqiyi.com/v_19rrkib984.html#vfrm=2-4-0-1', '1454063282', '1454063282', '4', '0', '0', '', 'Y', '');
INSERT INTO `y_video` VALUES ('24', '怦然星动', '16', 'upload/spider/201601/d0cdbab442b.jpg', '', '', '0.0', '', 'http://www.iqiyi.com/v_19rrkfltns.html#vfrm=2-4-0-1', '1454063282', '1454063282', '0', '0', '0', '', 'Y', '');
INSERT INTO `y_video` VALUES ('25', '一念天堂', '16', 'upload/spider/201601/501983288af.jpg', '', '', '0.0', '', 'http://www.iqiyi.com/v_19rrlcgb4w.html#vfrm=2-4-0-1', '1454063282', '1454063282', '2', '0', '0', '', 'Y', '');
INSERT INTO `y_video` VALUES ('26', '夏洛特烦恼', '16', 'upload/spider/201601/c620a48d938.jpg', '', '', '0.0', '', 'http://www.iqiyi.com/v_19rrkbqj9o.html#vfrm=2-4-0-1', '1454063282', '1454063282', '1', '0', '0', '', 'Y', '');
INSERT INTO `y_video` VALUES ('27', '捉妖记', '16', 'upload/spider/201601/114f63e2fd6.jpg', '', '', '0.0', '', 'http://www.iqiyi.com/v_19rrnr18nc.html#vfrm=2-4-0-1', '1454063282', '1454063282', '0', '0', '0', '', 'Y', '');
INSERT INTO `y_video` VALUES ('28', '西游记之大圣归来', '16', 'upload/spider/201601/2eb9ae30896.jpg', '', '', '0.0', '', 'http://www.iqiyi.com/v_19rrokztzc.html#vfrm=2-4-0-1', '1454063282', '1454063282', '3', '0', '0', '', 'Y', '');
INSERT INTO `y_video` VALUES ('29', '熊出没之夺宝熊兵', '16', 'upload/spider/201601/b36d06dc08a.jpg', '', '', '0.0', '', 'http://www.iqiyi.com/v_19rrh5zbfo.html#vfrm=2-4-0-1', '1454063282', '1454063282', '3', '0', '0', '', 'Y', '');
INSERT INTO `y_video` VALUES ('30', '万万没想到', '16', 'upload/spider/201601/2ae96e38daf.jpg', '', '', '0.0', '', 'http://www.iqiyi.com/v_19rrl52i1c.html#vfrm=2-4-0-1', '1454063282', '1454063282', '3', '0', '0', '', 'Y', '');

-- ----------------------------
-- Table structure for `y_video_content`
-- ----------------------------
DROP TABLE IF EXISTS `y_video_content`;
CREATE TABLE `y_video_content` (
  `video_id` mediumint(8) unsigned NOT NULL DEFAULT '0' COMMENT '视频id',
  `video_file` varchar(255) NOT NULL DEFAULT '' COMMENT '视频文件路径',
  `introduce` varchar(200) NOT NULL DEFAULT '' COMMENT '视频简介',
  `content` text NOT NULL COMMENT '内容',
  `seo_title` varchar(100) NOT NULL DEFAULT '' COMMENT 'SEO标题',
  `seo_keywords` varchar(100) NOT NULL DEFAULT '' COMMENT 'SEO关键字',
  `seo_description` varchar(200) NOT NULL DEFAULT '' COMMENT 'SEO描述',
  PRIMARY KEY (`video_id`)
) ENGINE=InnoDB DEFAULT CHARSET=utf8 COMMENT='视频内容表';

-- ----------------------------
-- Records of y_video_content
-- ----------------------------
INSERT INTO `y_video_content` VALUES ('1', '', '', '节目编导伊泽在工作中重遇多年前有过一次邂逅的明星余飞，两人的再度邂逅让伊泽如入梦..', '', '', '');
INSERT INTO `y_video_content` VALUES ('2', '', '', '本片讲述了王修泽饰演的“夜店小王子”莫雷，典型的高富帅，身边从来不乏各色美女，然..', '', '', '');
INSERT INTO `y_video_content` VALUES ('3', '', '', '民间古谚传言：“凡人双肩有阳灯，阳灯护体鬼难侵，半夜回头灯易灭，阳灯一灭命难寻”..', '', '', '');
INSERT INTO `y_video_content` VALUES ('4', '', '', '故事讲述好食懒做的熊猫阿宝，一直醉心中国功夫，一次误打误撞竟然被认定为传说中的武..', '', '', '');
INSERT INTO `y_video_content` VALUES ('5', '', '', '辰默与墨涵、乐意与鹿米嘉是两对恋人，彼此也是密友，四个年轻人共住在一栋公寓里像长..', '', '', '');
INSERT INTO `y_video_content` VALUES ('6', '', '', '即将迎来29岁生日的青年漫画家熊顿，却接二连三遭遇了常人难以想象的打击。工作被炒，..', '', '', '');
INSERT INTO `y_video_content` VALUES ('7', '', '', '不谙世事的小道士，因为闹粮荒离开道观下了山，一脚踏入了光怪陆离的万丈红尘之中，他..', '', '', '');
INSERT INTO `y_video_content` VALUES ('8', '', '', '茅山道士阴十三和胖子发现自己在“茅山术吧”里的成员越来越少，大家一窝蜂地加入了“..', '', '', '');
INSERT INTO `y_video_content` VALUES ('9', '', '', '许诺和言蹊是大学校园里一对令人艳羡的情侣。许诺作为校内闻名的栀子花乐队的主唱和队..', '', '', '');
INSERT INTO `y_video_content` VALUES ('10', '', '', '曾经名贯国际赌坦的赌侠“魔术手”石一坚，在半年前协助国际刑警摧毁洗钱集团DOA后便..', '', '', '');
INSERT INTO `y_video_content` VALUES ('11', '', '', '在一个电闪雷鸣的日子里，身陷囹圄的一只耳成功越狱，引起黑猫警长的高度重视。次日一..', '', '', '');
INSERT INTO `y_video_content` VALUES ('12', '', '', '富贵乡绅任发先父当年威逼利诱求得一块风水宝地，经风水先生指点，其父下葬二十年后起..', '', '', '');
INSERT INTO `y_video_content` VALUES ('13', '', '', '人生、事业低谷的唐立果在消沉与悔恨中度日。某日，开普勒星球的“外星生物”为了采集..', '', '', '');
INSERT INTO `y_video_content` VALUES ('14', '', '', '有这样一个传说，很久很久以前，雨林在孔雀公主的庇护下，生活着虎人和鹿人两个部落，..', '', '', '');
INSERT INTO `y_video_content` VALUES ('15', '', '', '终于当上了“神龙大侠”的熊猫阿宝可谓过上了梦想中的日子，他和师傅以及盖世五侠——..', '', '', '');
INSERT INTO `y_video_content` VALUES ('16', '', '', '黑市古董商峒煌带同两徒弟寻找古物，/三人大意触及机关，打开封闭密室，发现三具僵尸，..', '', '', '');
INSERT INTO `y_video_content` VALUES ('17', '', '', '胡杨镇，阴十三在武艺高强的玲珑帮助下，终于收服了吸取男人阳气的狐妖，得到了县令的..', '', '', '');
INSERT INTO `y_video_content` VALUES ('18', '', '', '人气偶像大鹏遭遇了意外事件，令其跌入人生谷底，女友采洁也离他而去，只剩助理董成龙..', '', '', '');
INSERT INTO `y_video_content` VALUES ('19', '', '', '见习女警因自己的失误，亲眼目睹了弟弟的死亡，自己也双目失明。也许是失明刺激了其它..', '', '', '');
INSERT INTO `y_video_content` VALUES ('20', '', '', '李老八刑满出狱迷上了风水，对刘半仙尊敬有加。刘半仙劝说李老八凑齐三件古董为自己转..', '', '', '');
INSERT INTO `y_video_content` VALUES ('21', '', '', '徐来曾经的梦想是成为一名油画家，可如今他早已沦为理想炮灰，在一家大地内衣公司当小..', '', '', '');
INSERT INTO `y_video_content` VALUES ('22', '', '', '马丽和何静是从小相识的闺蜜。两人儿时在一个美丽的酒店参加了一场浪漫的婚礼，她们从..', '', '', '');
INSERT INTO `y_video_content` VALUES ('23', '', '', '成功白领林真心因被上司压迫、下属吐槽，陷入了少女时代的深深回忆。原来曾是平凡少女..', '', '', '');
INSERT INTO `y_video_content` VALUES ('24', '', '', '杨幂饰演的田心与李易峰饰演的苏星宇相识于微时，五年后两人已获事业成功，而田心却阴..', '', '', '');
INSERT INTO `y_video_content` VALUES ('25', '', '', '沈默以舞台作为自己的毕生梦想，他深入诈骗团伙逢场作戏只是为了找寻真相。他和搭档杜..', '', '', '');
INSERT INTO `y_video_content` VALUES ('26', '', '', '昔日校花秋雅的婚礼正在隆重举行，学生时代暗恋秋雅的夏洛看着周围事业成功的老同学，..', '', '', '');
INSERT INTO `y_video_content` VALUES ('27', '', '', '山雄伟，海辽阔，经奇幻。自古以来人妖共存于世，人欲主天下，妖遂被驱逐入山。其后历..', '', '', '');
INSERT INTO `y_video_content` VALUES ('28', '', '', '大闹天宫后四百年多年，齐天大圣成了一个传说，在山妖横行的长安城，孤儿江流儿与行脚..', '', '', '');
INSERT INTO `y_video_content` VALUES ('29', '', '', '　　一场漆黑雨夜的意外事故，一段笑料十足的误打误撞，将两个外表相似却内容各异的箱..', '', '', '');
INSERT INTO `y_video_content` VALUES ('30', '', '', '屌丝小妖王大锤，他生来便与常人不同，两耳尖尖，又有些小法力，总是自诩本地妖王。但..', '', '', '');
